drugs,smiles,labels,clean_smiles_pH
Secnidazole,CC(O)CN1C(C)=NC=C1N(=O)=O,True,Cc1ncc([N+](=O)[O-])n1CC(C)O
Prucalopride Succinate,OC(=O)CCC(O)=O.COCCCN1CCC(CC1)NC(=O)C1=CC(Cl)=C(N)C2=C1OCC2,True,COCCC[NH+]1CCC(NC(=O)c2cc(Cl)c(N)c3c2OCC3)CC1
Tecovirimat,[H][C@]12C[C@@]1([H])[C@@]1([H])C=C[C@]2([H])[C@]2([H])C(=O)N(NC(=O)C3=CC=C(C=C3)C(F)(F)F)C(=O)[C@]12[H],True,O=C(NN1C(=O)[C@@H]2[C@@H]3C=C[C@@H]([C@H]4C[C@@H]34)[C@@H]2C1=O)c1ccc(C(F)(F)F)cc1
Lofexidine Hydrochloride,Cl.CC(OC1=C(Cl)C=CC=C1Cl)C1=NCCN1,False,CC(Oc1c(Cl)cccc1Cl)C1=[NH+]CCN1
Ezetimibe,O[C@@H](CC[C@@H]1[C@H](N(C1=O)C1=CC=C(F)C=C1)C1=CC=C(O)C=C1)C1=CC=C(F)C=C1,True,O=C1[C@H](CC[C@H](O)c2ccc(F)cc2)[C@@H](c2ccc(O)cc2)N1c1ccc(F)cc1
Sulfasalazine,OC(=O)C1=C(O)C=CC(=C1)\N=N\C1=CC=C(C=C1)S(=O)(=O)NC1=CC=CC=N1,True,O=C([O-])c1cc(/N=N/c2ccc(S(=O)(=O)Nc3ccccn3)cc2)ccc1O
Caffeine Citrate,OC(=O)CC(O)(CC(O)=O)C(O)=O.CN1C=NC2=C1C(=O)N(C)C(=O)N2C,True,Cn1c(=O)c2c(ncn2C)n(C)c1=O
Clotrimazole,C1=CC=C(C=C1)C(C2=CC=CC=C2)(C3=CC=CC=C3Cl)N4C=CN=C4,True,Clc1ccccc1C(c1ccccc1)(c1ccccc1)n1ccnc1
Cyclosporine,CC[C@@H]1NC(=O)[C@H]([C@H](O)[C@H](C)C\C=C\C)N(C)C(=O)[C@H](C(C)C)N(C)C(=O)[C@H](CC(C)C)N(C)C(=O)[C@H](CC(C)C)N(C)C(=O)[C@@H](C)NC(=O)[C@H](C)NC(=O)[C@H](CC(C)C)N(C)C(=O)[C@@H](NC(=O)[C@H](CC(C)C)N(C)C(=O)CN(C)C1=O)C(C)C,True,C/C=C/C[C@@H](C)[C@@H](O)[C@H]1C(=O)N[C@@H](CC)C(=O)N(C)CC(=O)N(C)[C@@H](CC(C)C)C(=O)N[C@@H](C(C)C)C(=O)N(C)[C@@H](CC(C)C)C(=O)N[C@@H](C)C(=O)N[C@H](C)C(=O)N(C)[C@@H](CC(C)C)C(=O)N(C)[C@@H](CC(C)C)C(=O)N(C)[C@@H](C(C)C)C(=O)N1C
Digoxin,[H][C@]12CC[C@]3([H])[C@]([H])(C[C@@H](O)[C@]4(C)[C@H](CC[C@]34O)C3=CC(=O)OC3)[C@@]1(C)CC[C@@H](C2)O[C@H]1C[C@H](O)[C@H](O[C@H]2C[C@H](O)[C@H](O[C@H]3C[C@H](O)[C@H](O)[C@@H](C)O3)[C@@H](C)O2)[C@@H](C)O1,True,C[C@H]1O[C@@H](O[C@H]2[C@@H](O)C[C@H](O[C@H]3[C@@H](O)C[C@H](O[C@H]4CC[C@@]5(C)[C@H](CC[C@@H]6[C@@H]5C[C@@H](O)[C@]5(C)[C@@H](C7=CC(=O)OC7)CC[C@]65O)C4)O[C@@H]3C)O[C@@H]2C)C[C@H](O)[C@@H]1O
Erythromycin,CC[C@@H]1[C@@]([C@@H]([C@H](C(=O)[C@@H](C[C@@]([C@@H]([C@H]([C@@H]([C@H](C(=O)O1)C)O[C@H]2C[C@@]([C@H]([C@@H](O2)C)O)(C)OC)C)O[C@H]3[C@@H]([C@H](C[C@H](O3)C)N(C)C)O)(C)O)C)C)O)(C)O,True,CC[C@H]1OC(=O)[C@H](C)[C@@H](O[C@H]2C[C@@](C)(OC)[C@@H](O)[C@H](C)O2)[C@H](C)[C@@H](O[C@@H]2O[C@H](C)C[C@H]([NH+](C)C)[C@H]2O)[C@](C)(O)C[C@@H](C)C(=O)[C@H](C)[C@@H](O)[C@]1(C)O
Etoposide,[H][C@@]12CO[C@@H](C)O[C@@]1([H])[C@H](O)[C@@H](O)[C@H](O[C@@H]1C3=C(C=C4OCOC4=C3)[C@@H](C3=CC(OC)=C(O)C(OC)=C3)[C@@]3([H])C(=O)OC[C@]13[H])O2,True,COc1cc([C@@H]2c3cc4c(cc3[C@@H](O[C@@H]3O[C@@H]5CO[C@@H](C)O[C@H]5[C@H](O)[C@H]3O)[C@H]3COC(=O)[C@H]23)OCO4)cc(OC)c1O
Gabapentin,NCC1(CCCCC1)CC(O)=O,True,[NH3+]CC1(CC(=O)[O-])CCCCC1
Chlorothiazide Sodium,[Na+].NS(=O)(=O)C1=CC2=C(C=C1Cl)N=C[N-]S2(=O)=O,True,NS(=O)(=O)c1cc2c(cc1Cl)N=C[N-]S2(=O)=O
Cimetidine,CN\C(NC#N)=N/CCSCC1=C(C)NC=N1,True,CN/C(=[NH+]\CCSCc1nc[nH]c1C)/NC#N
Itraconazole,CCC(C)N1N=CN(C1=O)C1=CC=C(C=C1)N1CCN(CC1)C1=CC=C(OCC2COC(CN3C=NC=N3)(O2)C2=CC=C(Cl)C=C2Cl)C=C1,True,CCC(C)n1ncn(c2ccc(N3CCN(c4ccc(OCC5COC(Cn6cncn6)(c6ccc(Cl)cc6Cl)O5)cc4)CC3)cc2)c1=O
Loxapine,CN1CCN(CC1)C1=NC2=CC=CC=C2OC2=CC=C(Cl)C=C12,True,C[NH+]1CCN(C2=[NH+]c3ccccc3Oc3ccc(Cl)cc23)CC1
Loxapine Hydrochloride,Cl.CN1CCN(CC1)C1=NC2=C(OC3=C1C=C(Cl)C=C3)C=CC=C2,True,C[NH+]1CCN(C2=[NH+]c3ccccc3Oc3ccc(Cl)cc23)CC1
Loxapine Succinate,OC(=O)CCC(O)=O.CN1CCN(CC1)C1=NC2=C(OC3=C1C=C(Cl)C=C3)C=CC=C2,True,C[NH+]1CCN(C2=[NH+]c3ccccc3Oc3ccc(Cl)cc23)CC1
Morphine Sulfate,O.OS(O)(=O)=O.[H][C@@]12C=C[C@H](O)[C@@H]3OC4=C(O)C=CC5=C4[C@]13CCN(C)[C@@H]2C5,True,C[NH+]1CC[C@]23c4c5ccc(O)c4O[C@H]2[C@@H](O)C=C[C@H]3[C@H]1C5
Furosemide,NS(=O)(=O)C1=C(Cl)C=C(NCC2=CC=CO2)C(=C1)C(O)=O,True,NS(=O)(=O)c1cc(C(=O)[O-])c(NCc2ccco2)cc1Cl
Ranitidine Hydrochloride,Cl.CN\C(NCCSCC1=CC=C(CN(C)C)O1)=C\N(=O)=O,True,CN/C(=C/[N+](=O)[O-])/NCCSCc1ccc(C[NH+](C)C)o1
Talazoparib Tosylate,CC1=CC=C(C=C1)S(O)(=O)=O.CN1N=CN=C1[C@@H]1[C@H](NC2=C3C(=CC(F)=C2)C(=O)NN=C13)C1=CC=C(F)C=C1,True,Cn1ncnc1[C@H]1c2n[nH]c(=O)c3cc(F)cc(c23)N[C@@H]1c1ccc(F)cc1
Atazanavir Sulfate,OS(O)(=O)=O.COC(=O)N[C@H](C(=O)N[C@@H](CC1=CC=CC=C1)[C@@H](O)CN(CC1=CC=C(C=C1)C1=NC=CC=C1)NC(=O)[C@@H](NC(=O)OC)C(C)(C)C)C(C)(C)C,True,COC(=O)N[C@H](C(=O)N[C@@H](Cc1ccccc1)[C@@H](O)CN(Cc1ccc(c2ccccn2)cc1)NC(=O)[C@@H](NC(=O)OC)C(C)(C)C)C(C)(C)C
Vinblastine Sulfate,OS(O)(=O)=O.[H][C@@]12N3CC[C@@]11C4=CC(=C(OC)C=C4N(C)[C@@]1([H])[C@](O)([C@H](OC(C)=O)[C@]2(CC)C=CC3)C(=O)OC)[C@]1(C[C@@H]2C[N@](CCC3=C1NC1=CC=CC=C31)C[C@](O)(CC)C2)C(=O)OC,True,CC[C@]1(O)C[C@H]2C[N@H+](CCc3c([nH]c4ccccc34)[C@@](C(=O)OC)(c3cc4c(cc3OC)N(C)[C@H]3[C@@](O)(C(=O)OC)[C@H](OC(=O)C)[C@]5(CC)C=CC[NH+]6CC[C@]43[C@H]56)C2)C1
Doravirine,CN1C(=O)NN=C1CN1C=CC(=C(OC2=CC(=CC(Cl)=C2)C#N)C1=O)C(F)(F)F,True,Cn1c(Cn2ccc(C(F)(F)F)c(Oc3cc(Cl)cc(C#N)c3)c2=O)n[nH]c1=O
Dexamethasone,C[C@@H]1C[C@H]2[C@@H]3CCC4=CC(=O)C=C[C@@]4([C@]3([C@H](C[C@@]2([C@]1(C(=O)CO)O)C)O)F)C,True,C[C@@H]1C[C@H]2[C@@H]3CCC4=CC(=O)C=C[C@]4(C)[C@@]3(F)[C@@H](O)C[C@]2(C)[C@@]1(O)C(=O)CO
Acetic Acid,CC(O)=O,True,CC(=O)[O-]
Benzbromarone,CCC1=C(C(=O)C2=CC(Br)=C(O)C(Br)=C2)C2=CC=CC=C2O1,False,CCc1oc2ccccc2c1C(=O)c1cc(Br)c(O)c(Br)c1
Verapamil Hydrochloride,Cl.COC1=CC=C(CCN(C)CCCC(C#N)(C(C)C)C2=CC=C(OC)C(OC)=C2)C=C1OC,True,COc1ccc(CC[NH+](C)CCCC(C#N)(c2ccc(OC)c(OC)c2)C(C)C)cc1OC
Pimozide,C1CN(CCC1N2C3=CC=CC=C3NC2=O)CCCC(C4=CC=C(C=C4)F)C5=CC=C(C=C5)F,True,O=c1[nH]c2ccccc2n1C1CC[NH+](CCCC(c2ccc(F)cc2)c2ccc(F)cc2)CC1
Terfenadine,CC(C)(C)C1=CC=C(C=C1)C(O)CCCN1CCC(CC1)C(O)(C1=CC=CC=C1)C1=CC=CC=C1,True,CC(C)(C)c1ccc(C(O)CCC[NH+]2CCC(C(O)(c3ccccc3)c3ccccc3)CC2)cc1
Eluxadoline,COC1=C(C=C(CN([C@@H](C)C2=NC(=CN2)C2=CC=CC=C2)C(=O)[C@@H](N)CC2=C(C)C=C(C=C2C)C(N)=O)C=C1)C(O)=O,True,COc1ccc(CN(C(=O)[C@@H]([NH3+])Cc2c(C)cc(C(=O)N)cc2C)[C@@H](C)c2nc(c3ccccc3)c[nH]2)cc1C(=O)[O-]
Levetiracetam,CC[C@H](N1CCCC1=O)C(N)=O,True,CC[C@@H](C(=O)N)N1CCCC1=O
Valproic Acid,CCCC(CCC)C(O)=O,True,CCCC(CCC)C(=O)[O-]
Colchicine,CC(=O)N[C@H]1CCC2=CC(=C(C(=C2C3=CC=C(C(=O)C=C13)OC)OC)OC)OC,True,COc1cc2c(-c3ccc(OC)c(=O)cc3[C@@H](NC(=O)C)CC2)c(OC)c1OC
Delafloxacin,CNC[C@H](O)[C@@H](O)[C@H](O)[C@H](O)CO.NC1=C(F)C=C(F)C(=N1)N1C=C(C(O)=O)C(=O)C2=CC(F)=C(N3CC(O)C3)C(Cl)=C12,True,Nc1nc(n2cc(C(=O)[O-])c(=O)c3cc(F)c(N4CC(O)C4)c(Cl)c23)c(F)cc1F
Atorvastatin Calcium,[Ca++].CC(C)C1=C(C(=O)NC2=CC=CC=C2)C(C2=CC=CC=C2)=C(N1CC[C@@H](O)C[C@@H](O)CC([O-])=O)C1=CC=C(F)C=C1,True,CC(C)c1c(C(=O)Nc2ccccc2)c(c2ccccc2)c(c2ccc(F)cc2)n1CC[C@@H](O)C[C@@H](O)CC(=O)[O-]
Dasatinib,CC1=NC(=CC(NC2=NC=C(S2)C(=O)NC2=C(Cl)C=CC=C2C)=N1)N1CCN(CCO)CC1,True,Cc1nc(Nc2ncc(C(=O)Nc3c(C)cccc3Cl)s2)cc(N2CC[NH+](CCO)CC2)n1
Fostemsavir Tromethamine,NC(CO)(CO)CO.COC1=CN=C(N2C=NC(C)=N2)C2=C1C(=CN2COP(O)(O)=O)C(=O)C(=O)N1CCN(CC1)C(=O)C1=CC=CC=C1,True,COc1cnc(n2cnc(C)n2)c2c1c(C(=O)C(=O)N1CCN(C(=O)c3ccccc3)CC1)cn2COP(=O)([O-])[O-]
Midazolam Hydrochloride,Cl.CC1=NC=C2CN=C(C3=CC=CC=C3F)C3=CC(Cl)=CC=C3N12,True,Cc1ncc2n1-c1ccc(Cl)cc1C(=NC2)c1ccccc1F
Quinidine Gluconate,OC[C@@H](O)[C@@H](O)[C@H](O)[C@@H](O)C(O)=O.[H][C@@]12CCN(C[C@@H]1C=C)[C@]([H])(C2)[C@@H](O)C1=C2C=C(OC)C=CC2=NC=C1,True,C=C[C@H]1C[NH+]2CC[C@H]1C[C@@H]2[C@@H](O)c1ccnc2ccc(OC)cc12
Quinidine Sulfate,OS(O)(=O)=O.[H][C@@]1(C[C@@H]2CC[N@]1C[C@@H]2C=C)[C@@H](O)C1=C2C=C(OC)C=CC2=NC=C1,True,C=C[C@H]1C[N@@H+]2CC[C@H]1C[C@@H]2[C@@H](O)c1ccnc2ccc(OC)cc12
Peramivir,O.[H][C@]1([C@H](O)[C@H](C[C@H]1NC(N)=N)C(O)=O)[C@@H](NC(C)=O)C(CC)CC,True,CCC(CC)[C@H](NC(=O)C)[C@@H]1[C@H](O)[C@@H](C(=O)[O-])C[C@H]1NC(=[NH2+])N
Deutetrabenazine,[H][C@]12CC(=O)[C@H](CC(C)C)CN1CCC1=CC(OC([2H])([2H])[2H])=C(OC([2H])([2H])[2H])C=C21,True,[2H]C([2H])([2H])Oc1cc2c(cc1OC([2H])([2H])[2H])[C@H]1CC(=O)[C@H](CC(C)C)C[NH+]1CC2
Darunavir Ethanolate,[H][C@]12OCC[C@@]1([H])[C@H](CO2)OC(=O)N[C@@H](CC1=CC=CC=C1)[C@H](O)CN(CC(C)C)S(=O)(=O)C1=CC=C(N)C=C1,True,CC(C)CN(C[C@@H](O)[C@H](Cc1ccccc1)NC(=O)O[C@H]1CO[C@H]2OCC[C@@H]12)S(=O)(=O)c1ccc(N)cc1
Probenecid,CCCN(CCC)S(=O)(=O)C1=CC=C(C=C1)C(O)=O,True,CCCN(CCC)S(=O)(=O)c1ccc(C(=O)[O-])cc1
Simvastatin,CCC(C)(C)C(=O)O[C@H]1C[C@H](C=C2[C@H]1[C@H]([C@H](C=C2)C)CC[C@@H]3C[C@H](CC(=O)O3)O)C,True,CCC(C)(C)C(=O)O[C@H]1C[C@@H](C)C=C2C=C[C@H](C)[C@H](CC[C@@H]3C[C@@H](O)CC(=O)O3)[C@@H]12
Plecanatide,C[C@H]1C(=O)N[C@H]2CSSC[C@@H](C(=O)N[C@H](C(=O)N[C@H](C(=O)N[C@@H](CSSC[C@H](NC(=O)CNC(=O)[C@@H](NC2=O)[C@@H](C)O)C(=O)N[C@@H](CC(C)C)C(=O)O)C(=O)N[C@H](C(=O)N[C@H](C(=O)N[C@H](C(=O)N1)C(C)C)CC(=O)N)C(C)C)CC(C)C)CCC(=O)O)NC(=O)[C@H](CCC(=O)O)NC(=O)[C@H](C,True,
Dicumarol,OC1=C(CC2=C(O)C3=C(OC2=O)C=CC=C3)C(=O)OC2=C1C=CC=C2,True,O=c1oc2ccccc2c(O)c1Cc1c(O)c2ccccc2oc1=O
Indomethacin,COC1=CC2=C(C=C1)N(C(=O)C1=CC=C(Cl)C=C1)C(C)=C2CC(O)=O,True,COc1ccc2c(c1)c(CC(=O)[O-])c(C)n2C(=O)c1ccc(Cl)cc1
Miconazole,C1=CC(=C(C=C1Cl)Cl)COC(CN2C=CN=C2)C3=C(C=C(C=C3)Cl)Cl,True,Clc1ccc(COC(Cn2ccnc2)c2ccc(Cl)cc2Cl)c(Cl)c1
Ritonavir,CC(C)[C@H](NC(=O)N(C)CC1=CSC(=N1)C(C)C)C(=O)N[C@H](C[C@H](O)[C@H](CC1=CC=CC=C1)NC(=O)OCC1=CN=CS1)CC1=CC=CC=C1,True,CC(C)c1nc(CN(C)C(=O)N[C@H](C(=O)N[C@@H](Cc2ccccc2)C[C@H](O)[C@H](Cc2ccccc2)NC(=O)OCc2cncs2)C(C)C)cs1
Carfilzomib,CC(C)C[C@H](NC(=O)[C@H](CCC1=CC=CC=C1)NC(=O)CN1CCOCC1)C(=O)N[C@@H](CC1=CC=CC=C1)C(=O)N[C@@H](CC(C)C)C(=O)[C@@]1(C)CO1,True,CC(C)C[C@H](NC(=O)[C@H](CCc1ccccc1)NC(=O)C[NH+]1CCOCC1)C(=O)N[C@@H](Cc1ccccc1)C(=O)N[C@@H](CC(C)C)C(=O)[C@@]1(C)CO1
Progesterone,CC(=O)[C@H]1CC[C@@H]2[C@@]1(CC[C@H]3[C@H]2CCC4=CC(=O)CC[C@]34C)C,True,CC(=O)[C@H]1CC[C@H]2[C@@H]3CCC4=CC(=O)CC[C@]4(C)[C@H]3CC[C@]12C
Astemizole,COC1=CC=C(C=C1)CCN2CCC(CC2)NC3=NC4=CC=CC=C4N3CC5=CC=C(C=C5)F,True,COc1ccc(CC[NH+]2CCC(Nc3nc4ccccc4n3Cc3ccc(F)cc3)CC2)cc1
Ursodiol,[H][C@@]12C[C@H](O)CC[C@]1(C)[C@@]1([H])CC[C@]3(C)[C@]([H])(CC[C@@]3([H])[C@]1([H])[C@@H](O)C2)[C@H](C)CCC(O)=O,False,C[C@H](CCC(=O)[O-])[C@H]1CC[C@H]2[C@@H]3[C@@H](O)C[C@@H]4C[C@H](O)CC[C@]4(C)[C@H]3CC[C@]12C
Dolutegravir Sodium,[Na+].[H][C@]12CN3C=C(C(=O)NCC4=CC=C(F)C=C4F)C(=O)C([O-])=C3C(=O)N1[C@H](C)CCO2,True,C[C@@H]1CCO[C@H]2Cn3cc(C(=O)NCc4ccc(F)cc4F)c(=O)c([O-])c3C(=O)N12
Phenobarbital,CCC1(C(=O)NC(=O)NC1=O)C1=CC=CC=C1,True,CCC1(c2ccccc2)C(=O)NC(=O)NC1=O
Nelfinavir Mesylate,CS(O)(=O)=O.[H][C@@]12CCCC[C@]1([H])CN(C[C@@H](O)[C@H](CSC1=CC=CC=C1)NC(=O)C1=CC=CC(O)=C1C)[C@@H](C2)C(=O)NC(C)(C)C,True,Cc1c(O)cccc1C(=O)N[C@@H](CSc1ccccc1)[C@H](O)C[NH+]1C[C@H]2CCCC[C@H]2C[C@H]1C(=O)NC(C)(C)C
Nicardipine Hydrochloride,Cl.COC(=O)C1=C(C)NC(C)=C(C1C1=CC(=CC=C1)N(=O)=O)C(=O)OCCN(C)CC1=CC=CC=C1,True,COC(=O)C1=C(C)NC(=C(C(=O)OCC[NH+](C)Cc2ccccc2)C1c1cccc([N+](=O)[O-])c1)C
Apremilast,CCOC1=C(OC)C=CC(=C1)[C@@H](CS(C)(=O)=O)N1C(=O)C2=CC=CC(NC(C)=O)=C2C1=O,True,CCOc1cc([C@@H](CS(=O)(=O)C)N2C(=O)c3cccc(NC(=O)C)c3C2=O)ccc1OC
Niclosamide,OC1=C(C=C(Cl)C=C1)C(=O)NC1=C(Cl)C=C(C=C1)N(=O)=O,True,O=C(Nc1ccc([N+](=O)[O-])cc1Cl)c1cc(Cl)ccc1O
Ivermectin,CC[C@H](C)[C@@H]1[C@H](CC[C@@]2(O1)C[C@@H]3C[C@H](O2)C/C=C(/[C@H]([C@H](/C=C/C=C/4\CO[C@H]5[C@@]4([C@@H](C=C([C@H]5O)C)C(=O)O3)O)C)O[C@H]6C[C@@H]([C@H]([C@@H](O6)C)O[C@H]7C[C@@H]([C@H]([C@@H](O7)C)O)OC)OC)\C)C,True,CC[C@H](C)[C@H]1O[C@]2(CC[C@@H]1C)C[C@@H]1C[C@@H](C/C=C(\C)/[C@@H](O[C@H]3C[C@H](OC)[C@@H](O[C@H]4C[C@H](OC)[C@@H](O)[C@H](C)O4)[C@H](C)O3)[C@@H](C)/C=C/C=C/3\CO[C@@H]4[C@H](O)C(=C[C@@H](C(=O)O1)[C@]34O)C)O2
Ketoconazole,CC(=O)N1CCN(CC1)C2=CC=C(C=C2)OC[C@H]3CO[C@](O3)(CN4C=CN=C4)C5=C(C=C(C=C5)Cl)Cl,True,CC(=O)N1CCN(c2ccc(OC[C@H]3CO[C@](Cn4ccnc4)(c4ccc(Cl)cc4Cl)O3)cc2)CC1
Quinidine Polygalacturonate,O[C@@H]([C@@H](O)[C@H](O)C(O)=O)[C@@H](O)C(O)=O.[H][C@@]12CCN(C[C@@H]1C=C)[C@]([H])(C2)[C@@H](O)C1=C2C=C(OC)C=CC2=NC=C1,True,C=C[C@H]1C[NH+]2CC[C@H]1C[C@@H]2[C@@H](O)c1ccnc2ccc(OC)cc12
Lamotrigine,NC1=NC(N)=C(N=N1)C1=CC=CC(Cl)=C1Cl,True,Nc1nnc(c2cccc(Cl)c2Cl)c(N)n1
Alprenolol,CC(C)NCC(O)COC1=CC=CC=C1CC=C,True,C=CCc1ccccc1OCC(O)C[NH2+]C(C)C
Carbamazepine,NC(=O)N1C2=CC=CC=C2C=CC2=CC=CC=C12,True,NC(=O)N1c2ccccc2C=Cc2ccccc12
Saquinavir,CC(C)(C)NC(=O)[C@@H]1C[C@@H]2CCCC[C@@H]2CN1C[C@H]([C@H](CC3=CC=CC=C3)NC(=O)[C@H](CC(=O)N)NC(=O)C4=NC5=CC=CC=C5C=C4)O,True,CC(C)(C)NC(=O)[C@@H]1C[C@@H]2CCCC[C@@H]2C[NH+]1C[C@@H](O)[C@H](Cc1ccccc1)NC(=O)[C@H](CC(=O)N)NC(=O)c1ccc2ccccc2n1
Labetalol Hydrochloride,Cl.CC(CCC1=CC=CC=C1)NCC(O)C1=CC=C(O)C(=C1)C(N)=O,True,CC(CCc1ccccc1)[NH2+]CC(O)c1ccc(O)c(C(=O)N)c1
Phenytoin,O=C1NC(=O)C(N1)(C1=CC=CC=C1)C1=CC=CC=C1,False,O=C1NC(=O)C(c2ccccc2)(c2ccccc2)N1
Reserpine,[H][C@]12C[C@@H](OC(=O)C3=CC(OC)=C(OC)C(OC)=C3)[C@H](OC)[C@@H](C(=O)OC)[C@@]1([H])C[C@@]1([H])N(CCC3=C1NC1=C3C=CC(OC)=C1)C2,True,COC(=O)[C@H]1[C@H]2C[C@@H]3c4[nH]c5cc(OC)ccc5c4CC[NH+]3C[C@H]2C[C@@H](OC(=O)c2cc(OC)c(OC)c(OC)c2)[C@@H]1OC
Testosterone,[H][C@@]12CCC3=CC(=O)CC[C@]3(C)[C@@]1([H])CC[C@]1(C)[C@@H](O)CC[C@@]21[H],False,C[C@]12CC[C@H]3[C@@H](CCC4=CC(=O)CC[C@]34C)[C@@H]1CC[C@@H]2O
Mifepristone,[H][C@@]12CCC3=CC(=O)CCC3=C1[C@H](C[C@@]1(C)[C@@]2([H])CC[C@@]1(O)C#CC)C1=CC=C(C=C1)N(C)C,False,CC#C[C@]1(O)CC[C@H]2[C@@H]3CCC4=CC(=O)CCC4=C3[C@@H](c3ccc(N(C)C)cc3)C[C@]12C
Nifedipine,COC(=O)C1=C(C)NC(C)=C(C1C1=CC=CC=C1N(=O)=O)C(=O)OC,False,COC(=O)C1=C(C)NC(=C(C(=O)OC)C1c1ccccc1[N+](=O)[O-])C
Mibefradil,CC(C)[C@H]1C2=C(CC[C@@]1(CCN(C)CCCC3=NC4=CC=CC=C4N3)OC(=O)COC)C=C(C=C2)F,True,COCC(=O)O[C@]1(CC[NH+](C)CCCc2nc3ccccc3[nH]2)CCc2cc(F)ccc2[C@@H]1C(C)C
Axitinib,CNC(=O)C1=C(SC2=CC=C3C(NN=C3\C=C\C3=NC=CC=C3)=C2)C=CC=C1,False,CNC(=O)c1ccccc1Sc1ccc2c(/C=C/c3ccccn3)n[nH]c2c1
Cetirizine Hydrochloride,Cl.OC(=O)COCCN1CCN(CC1)C(C1=CC=CC=C1)C1=CC=C(Cl)C=C1,False,O=C([O-])COCC[NH+]1CC[NH+](C(c2ccccc2)c2ccc(Cl)cc2)CC1
Daunorubicin Hydrochloride,Cl.COC1=CC=CC2=C1C(=O)C1=C(O)C3=C(C[C@](O)(C[C@@H]3O[C@H]3C[C@H](N)[C@H](O)[C@H](C)O3)C(C)=O)C(O)=C1C2=O,False,COc1cccc2c1C(=O)c1c(O)c3c(c(O)c1C2=O)C[C@@](O)(C(=O)C)C[C@@H]3O[C@H]1C[C@H]([NH3+])[C@H](O)[C@H](C)O1
Pantothenic Acid,CC(C)(CO)[C@@H](O)C(=O)NCCC(O)=O,False,CC(C)(CO)[C@@H](O)C(=O)NCCC(=O)[O-]
Tafenoquine Succinate,OC(=O)CCC(O)=O.COC1=NC2=C(NC(C)CCCN)C=C(OC)C(OC3=CC(=CC=C3)C(F)(F)F)=C2C(C)=C1,False,COc1cc(C)c2c(Oc3cccc(C(F)(F)F)c3)c(OC)cc(NC(C)CCC[NH3+])c2n1
Loperamide Hydrochloride,Cl.CN(C)C(=O)C(CCN1CCC(O)(CC1)C1=CC=C(Cl)C=C1)(C1=CC=CC=C1)C1=CC=CC=C1,True,CN(C)C(=O)C(CC[NH+]1CCC(O)(c2ccc(Cl)cc2)CC1)(c1ccccc1)c1ccccc1
Daclatasvir Dihydrochloride,Cl.COC(=O)NC(C(C)C)C(=O)N1CCC[C@H]1C1=NC=C(N1)C1=CC=C(C=C1)C1=CC=C(C=C1)C1=CN=C(N1)[C@@H]1CCCN1C(=O)C(NC(=O)OC)C(C)C,False,COC(=O)NC(C(=O)N1CCC[C@H]1c1ncc(c2ccc(c3ccc(c4cnc([C@@H]5CCCN5C(=O)C(NC(=O)OC)C(C)C)[nH]4)cc3)cc2)[nH]1)C(C)C
Neratinib Maleate,OC(=O)\C=C/C(O)=O.CCOC1=C(NC(O)\C=C\CN(C)C)C=C2C(=C1)N=CC(C#N)=C2NC1=CC=C(CC2=CC=CC=N2)C(Cl)=C1,False,CCOc1cc2ncc(C#N)c(Nc3ccc(Cc4ccccn4)c(Cl)c3)c2cc1NC(O)/C=C/C[NH+](C)C
Boceprevir,[H][C@]12CN([C@H](C(=O)NC(CC3CCC3)C(=O)C(N)=O)[C@@]1([H])C2(C)C)C(=O)[C@@H](NC(=O)NC(C)(C)C)C(C)(C)C,False,CC(C)(C)NC(=O)N[C@H](C(=O)N1C[C@H]2[C@@H]([C@H]1C(=O)NC(CC1CCC1)C(=O)C(=O)N)C2(C)C)C(C)(C)C
Lopinavir,CC1=C(C(=CC=C1)C)OCC(=O)N[C@@H](CC2=CC=CC=C2)[C@H](C[C@H](CC3=CC=CC=C3)NC(=O)[C@H](C(C)C)N4CCCNC4=O)O,True,Cc1cccc(C)c1OCC(=O)N[C@@H](Cc1ccccc1)[C@@H](O)C[C@H](Cc1ccccc1)NC(=O)[C@H](C(C)C)N1CCCNC1=O
Sunitinib Malate,O[C@@H](CC(O)=O)C(O)=O.CCN(CC)CCNC(=O)C1=C(C)NC(/C=C2\C(=O)NC3=CC=C(F)C=C23)=C1C,False,CC[NH+](CC)CCNC(=O)c1c(C)[nH]c(/C=C/2\C(=O)Nc3ccc(F)cc23)c1C
Tolvaptan,CC1=C(C=CC=C1)C(=O)NC1=CC(C)=C(C=C1)C(=O)N1CCCC(O)C2=C1C=CC(Cl)=C2,False,Cc1ccccc1C(=O)Nc1ccc(C(=O)N2CCCC(O)c3cc(Cl)ccc23)c(C)c1
Tacrolimus,[H][C@]12O[C@](O)([C@H](C)C[C@@H]1OC)C(=O)C(=O)N1CCCC[C@H]1C(=O)O[C@@H]([C@H](C)[C@@H](O)CC(=O)[C@H](CC=C)\C=C(C)\C[C@H](C)C[C@@H]2OC)C(\C)=C\[C@H]1CC[C@@H](O)[C@H](C1)OC,True,C=CC[C@@H]1/C=C(\C)/C[C@H](C)C[C@H](OC)[C@H]2O[C@@](O)(C(=O)C(=O)N3CCCC[C@H]3C(=O)O[C@H](/C(=C/[C@H]3CC[C@@H](O)[C@@H](OC)C3)/C)[C@H](C)[C@@H](O)CC1=O)[C@H](C)C[C@@H]2OC
Efavirenz,FC(F)(F)[C@]1(OC(=O)NC2=CC=C(Cl)C=C12)C#CC1CC1,True,O=C1Nc2ccc(Cl)cc2[C@@](C#CC2CC2)(C(F)(F)F)O1
Imatinib Mesylate,CS(O)(=O)=O.CN1CCN(CC1)CC1=CC=C(C=C1)C(=O)NC1=CC(NC2=NC(=CC=N2)C2=CN=CC=C2)=C(C)C=C1,True,Cc1ccc(NC(=O)c2ccc(C[NH+]3CC[NH+](C)CC3)cc2)cc1Nc1nccc(c2cccnc2)n1
Celecoxib,CC1=CC=C(C=C1)C1=CC(=NN1C1=CC=C(C=C1)S(N)(=O)=O)C(F)(F)F,True,Cc1ccc(c2cc(C(F)(F)F)nn2c2ccc(S(=O)(=O)N)cc2)cc1
Selpercatinib,COC1=CC=C(CN2C3CC2CN(C3)C2=CC=C(C=N2)C2=CC(OCC(C)(C)O)=CN3N=CC(C#N)=C23)C=N1,False,COc1ccc(C[NH+]2C3CC2CN(c2ccc(c4cc(OCC(C)(C)O)cn5ncc(C#N)c45)cn2)C3)cn1
Nimesulide,CS(=O)(=O)NC1=C(OC2=CC=CC=C2)C=C(C=C1)N(=O)=O,False,CS(=O)(=O)Nc1ccc([N+](=O)[O-])cc1Oc1ccccc1
Eliglustat Tartrate,O[C@H]([C@@H](O)C(O)=O)C(O)=O.CCCCCCCC(=O)N[C@H](CN1CCCC1)[C@H](O)C1=CC=C2OCCOC2=C1,False,CCCCCCCC(=O)N[C@H](C[NH+]1CCCC1)[C@H](O)c1ccc2c(c1)OCCO2
Olaparib,FC1=CC=C(CC2=NNC(=O)C3=CC=CC=C23)C=C1C(=O)N1CCN(CC1)C(=O)C1CC1,False,O=C(c1cc(Cc2n[nH]c(=O)c3ccccc23)ccc1F)N1CCN(C(=O)C2CC2)CC1
Tenapanor Hydrochloride,Cl.CN1C[C@@H](C2=CC(=CC=C2)S(=O)(=O)NCCOCCOCCNC(=O)NCCCCNC(=O)NCCOCCOCCNS(=O)(=O)C2=CC=CC(=C2)[C@@H]2CN(C)CC3=C2C=C(Cl)C=C3Cl)C2=C(C1)C(Cl)=CC(Cl)=C2,False,C[NH+]1Cc2c(Cl)cc(Cl)cc2[C@H](c2cccc(S(=O)(=O)NCCOCCOCCNC(=O)NCCCCNC(=O)NCCOCCOCCNS(=O)(=O)c3cccc([C@@H]4C[NH+](C)Cc5c(Cl)cc(Cl)cc45)c3)c2)C1
Carvedilol,COC1=C(OCCNCC(O)COC2=CC=CC3=C2C2=C(N3)C=CC=C2)C=CC=C1,True,COc1ccccc1OCC[NH2+]CC(O)COc1cccc2[nH]c3ccccc3c12
Ivacaftor,CC(C)(C)C1=CC(=C(O)C=C1NC(=O)C1=CNC2=CC=CC=C2C1=O)C(C)(C)C,True,CC(C)(C)c1cc(C(C)(C)C)c(NC(=O)c2c[nH]c3ccccc3c2=O)cc1O
Telmisartan,CCCC1=NC2=C(C)C=C(C=C2N1CC1=CC=C(C=C1)C1=CC=CC=C1C(O)=O)C1=NC2=CC=CC=C2N1C,True,CCCc1nc2c(C)cc(c3nc4ccccc4n3C)cc2n1Cc1ccc(c2ccccc2C(=O)[O-])cc1
Ponatinib Hydrochloride,Cl.CN1CCN(CC1)CC1=C(C=C(NC(=O)C2=CC(C#CC3=CN=C4C=CC=NN34)=C(C)C=C2)C=C1)C(F)(F)F,True,Cc1ccc(C(=O)Nc2ccc(C[NH+]3CC[NH+](C)CC3)c(C(F)(F)F)c2)cc1C#Cc1cnc2cccnn12
Sorafenib Tosylate,CC1=CC=C(C=C1)S(O)(=O)=O.CNC(=O)C1=CC(OC2=CC=C(NC(=O)NC3=CC=C(Cl)C(=C3)C(F)(F)F)C=C2)=CC=N1,True,CNC(=O)c1cc(Oc2ccc(NC(=O)Nc3ccc(Cl)c(C(F)(F)F)c3)cc2)ccn1
Lurasidone Hydrochloride,Cl.[H][C@@]12[C@H]3CC[C@H](C3)[C@]1([H])C(=O)N(C[C@@H]1CCCC[C@H]1CN1CCN(CC1)C1=NSC3=C1C=CC=C3)C2=O,True,O=C1[C@@H]2[C@H]3CC[C@H](C3)[C@@H]2C(=O)N1C[C@@H]1CCCC[C@H]1C[NH+]1CCN(c2nsc3ccccc23)CC1
Aripiprazole,ClC1=CC=CC(N2CCN(CCCCOC3=CC=C4CCC(=O)NC4=C3)CC2)=C1Cl,True,O=C1CCc2ccc(OCCCC[NH+]3CCN(c4cccc(Cl)c4Cl)CC3)cc2N1
Vandetanib,COC1=C(OCC2CCN(C)CC2)C=C2N=CN=C(NC3=CC=C(Br)C=C3F)C2=C1,True,COc1cc2c(Nc3ccc(Br)cc3F)ncnc2cc1OCC1CC[NH+](C)CC1
Vorapaxar Sulfate,OS(O)(=O)=O.[H][C@@]12C[C@@H](CC[C@@]1([H])[C@H](\C=C\C1=CC=C(C=N1)C1=CC=CC(F)=C1)[C@]1([H])[C@@H](C)OC(=O)[C@]1([H])C2)NC(=O)OCC,True,CCOC(=O)N[C@@H]1CC[C@@H]2[C@@H](C1)C[C@H]1C(=O)O[C@H](C)[C@H]1[C@H]2/C=C/c1ccc(c2cccc(F)c2)cn1
Lapatinib Ditosylate,O.CC1=CC=C(C=C1)S(O)(=O)=O.CS(=O)(=O)CCNCC1=CC=C(O1)C1=CC2=C(C=C1)N=CN=C2NC1=CC(Cl)=C(OCC2=CC(F)=CC=C2)C=C1,True,CS(=O)(=O)CC[NH2+]Cc1ccc(c2ccc3ncnc(Nc4ccc(OCc5cccc(F)c5)c(Cl)c4)c3c2)o1
Afatinib Dimaleate,OC(=O)\C=C/C(O)=O.CN(C)C\C=C\C(=O)NC1=CC2=C(NC3=CC=C(F)C(Cl)=C3)N=CN=C2C=C1O[C@H]1CCOC1,True,C[NH+](C)C/C=C/C(=O)Nc1cc2c(Nc3ccc(F)c(Cl)c3)ncnc2cc1O[C@H]1CCOC1
Sirolimus,C[C@@H]1CC[C@H]2C[C@@H](/C(=C/C=C/C=C/[C@H](C[C@H](C(=O)[C@@H]([C@@H](/C(=C/[C@H](C(=O)C[C@H](OC(=O)[C@@H]3CCCCN3C(=O)C(=O)[C@@]1(O2)O)[C@H](C)C[C@@H]4CC[C@H]([C@@H](C4)OC)O)C)/C)O)OC)C)C)/C)OC,True,CO[C@H]1C[C@@H]2CC[C@@H](C)[C@@](O)(O2)C(=O)C(=O)N2CCCC[C@H]2C(=O)O[C@H]([C@H](C)C[C@@H]2CC[C@@H](O)[C@H](OC)C2)CC(=O)[C@H](C)/C=C(\C)/[C@@H](O)[C@@H](OC)C(=O)[C@H](C)C[C@H](C)/C=C/C=C/C=C/1\C
Istradefylline,CCN1C(=O)N(CC)C2=C(N(C)C(/C=C/C3=CC=C(OC)C(OC)=C3)=N2)C1=O,True,CCn1c(=O)c2c(nc(/C=C/c3ccc(OC)c(OC)c3)n2C)n(CC)c1=O
Dronedarone Hydrochloride,Cl.CCCCN(CCCC)CCCOC1=CC=C(C=C1)C(=O)C1=C(CCCC)OC2=CC=C(NS(C)(=O)=O)C=C12,True,CCCCc1oc2ccc(NS(=O)(=O)C)cc2c1C(=O)c1ccc(OCCC[NH+](CCCC)CCCC)cc1
Erlotinib Hydrochloride,Cl.COCCOC1=CC2=NC=NC(NC3=CC=CC(=C3)C#C)=C2C=C1OCCOC,True,C#Cc1cccc(Nc2ncnc3cc(OCCOC)c(OCCOC)cc23)c1
Nilotinib Hydrochloride Monohydrate,O.Cl.CC1=CN(C=N1)C1=CC(=CC(NC(=O)C2=CC(NC3=NC=CC(=N3)C3=CC=CN=C3)=C(C)C=C2)=C1)C(F)(F)F,True,Cc1cn(c2cc(NC(=O)c3ccc(C)c(Nc4nccc(c5cccnc5)n4)c3)cc(C(F)(F)F)c2)cn1
Gefitinib,COC1=CC2=C(C=C1OCCCN1CCOCC1)C(NC1=CC(Cl)=C(F)C=C1)=NC=N2,True,COc1cc2ncnc(Nc3ccc(F)c(Cl)c3)c2cc1OCCC[NH+]1CCOCC1
Vismodegib,CS(=O)(=O)C1=CC=C(C(=O)NC2=CC=C(Cl)C(=C2)C2=CC=CC=N2)C(Cl)=C1,True,CS(=O)(=O)c1ccc(C(=O)Nc2ccc(Cl)c(c3ccccn3)c2)c(Cl)c1
Quinine Sulfate,O.OS(O)(=O)=O.[H][C@@]12CCN(C[C@H]1C=C)[C@@]([H])(C2)[C@H](O)C1=CC=NC2=C1C=C(OC)C=C2,True,C=C[C@@H]1C[NH+]2CC[C@H]1C[C@H]2[C@H](O)c1ccnc2ccc(OC)cc12
Bepridil Hydrochloride,Cl.CC(C)COCC(CN(CC1=CC=CC=C1)C1=CC=CC=C1)N1CCCC1,True,CC(C)COCC(CN(Cc1ccccc1)c1ccccc1)[NH+]1CCCC1
Olanzapine,CN1CCN(CC1)C1=NC2=CC=CC=C2NC2=C1C=C(C)S2,True,Cc1cc2c(s1)Nc1ccccc1[NH+]=C2N1CC[NH+](C)CC1
Trametinib Dimethyl Sulfoxide,CS(C)=O.CN1C(=O)C(C)=C2N(C(=O)N(C3CC3)C(=O)C2=C1NC1=CC=C(I)C=C1F)C1=CC(NC(C)=O)=CC=C1,True,CC(=O)Nc1cccc(n2c(=O)n(C3CC3)c(=O)c3c(Nc4ccc(I)cc4F)n(C)c(=O)c(C)c23)c1
Chlorpromazine Hydrochloride,Cl.CN(C)CCCN1C2=CC(Cl)=CC=C2SC2=C1C=CC=C2,True,C[NH+](C)CCCN1c2ccccc2Sc2ccc(Cl)cc12
Risperidone,CC1=C(CCN2CCC(CC2)C2=NOC3=C2C=CC(F)=C3)C(=O)N2CCCCC2=N1,True,Cc1nc2n(c(=O)c1CC[NH+]1CCC(c3noc4cc(F)ccc34)CC1)CCCC2
Spironolactone,[H][C@]12CC[C@@]3(C)[C@@]([H])(CC[C@]33CCC(=O)O3)[C@]1([H])[C@@H](CC1=CC(=O)CC[C@]21C)SC(C)=O,True,CC(=O)S[C@@H]1CC2=CC(=O)CC[C@]2(C)[C@H]2CC[C@@]3(C)[C@@H](CC[C@@]43CCC(=O)O4)[C@H]12
Rolapitant Hydrochloride,Cl.C[C@@H](OC[C@]1(CC[C@]2(CCC(=O)N2)CN1)C1=CC=CC=C1)C1=CC(=CC(=C1)C(F)(F)F)C(F)(F)F,True,C[C@@H](OC[C@@]1(c2ccccc2)CC[C@]2(CCC(=O)N2)C[NH2+]1)c1cc(C(F)(F)F)cc(C(F)(F)F)c1
Felodipine,CCOC(=O)C1=C(NC(=C(C1C2=C(C(=CC=C2)Cl)Cl)C(=O)OC)C)C,True,CCOC(=O)C1=C(C)NC(=C(C(=O)OC)C1c1cccc(Cl)c1Cl)C
Montelukast Sodium,[Na+].CC(C)(O)C1=CC=CC=C1CC[C@@H](SCC1(CC1)CC([O-])=O)C1=CC=CC(\C=C\C2=CC=C3C=CC(Cl)=CC3=N2)=C1,True,CC(C)(O)c1ccccc1CC[C@@H](SCC1(CC(=O)[O-])CC1)c1cccc(/C=C/c2ccc3ccc(Cl)cc3n2)c1
Propranolol Hydrochloride,Cl.CC(C)NCC(O)COC1=C2C=CC=CC2=CC=C1,True,CC(C)[NH2+]CC(O)COc1cccc2ccccc12
Haloperidol,OC1(CCN(CCCC(=O)C2=CC=C(F)C=C2)CC1)C1=CC=C(Cl)C=C1,True,O=C(CCC[NH+]1CCC(O)(c2ccc(Cl)cc2)CC1)c1ccc(F)cc1
Amiodarone Hydrochloride,Cl.CCCCC1=C(C(=O)C2=CC(I)=C(OCCN(CC)CC)C(I)=C2)C2=CC=CC=C2O1,True,CCCCc1oc2ccccc2c1C(=O)c1cc(I)c(OCC[NH+](CC)CC)c(I)c1
Budesonide,[H][C@@]12C[C@@]3([H])[C@]4([H])CCC5=CC(=O)C=C[C@]5(C)[C@@]4([H])[C@@H](O)C[C@]3(C)[C@@]1(OC(CCC)O2)C(=O)CO,True,CCCC1O[C@@H]2C[C@H]3[C@@H]4CCC5=CC(=O)C=C[C@]5(C)[C@H]4[C@@H](O)C[C@]3(C)[C@]2(C(=O)CO)O1
Quetiapine Fumarate,OC(=O)\C=C\C(O)=O.OCCOCCN1CCN(CC1)C1=NC2=CC=CC=C2SC2=CC=CC=C12,True,OCCOCC[NH+]1CCN(C2=[NH+]c3ccccc3Sc3ccccc23)CC1
Loratadine,CCOC(=O)N1CC\C(CC1)=C1\C2=C(CCC3=C1N=CC=C3)C=C(Cl)C=C2,False,CCOC(=O)N1CCC(=C2c3ccc(Cl)cc3CCc3cccnc23)CC1
Paliperidone,CC1=C(CCN2CCC(CC2)C2=NOC3=CC(F)=CC=C23)C(=O)N2CCCC(O)C2=N1,False,Cc1nc2n(c(=O)c1CC[NH+]1CCC(c3noc4cc(F)ccc34)CC1)CCCC2O
Isradipine,COC(=O)C1=C(C)NC(C)=C(C1C1=CC=CC2=NON=C12)C(=O)OC(C)C,False,COC(=O)C1=C(C)NC(=C(C(=O)OC(C)C)C1c1cccc2nonc12)C
Diltiazem Hydrochloride,Cl.COC1=CC=C(C=C1)[C@@H]1SC2=CC=CC=C2N(CCN(C)C)C(=O)[C@@H]1OC(C)=O,False,COc1ccc([C@@H]2Sc3ccccc3N(CC[NH+](C)C)C(=O)[C@@H]2OC(=O)C)cc1
Diltiazem Malate,O[C@@H](CC(O)=O)C(O)=O.COC1=CC=C(C=C1)[C@@H]1SC2=C(C=CC=C2)N(CCN(C)C)C(=O)[C@@H]1OC(C)=O,False,COc1ccc([C@@H]2Sc3ccccc3N(CC[NH+](C)C)C(=O)[C@@H]2OC(=O)C)cc1
Candesartan Cilexetil,CCOC1=NC2=CC=CC(C(=O)OC(C)OC(=O)OC3CCCCC3)=C2N1CC1=CC=C(C=C1)C1=CC=CC=C1C1=NN=NN1,False,CCOc1nc2cccc(C(=O)OC(C)OC(=O)OC3CCCCC3)c2n1Cc1ccc(c2ccccc2C2=[N-]N=NN2)cc1
Repaglinide,CCOC1=CC(CC(=O)N[C@@H](CC(C)C)C2=CC=CC=C2N2CCCCC2)=CC=C1C(O)=O,False,CCOc1cc(CC(=O)N[C@@H](CC(C)C)c2ccccc2N2CCCCC2)ccc1C(=O)[O-]
Canagliflozin,O.CC1=C(CC2=CC=C(S2)C2=CC=C(F)C=C2)C=C(C=C1)[C@@H]1O[C@H](CO)[C@@H](O)[C@H](O)[C@H]1O,False,Cc1ccc([C@@H]2O[C@H](CO)[C@@H](O)[C@H](O)[C@H]2O)cc1Cc1ccc(c2ccc(F)cc2)s1
Troglitazone,CC1=C(O)C(C)=C2CCC(C)(COC3=CC=C(CC4SC(=O)NC4=O)C=C3)OC2=C1C,False,Cc1c(C)c2c(c(C)c1O)CCC(C)(COc1ccc(CC3SC(=O)NC3=O)cc1)O2
Conivaptan Hydrochloride,Cl.CC1=NC2=C(N1)C1=CC=CC=C1N(CC2)C(=O)C1=CC=C(NC(=O)C2=CC=CC=C2C2=CC=CC=C2)C=C1,False,Cc1nc2c(-c3ccccc3N(C(=O)c3ccc(NC(=O)c4ccccc4c4ccccc4)cc3)CC2)[nH]1
Sertraline Hydrochloride,Cl.CN[C@H]1CC[C@@H](C2=CC=C(Cl)C(Cl)=C2)C2=C1C=CC=C2,False,C[NH2+][C@H]1CC[C@@H](c2ccc(Cl)c(Cl)c2)c2ccccc12
Bosentan,COC1=CC=CC=C1OC1=C(OCCO)N=C(N=C1NS(=O)(=O)C1=CC=C(C=C1)C(C)(C)C)C1=NC=CC=N1,False,COc1ccccc1Oc1c(NS(=O)(=O)c2ccc(C(C)(C)C)cc2)nc(c2ncccn2)nc1OCCO
Lovastatin,[H][C@]12[C@H](C[C@@H](C)C=C1C=C[C@H](C)[C@@H]2CC[C@@H]1C[C@@H](O)CC(=O)O1)OC(=O)[C@@H](C)CC,False,CC[C@H](C)C(=O)O[C@H]1C[C@@H](C)C=C2C=C[C@H](C)[C@H](CC[C@@H]3C[C@@H](O)CC(=O)O3)[C@@H]12
Memantine Hydrochloride,Cl.[H][C@]12C[C@]3(C)C[C@](C)(C1)C[C@](N)(C2)C3,False,C[C@]12C[C@@H]3C[C@](C)(C1)C[C@@]([NH3+])(C3)C2
Paclitaxel,[H][C@]12[C@H](OC(=O)C3=CC=CC=C3)[C@]3(O)C[C@H](OC(=O)[C@H](O)[C@@H](NC(=O)C4=CC=CC=C4)C4=CC=CC=C4)C(C)=C([C@@H](OC(C)=O)C(=O)[C@]1(C)[C@@H](O)C[C@H]1OC[C@@]21OC(C)=O)C3(C)C,False,CC(=O)O[C@H]1C(=O)[C@@]2(C)[C@H]([C@H](OC(=O)c3ccccc3)[C@]3(O)C[C@H](OC(=O)[C@H](O)[C@@H](NC(=O)c4ccccc4)c4ccccc4)C(=C1C3(C)C)C)[C@]1(OC(=O)C)CO[C@@H]1C[C@@H]2O
Prazosin Hydrochloride,Cl.COC1=CC2=NC(=NC(N)=C2C=C1OC)N1CCN(CC1)C(=O)C1=CC=CO1,False,COc1cc2nc(N3CCN(C(=O)c4ccco4)CC3)nc(N)c2cc1OC
Paroxetine Hydrochloride,Cl.FC1=CC=C(C=C1)[C@@H]1CCNC[C@H]1COC1=CC=C2OCOC2=C1,False,Fc1ccc([C@@H]2CC[NH2+]C[C@H]2COc2ccc3c(c2)OCO3)cc1
Paroxetine Mesylate,CS(O)(=O)=O.FC1=CC=C(C=C1)[C@@H]1CCNC[C@H]1COC1=CC=C2OCOC2=C1,False,Fc1ccc([C@@H]2CC[NH2+]C[C@H]2COc2ccc3c(c2)OCO3)cc1
Clozapine,CN1CCN(CC1)C1=NC2=C(NC3=C1C=CC=C3)C=CC(Cl)=C2,False,C[NH+]1CCN(C2=[NH+]c3cc(Cl)ccc3Nc3ccccc23)CC1
Glasdegib,OC(=O)\C=C/C(O)=O.CN1CC[C@H](C[C@@H]1C1=NC2=C(N1)C=CC=C2)NC(=O)NC1=CC=C(C=C1)C#N,False,C[NH+]1CC[C@@H](NC(=O)Nc2ccc(C#N)cc2)C[C@@H]1c1nc2ccccc2[nH]1
Clarithromycin,CC[C@H]1OC(=O)[C@H](C)[C@@H](O[C@H]2C[C@@](C)(OC)[C@@H](O)[C@H](C)O2)[C@H](C)[C@@H](O[C@@H]2O[C@H](C)C[C@@H]([C@H]2O)N(C)C)[C@@](C)(C[C@@H](C)C(=O)[C@H](C)[C@@H](O)[C@]1(C)O)OC,False,CC[C@H]1OC(=O)[C@H](C)[C@@H](O[C@H]2C[C@@](C)(OC)[C@@H](O)[C@H](C)O2)[C@H](C)[C@@H](O[C@@H]2O[C@H](C)C[C@H]([NH+](C)C)[C@H]2O)[C@](C)(OC)C[C@@H](C)C(=O)[C@H](C)[C@@H](O)[C@]1(C)O
Irbesartan,CCCCC1=NC2(CCCC2)C(=O)N1CC1=CC=C(C=C1)C1=CC=CC=C1C1=NN=NN1,False,CCCCC1=[NH+]C2(CCCC2)C(=O)N1Cc1ccc(c2ccccc2C2=[N-]N=NN2)cc1
Ranolazine,COC1=CC=CC=C1OCC(O)CN1CCN(CC1)CC(=O)NC1=C(C)C=CC=C1C,False,COc1ccccc1OCC(O)C[NH+]1CC[NH+](CC(=O)Nc2c(C)cccc2C)CC1
Lefamulin Acetate,CC(O)=O.[H][C@@]12C(=O)CC[C@]11CC[C@@H](C)[C@@]2(C)[C@@H](C[C@@](C)(C=C)[C@@H](O)[C@@H]1C)OC(=O)CS[C@@H]1CC[C@@H](N)C[C@H]1O,False,C=C[C@]1(C)C[C@@H](OC(=O)CS[C@@H]2CC[C@@H]([NH3+])C[C@H]2O)[C@]2(C)[C@H](C)CC[C@]3(CCC(=O)[C@@H]23)[C@@H](C)[C@@H]1O
Nitrendipine,CCOC(=O)C1=C(C)NC(C)=C(C1C1=CC=CC(=C1)N(=O)=O)C(=O)OC,False,CCOC(=O)C1=C(C)NC(=C(C(=O)OC)C1c1cccc([N+](=O)[O-])c1)C
Amprenavir,CC(C)CN(C[C@@H](O)[C@H](CC1=CC=CC=C1)NC(=O)O[C@H]1CCOC1)S(=O)(=O)C1=CC=C(N)C=C1,False,CC(C)CN(C[C@@H](O)[C@H](Cc1ccccc1)NC(=O)O[C@H]1CCOC1)S(=O)(=O)c1ccc(N)cc1
Desloratadine,ClC1=CC2=C(C=C1)\C(=C1\CCNCC1)C1=C(CC2)C=CC=N1,False,Clc1ccc2c(c1)CCc1cccnc1C2=C1CC[NH2+]CC1
Flecainide Acetate,CC(O)=O.FC(F)(F)COC1=CC=C(OCC(F)(F)F)C(=C1)C(=O)NCC1CCCCN1,False,O=C(NCC1CCCC[NH2+]1)c1cc(OCC(F)(F)F)ccc1OCC(F)(F)F
Edoxaban Tosylate,O.CC1=CC=C(C=C1)S(O)(=O)=O.CN1CCC2=C(C1)SC(=N2)C(=O)N[C@@H]1C[C@H](CC[C@@H]1NC(=O)C(=O)NC1=NC=C(Cl)C=C1)C(=O)N(C)C,False,C[NH+]1CCc2nc(C(=O)N[C@@H]3C[C@@H](C(=O)N(C)C)CC[C@@H]3NC(=O)C(=O)Nc3ccc(Cl)cn3)sc2C1
Omeprazole,COC1=CC=C2NC(=NC2=C1)S(=O)CC1=NC=C(C)C(OC)=C1C,False,COc1ccc2[nH]c(S(=O)Cc3ncc(C)c(OC)c3C)nc2c1
Citalopram Hydrobromide,Br.CN(C)CCCC1(OCC2=C1C=CC(=C2)C#N)C1=CC=C(F)C=C1,False,C[NH+](C)CCCC1(c2ccc(F)cc2)OCc2cc(C#N)ccc12
Methylene Blue,[Cl-].CN(C)C1=CC2=C(C=C1)N=C1C=C/C(/C=C1S2)=[N+](\C)C,False,CN(C)c1ccc2nc3-c(cc(=[N+](C)C)cc3)sc2c1
Pantoprazole Sodium,[Na+].COC1=C(OC)C(=NC=C1)\C=S([O-])\C1=NC2=CC(OC(F)F)=CC=C2N1,False,COc1ccnc(/C=S(\[O-])/c2nc3cc(OC(F)F)ccc3[nH]2)c1OC
Fluvastatin Sodium,[Na+].CC(C)N1C2=CC=CC=C2C(C2=CC=C(F)C=C2)=C1\C=C\[C@@H](O)C[C@@H](O)CC([O-])=O,False,CC(C)n1c(/C=C/[C@@H](O)C[C@@H](O)CC(=O)[O-])c(c2ccc(F)cc2)c2ccccc12
Simeprevir Sodium,[Na+].[H][C@@]12C[C@]1(NC(=O)[C@]1([H])C[C@H](C[C@@]1([H])C(=O)N(C)CCCC\C=C/2)OC1=CC(=NC2=C(C)C(OC)=CC=C12)C1=NC(=CS1)C(C)C)C(=O)[N-]S(=O)(=O)C1CC1,False,COc1ccc2c(O[C@@H]3C[C@H]4C(=O)N[C@]5(C(=O)[N-]S(=O)(=O)C6CC6)C[C@H]5/C=C\CCCCN(C)C(=O)[C@@H]4C3)cc(c3nc(C(C)C)cs3)nc2c1C
Lansoprazole,CC1=C(OCC(F)(F)F)C=CN=C1CS(=O)C1=NC2=CC=CC=C2N1,False,Cc1c(OCC(F)(F)F)ccnc1CS(=O)c1nc2ccccc2[nH]1
Fluoxetine Hydrochloride,Cl.CNCCC(OC1=CC=C(C=C1)C(F)(F)F)C1=CC=CC=C1,False,C[NH2+]CCC(Oc1ccc(C(F)(F)F)cc1)c1ccccc1
Gemifloxacin Mesylate,CS(O)(=O)=O.CO\N=C1/CN(CC1CN)C1=C(F)C=C2C(=O)C(=CN(C3CC3)C2=N1)C(O)=O,False,CO/N=C/1\CN(c2nc3c(cc2F)c(=O)c(C(=O)[O-])cn3C2CC2)CC1C[NH3+]
Eravacycline dihydrochloride,Cl.[H][C@@]12CC3=C(F)C=C(NC(=O)CN4CCCC4)C(O)=C3C(=O)C1=C(O)[C@]1(O)C(=O)C(C(N)=O)=C(O)[C@@H](N(C)C)[C@]1([H])C2,False,C[NH+](C)[C@@H]1C(=C(C(=O)N)C(=O)[C@@]2(O)C(=C3C(=O)c4c(O)c(NC(=O)C[NH+]5CCCC5)cc(F)c4C[C@H]3C[C@@H]12)[O-])[O-]
Imipramine Hydrochloride,Cl.CN(C)CCCN1C2=CC=CC=C2CCC2=CC=CC=C12,False,C[NH+](C)CCCN1c2ccccc2CCc2ccccc12
Imipramine Pamoate,CN(C)CCCN1C2=CC=CC=C2CCC2=CC=CC=C12.OC(=O)C1=C(O)C(CC2=C3C=CC=CC3=CC(C(O)=O)=C2O)=C2C=CC=CC2=C1,False,O=C([O-])c1cc2ccccc2c(Cc2c(O)c(C(=O)[O-])cc3ccccc23)c1O
Roxithromycin,CC[C@@H]1[C@@]([C@@H]([C@H](/C(=N/OCOCCOC)/[C@@H](C[C@@]([C@@H]([C@H]([C@@H]([C@H](C(=O)O1)C)O[C@H]2C[C@@]([C@H]([C@@H](O2)C)O)(C)OC)C)O[C@H]3[C@@H]([C@H](C[C@H](O3)C)N(C)C)O)(C)O)C)C)O)(C)O,False,CC[C@H]1OC(=O)[C@H](C)[C@@H](O[C@H]2C[C@@](C)(OC)[C@@H](O)[C@H](C)O2)[C@H](C)[C@@H](O[C@@H]2O[C@H](C)C[C@H]([NH+](C)C)[C@H]2O)[C@](C)(O)C[C@@H](C)/C(=N\OCOCCOC)/[C@H](C)[C@@H](O)[C@]1(C)O
Telithromycin,CC[C@@H]1[C@@]2([C@@H]([C@H](C(=O)[C@@H](C[C@@]([C@@H]([C@H](C(=O)[C@H](C(=O)O1)C)C)O[C@H]3[C@@H]([C@H](C[C@H](O3)C)N(C)C)O)(C)OC)C)C)N(C(=O)O2)CCCCN4C=C(N=C4)C5=CN=CC=C5)C,True,CC[C@H]1OC(=O)[C@H](C)C(=O)[C@H](C)[C@@H](O[C@@H]2O[C@H](C)C[C@H]([NH+](C)C)[C@H]2O)[C@](C)(OC)C[C@@H](C)C(=O)[C@H](C)[C@H]2N(CCCCn3cnc(c4cccnc4)c3)C(=O)O[C@]12C
Desipramine Hydrochloride,Cl.CNCCCN1C2=C(CCC3=C1C=CC=C3)C=CC=C2,False,C[NH2+]CCCN1c2ccccc2CCc2ccccc12
Rosuvastatin Calcium,[Ca++].CC(C)C1=C(\C=C\[C@@H](O)C[C@@H](O)CC([O-])=O)C(=NC(=N1)N(C)S(C)(=O)=O)C1=CC=C(F)C=C1,False,CC(C)c1nc(N(C)S(=O)(=O)C)nc(c2ccc(F)cc2)c1/C=C/[C@@H](O)C[C@@H](O)CC(=O)[O-]
Sitagliptin Phosphate,O.OP(O)(O)=O.N[C@@H](CC(=O)N1CCN2C(C1)=NN=C2C(F)(F)F)CC1=C(F)C=C(F)C(F)=C1,False,[NH3+][C@@H](CC(=O)N1CCn2c(nnc2C(F)(F)F)C1)Cc1cc(F)c(F)cc1F
Sparfloxacin,C[C@H]1CN(C[C@@H](C)N1)C1=C(F)C2=C(C(=O)C(=CN2C2CC2)C(O)=O)C(N)=C1F,False,C[C@@H]1CN(c2c(F)c(N)c3c(=O)c(C(=O)[O-])cn(C4CC4)c3c2F)C[C@H](C)[NH2+]1
Tofacitinib Citrate,OC(=O)CC(O)(CC(O)=O)C(O)=O.C[C@@H]1CCN(C[C@@H]1N(C)C1=C2C=CNC2=NC=N1)C(=O)CC#N,False,C[C@@H]1CCN(C(=O)CC#N)C[C@@H]1N(C)c1ncnc2[nH]ccc12
Gatifloxacin,COC1=C(N2CCNC(C)C2)C(F)=CC2=C1N(C=C(C(O)=O)C2=O)C1CC1,False,COc1c(N2CC[NH2+]C(C)C2)c(F)cc2c(=O)c(C(=O)[O-])cn(C3CC3)c12
Olodaterol Hydrochloride,Cl.COC1=CC=C(CC(C)(C)NC[C@H](O)C2=C3OCC(=O)NC3=CC(O)=C2)C=C1,False,COc1ccc(CC(C)(C)[NH2+]C[C@H](O)c2cc(O)cc3c2OCC(=O)N3)cc1
Levofloxacin,C[C@H]1COC2=C(N3CCN(C)CC3)C(F)=CC3=C2N1C=C(C(O)=O)C3=O,False,C[C@H]1COc2c(N3CC[NH+](C)CC3)c(F)cc3c(=O)c(C(=O)[O-])cn1c23
Meloxicam,CN1C(C(=O)NC2=NC=C(C)S2)=C(O)C2=CC=CC=C2S1(=O)=O,False,Cc1cnc(NC(=O)C2=C([O-])c3ccccc3S(=O)(=O)N2C)s1
Orlistat,CCCCCCCCCCC[C@@H](C[C@@H]1OC(=O)[C@H]1CCCCCC)OC(=O)[C@H](CC(C)C)NC=O,False,CCCCCCCCCCC[C@@H](C[C@@H]1OC(=O)[C@H]1CCCCCC)OC(=O)[C@H](CC(C)C)NC=O
Zosuquidar2,C1CN(CCN1C[C@H](COC2=CC=CC3=C2C=CC=N3)O)C4C5=CC=CC=C5[C@H]6[C@H](C6(F)F)C7=CC=CC=C47,True,O[C@@H](COc1cccc2ncccc12)C[NH+]1CC[NH+](C2c3ccccc3[C@@H]3[C@H](c4ccccc24)C3(F)F)CC1
Elacridar (GF120918)2,COC1=CC=CC2=C1NC3=C(C2=O)C=CC=C3C(=O)NC4=CC=C(C=C4)CCN5CCC6=CC(=C(C=C6C5)OC)OC,True,COc1cc2c(cc1OC)C[NH+](CCc1ccc(NC(=O)c3cccc4c(=O)c5cccc(OC)c5[nH]c34)cc1)CC2
Cyclosporine2,CC[C@H]1C(=O)N(CC(=O)N([C@H](C(=O)N[C@H](C(=O)N([C@H](C(=O)N[C@H](C(=O)N[C@@H](C(=O)N([C@H](C(=O)N([C@H](C(=O)N([C@H](C(=O)N([C@H](C(=O)N1)[C@@H]([C@H](C)C/C=C/C)O)C)C(C)C)C)CC(C)C)C)CC(C)C)C)C)C)CC(C)C)C)C(C)C)CC(C)C)C)C,True,C/C=C/C[C@@H](C)[C@@H](O)[C@H]1C(=O)N[C@@H](CC)C(=O)N(C)CC(=O)N(C)[C@@H](CC(C)C)C(=O)N[C@@H](C(C)C)C(=O)N(C)[C@@H](CC(C)C)C(=O)N[C@@H](C)C(=O)N[C@H](C)C(=O)N(C)[C@@H](CC(C)C)C(=O)N(C)[C@@H](CC(C)C)C(=O)N(C)[C@@H](C(C)C)C(=O)N1C
Elacridar,COC1=CC=CC2=C1NC3=C(C2=O)C=CC=C3C(=O)NC4=CC=C(C=C4)CCN5CCC6=CC(=C(C=C6C5)OC)OC,True,COc1cc2c(cc1OC)C[NH+](CCc1ccc(NC(=O)c3cccc4c(=O)c5cccc(OC)c5[nH]c34)cc1)CC2
Gpv062,O=C(CCc1ccccc1)c1ccccc1OCC(O)CN1CCC(O)(c2ccccc2)CC1,True,O=C(CCc1ccccc1)c1ccccc1OCC(O)C[NH+]1CCC(O)(c2ccccc2)CC1
Valspodar2,C/C=C/C[C@@H](C)C(=O)[C@H]1C(=O)N[C@H](C(=O)N(CC(=O)N([C@H](C(=O)N[C@H](C(=O)N([C@H](C(=O)N[C@H](C(=O)N[C@@H](C(=O)N([C@H](C(=O)N([C@H](C(=O)N([C@H](C(=O)N1C)C(C)C)C)CC(C)C)C)CC(C)C)C)C)C)CC(C)C)C)C(C)C)CC(C)C)C)C)C(C)C,True,C/C=C/C[C@@H](C)C(=O)[C@H]1C(=O)N[C@@H](C(C)C)C(=O)N(C)CC(=O)N(C)[C@@H](CC(C)C)C(=O)N[C@@H](C(C)C)C(=O)N(C)[C@@H](CC(C)C)C(=O)N[C@@H](C)C(=O)N[C@H](C)C(=O)N(C)[C@@H](CC(C)C)C(=O)N(C)[C@@H](CC(C)C)C(=O)N(C)[C@@H](C(C)C)C(=O)N1C
Tariquidar,COC1=C(C=C2CN(CCC2=C1)CCC3=CC=C(C=C3)NC(=O)C4=CC(=C(C=C4NC(=O)C5=CC6=CC=CC=C6N=C5)OC)OC)OC,True,COc1cc2c(cc1OC)C[NH+](CCc1ccc(NC(=O)c3cc(OC)c(OC)cc3NC(=O)c3cnc4ccccc4c3)cc1)CC2
SDZ 280-446,CC[C@H](C)[C@H]1C(=O)NCC(=O)N([C@H](C(=O)N[C@H](C(=O)O[C@H](C(=O)N2CCCC[C@H]2C(=O)N([C@H](C(=O)N[C@H](C(=O)N([C@H](C(=O)N(C(C(=O)N1C)[C@@H](C)CC)C)CC(=O)OC(C)(C)C)C)C(C)C)C(C)C)C)C)CC3=CC=C(C=C3)OC)C(C)C)C,True,CC[C@H](C)C1C(=O)N(C)[C@@H]([C@@H](C)CC)C(=O)NCC(=O)N(C)[C@@H](C(C)C)C(=O)N[C@@H](Cc2ccc(OC)cc2)C(=O)O[C@@H](C)C(=O)N2CCCC[C@H]2C(=O)N(C)[C@@H](C(C)C)C(=O)N[C@@H](C(C)C)C(=O)N(C)[C@@H](CC(=O)OC(C)(C)C)C(=O)N1C
Norverapamil,CC(C)C(CCCNCCC1=CC(=C(C=C1)OC)OC)(C#N)C2=CC(=C(C=C2)OC)OC,True,COc1ccc(CC[NH2+]CCCC(C#N)(c2ccc(OC)c(OC)c2)C(C)C)cc1OC
Reserpine2,CO[C@H]1[C@@H](C[C@@H]2CN3CCC4=C([C@H]3C[C@@H]2[C@@H]1C(=O)OC)NC5=C4C=CC(=C5)OC)OC(=O)C6=CC(=C(C(=C6)OC)OC)OC,True,COC(=O)[C@H]1[C@H]2C[C@@H]3c4[nH]c5cc(OC)ccc5c4CC[NH+]3C[C@H]2C[C@@H](OC(=O)c2cc(OC)c(OC)c(OC)c2)[C@@H]1OC
Rhodamine 123,COC(=O)C1=CC=CC=C1C2=C3C=CC(=[NH2+])C=C3OC4=C2C=CC(=C4)N.[Cl-],True,COC(=O)c1ccccc1c1c2-c(cc(=[NH2+])cc2)oc2cc(N)ccc12
"Verapamil2,4",CC(C)C(CCCN(C)CCC1=CC(=C(C=C1)OC)OC)(C#N)C2=CC(=C(C=C2)OC)OC,True,COc1ccc(CC[NH+](C)CCCC(C#N)(c2ccc(OC)c(OC)c2)C(C)C)cc1OC
Clofazimine,CC(C)N=C1C=C2C(=NC3=CC=CC=C3N2C4=CC=C(C=C4)Cl)C=C1NC5=CC=C(C=C5)Cl,True,CC(C)N=c1cc2-c(nc3c(n2c2ccc(Cl)cc2)cccc3)cc1Nc1ccc(Cl)cc1
Gpv005,O=C(CCc1ccccc1)c1ccccc1OCC(O)CN1CCCCC1,True,O=C(CCc1ccccc1)c1ccccc1OCC(O)C[NH+]1CCCCC1
Niguldipine,CC1=C(C(C(=C(N1)C)C(=O)OCCCN2CCC(CC2)(C3=CC=CC=C3)C4=CC=CC=C4)C5=CC(=CC=C5)[N+](=O)[O-])C(=O)OC,True,COC(=O)C1=C(C)NC(=C(C(=O)OCCC[NH+]2CCC(c3ccccc3)(c3ccccc3)CC2)C1c1cccc([N+](=O)[O-])c1)C
Wk-X-50,O=C(Nc1ccc(CCN2CCc3ccccc3C2)cc1)Nc1ccccc1NC(=O)c1cnc2ccccc2c1,True,O=C(Nc1ccc(CC[NH+]2CCc3ccccc3C2)cc1)Nc1ccccc1NC(=O)c1cnc2ccccc2c1
"Lsn335984, 42",O[C@@H](COc1cccc2ncccc12)CN1CCN([C@@H]2c3ccccc3[C@@H]3[C@H](c4ccccc42)C3(Cl)Cl)CC1,True,O[C@@H](COc1cccc2ncccc12)C[NH+]1CC[NH+]([C@@H]2c3ccccc3[C@@H]3[C@H](c4ccccc24)C3(Cl)Cl)CC1
Itraconazole4,CCC(C)N1C(=O)N(C=N1)C2=CC=C(C=C2)N3CCN(CC3)C4=CC=C(C=C4)OC[C@H]5CO[C@](O5)(CN6C=NC=N6)C7=C(C=C(C=C7)Cl)Cl,True,CCC(C)n1ncn(c2ccc(N3CCN(c4ccc(OC[C@H]5CO[C@](Cn6cncn6)(c6ccc(Cl)cc6Cl)O5)cc4)CC3)cc2)c1=O
(+)-devapamil,CC(C)[C@@](CCCN(C)CCC1=CC(=CC=C1)OC)(C#N)C2=CC(=C(C=C2)OC)OC,True,COc1cccc(CC[NH+](C)CCC[C@](C#N)(c2ccc(OC)c(OC)c2)C(C)C)c1
"Quinidine1,2,4",COC1=CC2=C(C=CN=C2C=C1)[C@@H]([C@H]3C[C@@H]4CCN3C[C@@H]4C=C)O,True,C=C[C@H]1C[NH+]2CC[C@H]1C[C@@H]2[C@@H](O)c1ccnc2ccc(OC)cc12
Chloropromazine,CN(C)CCCN1C2=CC=CC=C2SC3=C1C=C(C=C3)Cl,True,C[NH+](C)CCCN1c2ccccc2Sc2ccc(Cl)cc12
Ketoconazole2,CC(=O)N1CCN(CC1)C2=CC=C(C=C2)OC[C@H]3CO[C@](O3)(CN4C=CN=C4)C5=C(C=C(C=C5)Cl)Cl,True,CC(=O)N1CCN(c2ccc(OC[C@H]3CO[C@](Cn4ccnc4)(c4ccc(Cl)cc4Cl)O3)cc2)CC1
Desethylamiodarone,CCCCC1=C(C2=CC=CC=C2O1)C(=O)C3=CC(=C(C(=C3)I)OCCNCC)I,True,CCCCc1oc2ccccc2c1C(=O)c1cc(I)c(OCC[NH2+]CC)c(I)c1
Nelfinavir,CC1=C(C=CC=C1O)C(=O)N[C@@H](CSC2=CC=CC=C2)[C@@H](CN3C[C@H]4CCCC[C@H]4C[C@H]3C(=O)NC(C)(C)C)O,True,Cc1c(O)cccc1C(=O)N[C@@H](CSc1ccccc1)[C@H](O)C[NH+]1C[C@H]2CCCC[C@H]2C[C@H]1C(=O)NC(C)(C)C
Ebastine,CC(C)(C)C1=CC=C(C=C1)C(=O)CCCN2CCC(CC2)OC(C3=CC=CC=C3)C4=CC=CC=C4,True,CC(C)(C)c1ccc(C(=O)CCC[NH+]2CCC(OC(c3ccccc3)c3ccccc3)CC2)cc1
Pentachlorophenol,C1(=C(C(=C(C(=C1Cl)Cl)Cl)Cl)Cl)O,True,Oc1c(Cl)c(Cl)c(Cl)c(Cl)c1Cl
Verapamil,CC(C)C(CCCN(C)CCC1=CC(=C(C=C1)OC)OC)(C#N)C2=CC(=C(C=C2)OC)OC,True,COc1ccc(CC[NH+](C)CCCC(C#N)(c2ccc(OC)c(OC)c2)C(C)C)cc1OC
(-)-devapamil,CC(C)[C@](CCCN(C)CCC1=CC(=CC=C1)OC)(C#N)C2=CC(=C(C=C2)OC)OC,True,COc1cccc(CC[NH+](C)CCC[C@@](C#N)(c2ccc(OC)c(OC)c2)C(C)C)c1
Cepharanthin,CN1CCC2=CC3=C(C4=C2[C@@H]1CC5=CC=C(C=C5)OC6=C(C=CC(=C6)C[C@@H]7C8=CC(=C(C=C8CCN7C)OC)O4)OC)OCO3,True,COc1ccc2cc1Oc1ccc(cc1)C[C@H]1c3c(cc4c(c3Oc3cc5c(cc3OC)CC[NH+](C)[C@@H]5C2)OCO4)CC[NH+]1C
Nicardipine,CC1=C(C(C(=C(N1)C)C(=O)OCCN(C)CC2=CC=CC=C2)C3=CC(=CC=C3)[N+](=O)[O-])C(=O)OC,True,COC(=O)C1=C(C)NC(=C(C(=O)OCC[NH+](C)Cc2ccccc2)C1c1cccc([N+](=O)[O-])c1)C
(+)-emopamil,CC(C)[C@@](CCCN(C)CCC1=CC=CC=C1)(C#N)C2=CC=CC=C2,True,CC(C)[C@](C#N)(CCC[NH+](C)CCc1ccccc1)c1ccccc1
Emetine,CC[C@H]1CN2CCC3=CC(=C(C=C3[C@@H]2C[C@@H]1C[C@@H]4C5=CC(=C(C=C5CCN4)OC)OC)OC)OC,True,CC[C@H]1C[NH+]2CCc3cc(OC)c(OC)cc3[C@@H]2C[C@@H]1C[C@H]1[NH2+]CCc2cc(OC)c(OC)cc12
Verapamil (S),CC(C)C(CCCN(C)CCC1=CC(=C(C=C1)OC)OC)(C#N)C2=CC(=C(C=C2)OC)OC,True,COc1ccc(CC[NH+](C)CCCC(C#N)(c2ccc(OC)c(OC)c2)C(C)C)cc1OC
Gallopamil,CC(C)C(CCCN(C)CCC1=CC(=C(C=C1)OC)OC)(C#N)C2=CC(=C(C(=C2)OC)OC)OC,True,COc1ccc(CC[NH+](C)CCCC(C#N)(c2cc(OC)c(OC)c(OC)c2)C(C)C)cc1OC
Loperamide1,CN(C)C(=O)C(CCN1CCC(CC1)(C2=CC=C(C=C2)Cl)O)(C3=CC=CC=C3)C4=CC=CC=C4,True,CN(C)C(=O)C(CC[NH+]1CCC(O)(c2ccc(Cl)cc2)CC1)(c1ccccc1)c1ccccc1
(+)-verapamil,CC(C)[C@@](CCCN(C)CCC1=CC(=C(C=C1)OC)OC)(C#N)C2=CC(=C(C=C2)OC)OC,True,COc1ccc(CC[NH+](C)CCC[C@](C#N)(c2ccc(OC)c(OC)c2)C(C)C)cc1OC
Verapamil (R),CC(C)C(CCCN(C)CCC1=CC(=C(C=C1)OC)OC)(C#N)C2=CC(=C(C=C2)OC)OC,True,COc1ccc(CC[NH+](C)CCCC(C#N)(c2ccc(OC)c(OC)c2)C(C)C)cc1OC
Endosulfan,C1C2C(COS(=O)O1)C3(C(=C(C2(C3(Cl)Cl)Cl)Cl)Cl)Cl,True,O=S1OCC2C(CO1)C1(Cl)C(=C(Cl)C2(Cl)C1(Cl)Cl)Cl
(-)-verapamil,CC(C)[C@](CCCN(C)CCC1=CC(=C(C=C1)OC)OC)(C#N)C2=CC(=C(C=C2)OC)OC,True,COc1ccc(CC[NH+](C)CCC[C@@](C#N)(c2ccc(OC)c(OC)c2)C(C)C)cc1OC
Phosalone,CCOP(=S)(OCC)SCN1C2=C(C=C(C=C2)Cl)OC1=O,True,CCOP(=S)(OCC)SCn1c(=O)oc2cc(Cl)ccc12
Valinomycin,C[C@H]1C(=O)N[C@H](C(=O)O[C@@H](C(=O)N[C@@H](C(=O)O[C@H](C(=O)N[C@H](C(=O)O[C@@H](C(=O)N[C@@H](C(=O)O[C@H](C(=O)N[C@H](C(=O)O[C@@H](C(=O)N[C@@H](C(=O)O1)C(C)C)C(C)C)C(C)C)C)C(C)C)C(C)C)C(C)C)C)C(C)C)C(C)C)C(C)C,True,CC(C)[C@@H]1NC(=O)[C@H](C)OC(=O)[C@@H](C(C)C)NC(=O)[C@@H](C(C)C)OC(=O)[C@H](C(C)C)NC(=O)[C@H](C)OC(=O)[C@@H](C(C)C)NC(=O)[C@@H](C(C)C)OC(=O)[C@H](C(C)C)NC(=O)[C@H](C)OC(=O)[C@@H](C(C)C)NC(=O)[C@@H](C(C)C)OC1=O
N-norgallopamil,CC(C)C(CCCNCCC1=CC(=C(C=C1)OC)OC)(C#N)C2=CC(=C(C(=C2)OC)OC)OC,True,COc1ccc(CC[NH2+]CCCC(C#N)(c2cc(OC)c(OC)c(OC)c2)C(C)C)cc1OC
Propiconazole,CCCC1COC(O1)(CN2C=NC=N2)C3=C(C=C(C=C3)Cl)Cl,True,CCCC1COC(Cn2cncn2)(c2ccc(Cl)cc2Cl)O1
Clarithromycin4,CC[C@@H]1[C@@]([C@@H]([C@H](C(=O)[C@@H](C[C@@]([C@@H]([C@H]([C@@H]([C@H](C(=O)O1)C)O[C@H]2C[C@@]([C@H]([C@@H](O2)C)O)(C)OC)C)O[C@H]3[C@@H]([C@H](C[C@H](O3)C)N(C)C)O)(C)OC)C)C)O)(C)O,True,CC[C@H]1OC(=O)[C@H](C)[C@@H](O[C@H]2C[C@@](C)(OC)[C@@H](O)[C@H](C)O2)[C@H](C)[C@@H](O[C@@H]2O[C@H](C)C[C@H]([NH+](C)C)[C@H]2O)[C@](C)(OC)C[C@@H](C)C(=O)[C@H](C)[C@@H](O)[C@]1(C)O
"Ritonavir2,4",CC(C)C1=NC(=CS1)CN(C)C(=O)N[C@@H](C(C)C)C(=O)N[C@@H](CC2=CC=CC=C2)C[C@@H]([C@H](CC3=CC=CC=C3)NC(=O)OCC4=CN=CS4)O,True,CC(C)c1nc(CN(C)C(=O)N[C@H](C(=O)N[C@@H](Cc2ccccc2)C[C@H](O)[C@H](Cc2ccccc2)NC(=O)OCc2cncs2)C(C)C)cs1
Sulfentanil,C1=CC=C(C=C1)N2C(=O)C(C(=O)N2C3=CC=CC=C3)CCS(=O)C4=CC=CC=C4,True,O=C1C(CCS(=O)c2ccccc2)C(=O)N(c2ccccc2)N1c1ccccc1
Manidipine,CC1=C(C(C(=C(N1)C)C(=O)OCCN2CCN(CC2)C(C3=CC=CC=C3)C4=CC=CC=C4)C5=CC(=CC=C5)[N+](=O)[O-])C(=O)OC,True,COC(=O)C1=C(C)NC(=C(C(=O)OCC[NH+]2CC[NH+](C(c3ccccc3)c3ccccc3)CC2)C1c1cccc([N+](=O)[O-])c1)C
(-)-isradipine,CC1=C(C(C(=C(N1)C)C(=O)OC(C)C)C2=CC=CC3=NON=C32)C(=O)OC,True,COC(=O)C1=C(C)NC(=C(C(=O)OC(C)C)C1c1cccc2nonc12)C
Verapamil (Racemic),CC(C)C(CCCN(C)CCC1=CC(=C(C=C1)OC)OC)(C#N)C2=CC(=C(C=C2)OC)OC,True,COc1ccc(CC[NH+](C)CCCC(C#N)(c2ccc(OC)c(OC)c2)C(C)C)cc1OC
Benidipine,CC1=C([C@H](C(=C(N1)C)C(=O)O[C@@H]2CCCN(C2)CC3=CC=CC=C3)C4=CC(=CC=C4)[N+](=O)[O-])C(=O)OC,True,COC(=O)C1=C(C)NC(=C(C(=O)O[C@@H]2CCC[NH+](Cc3ccccc3)C2)[C@@H]1c1cccc([N+](=O)[O-])c1)C
Fluphenazine,C1CN(CCN1CCCN2C3=CC=CC=C3SC4=C2C=C(C=C4)C(F)(F)F)CCO,True,OCC[NH+]1CC[NH+](CCCN2c3ccccc3Sc3ccc(C(F)(F)F)cc23)CC1
Trifluoperazine,CN1CCN(CC1)CCCN2C3=CC=CC=C3SC4=C2C=C(C=C4)C(F)(F)F,True,C[NH+]1CC[NH+](CCCN2c3ccccc3Sc3ccc(C(F)(F)F)cc23)CC1
Tamoxifen,CC/C(=C(\C1=CC=CC=C1)/C2=CC=C(C=C2)OCCN(C)C)/C3=CC=CC=C3,True,CC/C(=C(\c1ccccc1)/c1ccc(OCC[NH+](C)C)cc1)/c1ccccc1
Fentanyl,CCC(=O)N(C1CCN(CC1)CCC2=CC=CC=C2)C3=CC=CC=C3,True,CCC(=O)N(c1ccccc1)C1CC[NH+](CCc2ccccc2)CC1
Sertindole,C1CN(CCC1C2=CN(C3=C2C=C(C=C3)Cl)C4=CC=C(C=C4)F)CCN5CCNC5=O,True,O=C1NCCN1CC[NH+]1CCC(c2cn(c3ccc(F)cc3)c3ccc(Cl)cc23)CC1
Reversan,C1COCCN1CCCNC(=O)C2=C3N=C(C=C(N3N=C2)C4=CC=CC=C4)C5=CC=CC=C5,True,O=C(NCCC[NH+]1CCOCC1)c1cnn2c(c3ccccc3)cc(c3ccccc3)nc12
Imatinib,CC1=C(C=C(C=C1)NC(=O)C2=CC=C(C=C2)CN3CCN(CC3)C)NC4=NC=CC(=N4)C5=CN=CC=C5,True,Cc1ccc(NC(=O)c2ccc(C[NH+]3CC[NH+](C)CC3)cc2)cc1Nc1nccc(c2cccnc2)n1
Hydramethylnon,CC1(CN=C(NC1)NN=C(/C=C/C2=CC=C(C=C2)C(F)(F)F)/C=C/C3=CC=C(C=C3)C(F)(F)F)C,True,CC1(C)C[NH+]=C(NN=C(/C=C/c2ccc(C(F)(F)F)cc2)/C=C/c2ccc(C(F)(F)F)cc2)NC1
Methadone,CCC(=O)C(CC(C)N(C)C)(C1=CC=CC=C1)C2=CC=CC=C2,True,CCC(=O)C(CC(C)[NH+](C)C)(c1ccccc1)c1ccccc1
Ophiobolin A,C[C@H]1C[C@@H](O[C@@]12CC[C@]3([C@H]2C/C=C(\[C@@H]4[C@H](C3)[C@](CC4=O)(C)O)/C=O)C)C=C(C)C,True,CC(=C[C@H]1C[C@H](C)[C@]2(CC[C@]3(C)C[C@H]4[C@H](C(=O)C[C@@]4(C)O)C(=CC[C@@H]23)C=O)O1)C
Vinblastine,CC[C@@]1(C[C@H]2C[C@@](C3=C(CCN(C2)C1)C4=CC=CC=C4N3)(C5=C(C=C6C(=C5)[C@]78CCN9[C@H]7[C@@](C=CC9)([C@H]([C@@]([C@@H]8N6C)(C(=O)OC)O)OC(=O)C)CC)OC)C(=O)OC)O,True,CC[C@]1(O)C[C@@H]2C[NH+](CCc3c([nH]c4ccccc34)[C@@](C(=O)OC)(c3cc4c(cc3OC)N(C)[C@H]3[C@@](O)(C(=O)OC)[C@H](OC(=O)C)[C@]5(CC)C=CC[NH+]6CC[C@]43[C@H]56)C2)C1
Cholesterol,C[C@H](CCCC(C)C)[C@H]1CC[C@@H]2[C@@]1(CC[C@H]3[C@H]2CC=C4[C@@]3(CC[C@@H](C4)O)C)C,True,CC(C)CCC[C@@H](C)[C@H]1CC[C@H]2[C@@H]3CC=C4C[C@@H](O)CC[C@]4(C)[C@H]3CC[C@]12C
Barnidipine,CC1=C([C@@H](C(=C(N1)C)C(=O)O[C@H]2CCN(C2)CC3=CC=CC=C3)C4=CC(=CC=C4)[N+](=O)[O-])C(=O)OC,True,COC(=O)C1=C(C)NC(=C(C(=O)O[C@H]2CC[NH+](Cc3ccccc3)C2)[C@H]1c1cccc([N+](=O)[O-])c1)C
(+)-isradipine,Cc1cc2c(C(C)C)c(O)c(O)c(C=O)c2c(O)c1-c1c(C)cc2c(C(C)C)c(O)c(O)c(C=O)c2c1O,True,Cc1cc2c(C(C)C)c(O)c(O)c(C=O)c2c(O)c1c1c(C)cc2c(C(C)C)c(O)c(O)c(C=O)c2c1O
(-)-nitrendipine,CCOC(=O)C1=C(NC(=C([C@@H]1C2=CC(=CC=C2)[N+](=O)[O-])C(=O)OC)C)C,True,CCOC(=O)C1=C(C)NC(=C(C(=O)OC)[C@@H]1c1cccc([N+](=O)[O-])c1)C
Lovastatin Lactone,CC[C@H](C)C(=O)O[C@H]1C[C@H](C=C2[C@H]1[C@H]([C@H](C=C2)C)CCC3C[C@H](CC(=O)O3)O)C,True,CC[C@H](C)C(=O)O[C@H]1C[C@@H](C)C=C2C=C[C@H](C)[C@H](CCC3C[C@@H](O)CC(=O)O3)[C@@H]12
Moxidectin,[H][C@@]12C\C=C(C)\C[C@@H](C)\C=C\C=C3/CO[C@]4([H])[C@H](O)C(C)=C[C@@]([H])(C(=O)O[C@@]([H])(C1)C[C@]1(C\C(=N/OC)[C@H](C)[C@H](O1)C(\C)=C\C(C)C)O2)[C@]34O,True,CO/N=C/1\C[C@]2(C[C@@H]3C[C@@H](C/C=C(\C)/C[C@@H](C)/C=C/C=C/4\CO[C@@H]5[C@H](O)C(=C[C@@H](C(=O)O3)[C@]45O)C)O2)O[C@H](/C(=C/C(C)C)/C)[C@H]1C
Quinidine,COC1=CC2=C(C=CN=C2C=C1)[C@@H]([C@H]3C[C@@H]4CCN3C[C@@H]4C=C)O,True,C=C[C@H]1C[NH+]2CC[C@H]1C[C@@H]2[C@@H](O)c1ccnc2ccc(OC)cc12
Simvastatin lactone,CCC(C)(C)C(=O)O[C@H]1C[C@H](C=C2[C@H]1[C@H]([C@H](C=C2)C)CC[C@@H]3C[C@H](CC(=O)O3)O)C,True,CCC(C)(C)C(=O)O[C@H]1C[C@@H](C)C=C2C=C[C@H](C)[C@H](CC[C@@H]3C[C@@H](O)CC(=O)O3)[C@@H]12
(+)-nitrendipine,CCOC(=O)C1=C(NC(=C([C@H]1C2=CC(=CC=C2)[N+](=O)[O-])C(=O)OC)C)C,False,CCOC(=O)C1=C(C)NC(=C(C(=O)OC)[C@H]1c1cccc([N+](=O)[O-])c1)C
Vinblastine1,CC[C@@]1(C[C@H]2C[C@@](C3=C(CCN(C2)C1)C4=CC=CC=C4N3)(C5=C(C=C6C(=C5)[C@]78CCN9[C@H]7[C@@](C=CC9)([C@H]([C@@]([C@@H]8N6C)(C(=O)OC)O)OC(=O)C)CC)OC)C(=O)OC)O,False,CC[C@]1(O)C[C@@H]2C[NH+](CCc3c([nH]c4ccccc34)[C@@](C(=O)OC)(c3cc4c(cc3OC)N(C)[C@H]3[C@@](O)(C(=O)OC)[C@H](OC(=O)C)[C@]5(CC)C=CC[NH+]6CC[C@]43[C@H]56)C2)C1
Nobiletin,COC1=C(C=C(C=C1)C2=CC(=O)C3=C(O2)C(=C(C(=C3OC)OC)OC)OC)OC,False,COc1ccc(c2cc(=O)c3c(OC)c(OC)c(OC)c(OC)c3o2)cc1OC
Desmethylazelastine,C1CC(CCNC1)N2C(=O)C3=CC=CC=C3C(=N2)CC4=CC=C(C=C4)Cl,False,O=c1c2ccccc2c(Cc2ccc(Cl)cc2)nn1C1CCC[NH2+]CC1
Amiodarone4,CCCCC1=C(C2=CC=CC=C2O1)C(=O)C3=CC(=C(C(=C3)I)OCCN(CC)CC)I,False,CCCCc1oc2ccccc2c1C(=O)c1cc(I)c(OCC[NH+](CC)CC)c(I)c1
Efonidipine,CC1=C(C(C(=C(N1)C)P2(=O)OCC(CO2)(C)C)C3=CC(=CC=C3)[N+](=O)[O-])C(=O)OCCN(CC4=CC=CC=C4)C5=CC=CC=C5,False,CC1=C(C(=O)OCCN(Cc2ccccc2)c2ccccc2)C(c2cccc([N+](=O)[O-])c2)C(=C(C)N1)P1(=O)OCC(C)(C)CO1
Atorvastatin lactone,CC(C)C1=C(C(=C(N1CC[C@@H]2C[C@H](CC(=O)O2)O)C3=CC=C(C=C3)F)C4=CC=CC=C4)C(=O)NC5=CC=CC=C5,False,CC(C)c1c(C(=O)Nc2ccccc2)c(c2ccccc2)c(c2ccc(F)cc2)n1CC[C@@H]1C[C@@H](O)CC(=O)O1
Quinacrine,CCN(CC)CCCC(C)NC1=C2C=C(C=CC2=NC3=C1C=CC(=C3)Cl)OC,False,CC[NH+](CC)CCCC(C)Nc1c2ccc(Cl)cc2nc2ccc(OC)cc12
Piperine,C1CCN(CC1)C(=O)/C=C/C=C/C2=CC3=C(C=C2)OCO3,False,O=C(/C=C/C=C/c1ccc2c(c1)OCO2)N1CCCCC1
Azelastine,CN1CCCC(CC1)N2C(=O)C3=CC=CC=C3C(=N2)CC4=CC=C(C=C4)Cl,False,C[NH+]1CCCC(n2nc(Cc3ccc(Cl)cc3)c3ccccc3c2=O)CC1
Pantoprazole,COC1=C(C(=NC=C1)CS(=O)C2=NC3=C(N2)C=C(C=C3)OC(F)F)OC,False,COc1ccnc(CS(=O)c2nc3ccc(OC(F)F)cc3[nH]2)c1OC
Nilvadipine,CC1=C(C(C(=C(N1)C#N)C(=O)OC)C2=CC(=CC=C2)[N+](=O)[O-])C(=O)OC(C)C,False,COC(=O)C1=C(C#N)NC(=C(C(=O)OC(C)C)C1c1cccc([N+](=O)[O-])c1)C
Tebufenozide,CCC1=CC=C(C=C1)C(=O)NN(C(=O)C2=CC(=CC(=C2)C)C)C(C)(C)C,False,CCc1ccc(C(=O)NN(C(=O)c2cc(C)cc(C)c2)C(C)(C)C)cc1
Azithromycin,CC[C@H]1OC(=O)[C@H](C)[C@@H](O[C@H]2C[C@@](C)(OC)[C@@H](O)[C@H](C)O2)[C@H](C)[C@@H](O[C@@H]2O[C@H](C)C[C@@H]([C@H]2O)N(C)C)[C@](C)(O)C[C@@H](C)CN(C)[C@H](C)[C@@H](O)[C@]1(C)O,False,CC[C@H]1OC(=O)[C@H](C)[C@@H](O[C@H]2C[C@@](C)(OC)[C@@H](O)[C@H](C)O2)[C@H](C)[C@@H](O[C@@H]2O[C@H](C)C[C@H]([NH+](C)C)[C@H]2O)[C@](C)(O)C[C@@H](C)C[NH+](C)[C@H](C)[C@@H](O)[C@]1(C)O
Dipyridamole,C1CCN(CC1)C2=NC(=NC3=C2N=C(N=C3N4CCCCC4)N(CCO)CCO)N(CCO)CCO,False,OCCN(CCO)c1nc(N2CCCCC2)c2nc(N(CCO)CCO)nc(N3CCCCC3)c2n1
Indinavir,CC(C)(C)NC(=O)[C@@H]1CN(CCN1C[C@H](C[C@@H](CC2=CC=CC=C2)C(=O)N[C@@H]3[C@@H](CC4=CC=CC=C34)O)O)CC5=CN=CC=C5,False,CC(C)(C)NC(=O)[C@@H]1C[NH+](Cc2cccnc2)CC[NH+]1C[C@@H](O)C[C@@H](Cc1ccccc1)C(=O)N[C@H]1c2ccccc2C[C@H]1O
Nisoldipine,CC1=C(C(C(=C(N1)C)C(=O)OCC(C)C)C2=CC=CC=C2[N+](=O)[O-])C(=O)OC,False,COC(=O)C1=C(C)NC(=C(C(=O)OCC(C)C)C1c1ccccc1[N+](=O)[O-])C
Azinphos-ethyl,CCOP(=S)(OCC)SCN1C(=O)C2=CC=CC=C2N=N1,False,CCOP(=S)(OCC)SCn1nnc2ccccc2c1=O
Chlorpyrifos,CCOP(=S)(OCC)OC1=NC(=C(C=C1Cl)Cl)Cl,False,CCOP(=S)(OCC)Oc1nc(Cl)c(Cl)cc1Cl
Quinine,COC1=CC2=C(C=CN=C2C=C1)[C@H]([C@@H]3C[C@@H]4CCN3C[C@@H]4C=C)O,False,C=C[C@H]1C[NH+]2CC[C@H]1C[C@H]2[C@H](O)c1ccnc2ccc(OC)cc12
(+)-citronellal,C[C@H](CCC=C(C)C)CC=O,False,CC(=CCC[C@@H](C)CC=O)C
Abietic acid,CC(C)C1=CC2=CC[C@@H]3[C@@]([C@H]2CC1)(CCC[C@@]3(C)C(=O)O)C,False,CC(C)C1=CC2=CC[C@@H]3[C@](C)(CCC[C@@]3(C)C(=O)[O-])[C@H]2CC1
Cucurbitacin I,C[C@@]12C[C@H]([C@@H]([C@]1(CC(=O)[C@@]3([C@H]2CC=C4[C@H]3C=C(C(=O)C4(C)C)O)C)C)[C@](C)(C(=O)/C=C/C(C)(C)O)O)O,False,CC(C)(O)/C=C/C(=O)[C@](C)(O)[C@H]1[C@H](O)C[C@@]2(C)[C@@H]3CC=C4[C@@H](C=C(O)C(=O)C4(C)C)[C@]3(C)C(=O)C[C@]12C
Forskolin,CC(=O)O[C@H]1[C@H]([C@@H]2[C@]([C@H](CCC2(C)C)O)([C@@]3([C@@]1(O[C@@](CC3=O)(C)C=C)C)O)C)O,False,C=C[C@@]1(C)CC(=O)[C@]2(O)[C@@]3(C)[C@@H](O)CCC(C)(C)[C@@H]3[C@H](O)[C@H](OC(=O)C)[C@@]2(C)O1
Dicapthon,COP(=S)(OC)OC1=C(C=C(C=C1)[N+](=O)[O-])Cl,False,COP(=S)(OC)Oc1ccc([N+](=O)[O-])cc1Cl
Parathion,CCOP(=S)(OCC)OC1=CC=C(C=C1)[N+](=O)[O-],False,CCOP(=S)(OCC)Oc1ccc([N+](=O)[O-])cc1
Atorvastatin,CC(C)C1=C(C(=C(N1CC[C@H](C[C@H](CC(=O)O)O)O)C2=CC=C(C=C2)F)C3=CC=CC=C3)C(=O)NC4=CC=CC=C4,False,CC(C)c1c(C(=O)Nc2ccccc2)c(c2ccccc2)c(c2ccc(F)cc2)n1CC[C@@H](O)C[C@@H](O)CC(=O)[O-]
Vincristine,CC[C@@]1(C[C@@H]2C[C@@](C3=C(CCN(C2)C1)C4=CC=CC=C4N3)(C5=C(C=C6C(=C5)[C@]78CCN9[C@H]7[C@@](C=CC9)([C@H]([C@@]([C@@H]8N6C=O)(C(=O)OC)O)OC(=O)C)CC)OC)C(=O)OC)O,False,CC[C@]1(O)C[C@H]2C[NH+](CCc3c([nH]c4ccccc34)[C@@](C(=O)OC)(c3cc4c(cc3OC)N(C=O)[C@H]3[C@@](O)(C(=O)OC)[C@H](OC(=O)C)[C@]5(CC)C=CC[NH+]6CC[C@]43[C@H]56)C2)C1
Propranolol,CC(C)NCC(COC1=CC=CC2=CC=CC=C21)O,False,CC(C)[NH2+]CC(O)COc1cccc2ccccc12
Alpha-terpinene,CC1=CC=C(CC1)C(C)C,False,CC1=CC=C(C(C)C)CC1
Tetraphenylphosphonium,C1=CC=C(C=C1)[P+](C2=CC=CC=C2)(C3=CC=CC=C3)C4=CC=CC=C4,False,c1ccc([P+](c2ccccc2)(c2ccccc2)c2ccccc2)cc1
Terpinolene,CC1=CCC(=C(C)C)CC1,False,CC1=CCC(=C(C)C)CC1
(-)-citronellol,C[C@@H](CCC=C(C)C)CCO,False,CC(=CCC[C@H](C)CCO)C
(-)-beta-pinene,CC1([C@H]2CCC(=C)[C@@H]1C2)C,False,C=C1CC[C@H]2C[C@@H]1C2(C)C
Celiprolol,CCN(CC)C(=O)NC1=CC(=C(C=C1)OCC(CNC(C)(C)C)O)C(=O)C,False,CCN(CC)C(=O)Nc1ccc(OCC(O)C[NH2+]C(C)(C)C)c(C(=O)C)c1
Doxorubicin,C[C@H]1[C@H]([C@H](C[C@@H](O1)O[C@H]2C[C@@](CC3=C2C(=C4C(=C3O)C(=O)C5=C(C4=O)C(=CC=C5)OC)O)(C(=O)CO)O)N)O,False,COc1cccc2c1C(=O)c1c(O)c3c(c(O)c1C2=O)C[C@@](O)(C(=O)CO)C[C@@H]3O[C@H]1C[C@H]([NH3+])[C@H](O)[C@H](C)O1
Methoxyfenozide,CC1=CC(=CC(=C1)C(=O)N(C(C)(C)C)NC(=O)C2=C(C(=CC=C2)OC)C)C,False,COc1cccc(C(=O)NN(C(=O)c2cc(C)cc(C)c2)C(C)(C)C)c1C
Diltiazem,CC(=O)O[C@@H]1[C@@H](SC2=CC=CC=C2N(C1=O)CCN(C)C)C3=CC=C(C=C3)OC,False,COc1ccc([C@@H]2Sc3ccccc3N(CC[NH+](C)C)C(=O)[C@@H]2OC(=O)C)cc1
B869-60,[B]B([B])B(B([B])[B])B(B(B([B])[B])B([B])[B])B(B(B(B([B])[B])B([B])[B])B(B([B])[B])B([B])[B])B(B(B(B(B([B])[B])B([B])[B])B(B([B])[B])B([B])[B])B(B(B([B])[B])B([B])[B])B(B([B])[B])B([B])[B])B(B(B(B(B(B([B])[B])B([B])[B])B(B([B])[B])B([B])[B])B(B(B([B])[B]),False,
Diazinon,CCOP(=S)(OCC)OC1=NC(=NC(=C1)C)C(C)C,False,CCOP(=S)(OCC)Oc1cc(C)nc(C(C)C)n1
Troleandomycin,C[C@@H]1C[C@@H]([C@H]([C@@H](O1)O[C@H]2[C@H](C[C@@]3(CO3)C(=O)[C@@H]([C@H]([C@H]([C@H](OC(=O)[C@@H]([C@H]([C@@H]2C)O[C@H]4C[C@@H]([C@H]([C@@H](O4)C)OC(=O)C)OC)C)C)C)OC(=O)C)C)C)OC(=O)C)N(C)C,False,CO[C@H]1C[C@H](O[C@H]2[C@H](C)[C@@H](O[C@@H]3O[C@H](C)C[C@H]([NH+](C)C)[C@H]3OC(=O)C)[C@@H](C)C[C@@]3(CO3)C(=O)[C@H](C)[C@@H](OC(=O)C)[C@@H](C)[C@@H](C)OC(=O)[C@@H]2C)O[C@@H](C)[C@@H]1OC(=O)C
Bay K 8644,CC1=C(C(C(=C(N1)C)[N+](=O)[O-])C2=CC=CC=C2C(F)(F)F)C(=O)OC,False,COC(=O)C1=C(C)NC(=C([N+](=O)[O-])C1c1ccccc1C(F)(F)F)C
Glycyrrhetic acid,C[C@]12CC[C@](C[C@H]1C3=CC(=O)[C@@H]4[C@]5(CC[C@@H](C([C@@H]5CC[C@]4([C@@]3(CC2)C)C)(C)C)O)C)(C)C(=O)O,False,CC1(C)[C@@H](O)CC[C@]2(C)[C@H]3C(=O)C=C4[C@@H]5C[C@@](C)(C(=O)[O-])CC[C@]5(C)CC[C@@]4(C)[C@]3(C)CC[C@@H]12
Domperidone,C1CN(CCC1N2C3=C(C=C(C=C3)Cl)NC2=O)CCCN4C5=CC=CC=C5NC4=O,False,O=c1[nH]c2ccccc2n1CCC[NH+]1CCC(n2c(=O)[nH]c3cc(Cl)ccc23)CC1
Alfentanil,CCC(=O)N(C1=CC=CC=C1)C2(CCN(CC2)CCN3C(=O)N(N=N3)CC)COC,False,CCC(=O)N(c1ccccc1)C1(COC)CC[NH+](CCn2nnn(CC)c2=O)CC1
Erythromycin A,CC[C@@H]1[C@@]([C@@H]([C@H](C(=O)[C@@H](C[C@@]([C@@H]([C@H]([C@@H]([C@H](C(=O)O1)C)O[C@H]2C[C@@]([C@H]([C@@H](O2)C)O)(C)OC)C)O[C@H]3[C@@H]([C@H](C[C@H](O3)C)N(C)C)O)(C)O)C)C)O)(C)O,False,CC[C@H]1OC(=O)[C@H](C)[C@@H](O[C@H]2C[C@@](C)(OC)[C@@H](O)[C@H](C)O2)[C@H](C)[C@@H](O[C@@H]2O[C@H](C)C[C@H]([NH+](C)C)[C@H]2O)[C@](C)(O)C[C@@H](C)C(=O)[C@H](C)[C@@H](O)[C@]1(C)O
