drugs,smiles,labels,clean_smiles_pH,clean_smiles_neu,clean_smiles_pH_valid,clean_smiles_neu_valid
Brexpiprazole,O=C1NC2=CC(OCCCCN3CCN(CC3)C3=C4C=CSC4=CC=C3)=CC=C2C=C1,False,O=c1ccc2ccc(OCCCC[NH+]3CCN(c4cccc5sccc45)CC3)cc2[nH]1,O=c1ccc2ccc(OCCCCN3CCN(c4cccc5sccc45)CC3)cc2[nH]1,0,0
Gefitinib,COC1=CC2=C(C=C1OCCCN1CCOCC1)C(NC1=CC(Cl)=C(F)C=C1)=NC=N2,True,COc1cc2ncnc(Nc3ccc(F)c(Cl)c3)c2cc1OCCC[NH+]1CCOCC1,COc1cc2ncnc(Nc3ccc(F)c(Cl)c3)c2cc1OCCCN1CCOCC1,0,0
Cobimetinib Fumarate,OC(=O)\C=C\C(O)=O.OC1(CN(C1)C(=O)C1=CC=C(F)C(F)=C1NC1=C(F)C=C(I)C=C1)[C@@H]1CCCCN1,True,O=C(c1ccc(F)c(F)c1Nc1ccc(I)cc1F)N1CC(O)([C@@H]2CCCC[NH2+]2)C1,O=C(c1ccc(F)c(F)c1Nc1ccc(I)cc1F)N1CC(O)([C@@H]2CCCCN2)C1,0,0
Digoxin,[H][C@]12CC[C@]3([H])[C@]([H])(C[C@@H](O)[C@]4(C)[C@H](CC[C@]34O)C3=CC(=O)OC3)[C@@]1(C)CC[C@@H](C2)O[C@H]1C[C@H](O)[C@H](O[C@H]2C[C@H](O)[C@H](O[C@H]3C[C@H](O)[C@H](O)[C@@H](C)O3)[C@@H](C)O2)[C@@H](C)O1,True,C[C@H]1O[C@@H](O[C@H]2[C@@H](O)C[C@H](O[C@H]3[C@@H](O)C[C@H](O[C@H]4CC[C@@]5(C)[C@H](CC[C@@H]6[C@@H]5C[C@@H](O)[C@]5(C)[C@@H](C7=CC(=O)OC7)CC[C@]65O)C4)O[C@@H]3C)O[C@@H]2C)C[C@H](O)[C@@H]1O,C[C@H]1O[C@@H](O[C@H]2[C@@H](O)C[C@H](O[C@H]3[C@@H](O)C[C@H](O[C@H]4CC[C@@]5(C)[C@H](CC[C@@H]6[C@@H]5C[C@@H](O)[C@]5(C)[C@@H](C7=CC(=O)OC7)CC[C@]65O)C4)O[C@@H]3C)O[C@@H]2C)C[C@H](O)[C@@H]1O,0,0
Maraviroc,[H][C@]12CC[C@]([H])(C[C@H](C1)N1C(C)=NN=C1C(C)C)N2CC[C@H](NC(=O)C1CCC(F)(F)CC1)C1=CC=CC=C1,True,Cc1nnc(C(C)C)n1[C@@H]1C[C@H]2CC[C@@H](C1)[NH+]2CC[C@H](NC(=O)C1CCC(F)(F)CC1)c1ccccc1,Cc1nnc(C(C)C)n1[C@@H]1C[C@H]2CC[C@@H](C1)N2CC[C@H](NC(=O)C1CCC(F)(F)CC1)c1ccccc1,0,0
Sertraline Hydrochloride,Cl.CN[C@H]1CC[C@@H](C2=CC=C(Cl)C(Cl)=C2)C2=C1C=CC=C2,True,C[NH2+][C@H]1CC[C@@H](c2ccc(Cl)c(Cl)c2)c2ccccc12,CN[C@H]1CC[C@@H](c2ccc(Cl)c(Cl)c2)c2ccccc21,0,0
Suvorexant,C[C@@H]1CCN(CCN1C(=O)C1=CC(C)=CC=C1N1N=CC=N1)C1=NC2=C(O1)C=CC(Cl)=C2,False,Cc1ccc(n2nccn2)c(C(=O)N2CCN(c3nc4cc(Cl)ccc4o3)CC[C@H]2C)c1,Cc1ccc(-n2nccn2)c(C(=O)N2CCN(c3nc4cc(Cl)ccc4o3)CC[C@H]2C)c1,0,0
Axitinib,CNC(=O)C1=C(SC2=CC=C3C(NN=C3\C=C\C3=NC=CC=C3)=C2)C=CC=C1,True,CNC(=O)c1ccccc1Sc1ccc2c(/C=C/c3ccccn3)n[nH]c2c1,CNC(=O)c1ccccc1Sc1ccc2c(/C=C/c3ccccn3)n[nH]c2c1,0,0
Ixazomib Citrate,CC(C)C[C@H](NC(=O)CNC(=O)C1=C(Cl)C=CC(Cl)=C1)B1OC(=O)C(CC(O)=O)(CC(O)=O)O1,True,CC(C)C[C@H](NC(=O)CNC(=O)c1cc(Cl)ccc1Cl)B1OC(=O)C(CC(=O)[O-])(CC(=O)[O-])O1,CC(C)C[C@H](NC(=O)CNC(=O)c1cc(Cl)ccc1Cl)B1OC(=O)C(CC(=O)O)(CC(=O)O)O1,0,0
Verapamil Hydrochloride,Cl.COC1=CC=C(CCN(C)CCCC(C#N)(C(C)C)C2=CC=C(OC)C(OC)=C2)C=C1OC,True,COc1ccc(CC[NH+](C)CCCC(C#N)(c2ccc(OC)c(OC)c2)C(C)C)cc1OC,COc1ccc(CCN(C)CCCC(C#N)(c2ccc(OC)c(OC)c2)C(C)C)cc1OC,0,0
Revefenacin,CN(CCN1CCC(CC1)OC(=O)NC1=C(C=CC=C1)C1=CC=CC=C1)C(=O)C1=CC=C(CN2CCC(CC2)C(N)=O)C=C1,True,CN(CC[NH+]1CCC(OC(=O)Nc2ccccc2c2ccccc2)CC1)C(=O)c1ccc(C[NH+]2CCC(C(=O)N)CC2)cc1,CN(CCN1CCC(OC(=O)Nc2ccccc2-c2ccccc2)CC1)C(=O)c1ccc(CN2CCC(C(N)=O)CC2)cc1,0,0
Quinidine Hydrochloride,Cl.[H][C@@]1(C[C@@H]2CC[N@]1C[C@@H]2C=C)[C@@H](O)C1=C2C=C(OC)C=CC2=NC=C1,True,C=C[C@H]1C[N@@H+]2CC[C@H]1C[C@@H]2[C@@H](O)c1ccnc2ccc(OC)cc12,C=C[C@H]1C[N@@]2CC[C@H]1C[C@@H]2[C@@H](O)c1ccnc2ccc(OC)cc12,0,0
Peramivir,O.[H][C@]1([C@H](O)[C@H](C[C@H]1NC(N)=N)C(O)=O)[C@@H](NC(C)=O)C(CC)CC,False,CCC(CC)[C@H](NC(=O)C)[C@@H]1[C@H](O)[C@@H](C(=O)[O-])C[C@H]1NC(=[NH2+])N,CCC(CC)[C@H](NC(C)=O)[C@@H]1[C@H](O)[C@@H](C(=O)O)C[C@H]1NC(=N)N,0,0
Propranolol Hydrochloride,Cl.CC(C)NCC(O)COC1=C2C=CC=CC2=CC=C1,False,CC(C)[NH2+]CC(O)COc1cccc2ccccc12,CC(C)NCC(O)COc1cccc2ccccc12,0,0
Midazolam Hydrochloride,Cl.CC1=NC=C2CN=C(C3=CC=CC=C3F)C3=CC(Cl)=CC=C3N12,False,Cc1ncc2n1-c1ccc(Cl)cc1C(=NC2)c1ccccc1F,Cc1ncc2n1-c1ccc(Cl)cc1C(c1ccccc1F)=NC2,0,0
Carbamazepine,NC(=O)N1C2=CC=CC=C2C=CC2=CC=CC=C12,False,NC(=O)N1c2ccccc2C=Cc2ccccc12,NC(=O)N1c2ccccc2C=Cc2ccccc21,0,0
Phenazone,CN1N(C(=O)C=C1C)C1=CC=CC=C1,False,Cc1cc(=O)n(c2ccccc2)n1C,Cc1cc(=O)n(-c2ccccc2)n1C,0,0
Lamotrigine,NC1=NC(N)=C(N=N1)C1=CC=CC(Cl)=C1Cl,False,Nc1nnc(c2cccc(Cl)c2Cl)c(N)n1,Nc1nnc(-c2cccc(Cl)c2Cl)c(N)n1,0,0
Emtricitabine,NC1=NC(=O)N(C=C1F)[C@@H]1CS[C@H](CO)O1,False,Nc1nc(=O)n([C@@H]2CS[C@H](CO)O2)cc1F,Nc1nc(=O)n([C@@H]2CS[C@H](CO)O2)cc1F,0,0
Bortezomib,CC(C)C[C@H](NC(=O)[C@H](CC1=CC=CC=C1)NC(=O)C1=CN=CC=N1)B(O)O,False,CC(C)C[C@H](NC(=O)[C@H](Cc1ccccc1)NC(=O)c1cnccn1)B(O)O,CC(C)C[C@H](NC(=O)[C@H](Cc1ccccc1)NC(=O)c1cnccn1)B(O)O,0,0
Budesonide,[H][C@@]12C[C@@]3([H])[C@]4([H])CCC5=CC(=O)C=C[C@]5(C)[C@@]4([H])[C@@H](O)C[C@]3(C)[C@@]1(OC(CCC)O2)C(=O)CO,True,CCCC1O[C@@H]2C[C@H]3[C@@H]4CCC5=CC(=O)C=C[C@]5(C)[C@H]4[C@@H](O)C[C@]3(C)[C@]2(C(=O)CO)O1,CCCC1O[C@@H]2C[C@H]3[C@@H]4CCC5=CC(=O)C=C[C@]5(C)[C@H]4[C@@H](O)C[C@]3(C)[C@]2(C(=O)CO)O1,0,0
Metoclopramide Hydrochloride,Cl.CCN(CC)CCNC(=O)C1=CC(Cl)=C(N)C=C1OC,False,CC[NH+](CC)CCNC(=O)c1cc(Cl)c(N)cc1OC,CCN(CC)CCNC(=O)c1cc(Cl)c(N)cc1OC,0,0
Dexamethasone,C[C@@H]1C[C@H]2[C@@H]3CCC4=CC(=O)C=C[C@@]4([C@]3([C@H](C[C@@]2([C@]1(C(=O)CO)O)C)O)F)C,True,C[C@@H]1C[C@H]2[C@@H]3CCC4=CC(=O)C=C[C@]4(C)[C@@]3(F)[C@@H](O)C[C@]2(C)[C@@]1(O)C(=O)CO,C[C@@H]1C[C@H]2[C@@H]3CCC4=CC(=O)C=C[C@]4(C)[C@@]3(F)[C@@H](O)C[C@]2(C)[C@@]1(O)C(=O)CO,0,0
Ondansetron,CN1C2=C(C(=O)C(CC2)CN2C=CN=C2C)C2=C1C=CC=C2,False,Cc1nccn1CC1CCc2c(c3ccccc3n2C)C1=O,Cc1nccn1CC1CCc2c(c3ccccc3n2C)C1=O,0,0
Duloxetine Hydrochloride,Cl.CNCC[C@H](OC1=C2C=CC=CC2=CC=C1)C1=CC=CS1,False,C[NH2+]CC[C@H](Oc1cccc2ccccc12)c1cccs1,CNCC[C@H](Oc1cccc2ccccc12)c1cccs1,0,0
Paroxetine Hydrochloride,Cl.FC1=CC=C(C=C1)[C@@H]1CCNC[C@H]1COC1=CC=C2OCOC2=C1,False,Fc1ccc([C@@H]2CC[NH2+]C[C@H]2COc2ccc3c(c2)OCO3)cc1,Fc1ccc([C@@H]2CCNC[C@H]2COc2ccc3c(c2)OCO3)cc1,0,0
Trametinib Dimethyl Sulfoxide,CS(C)=O.CN1C(=O)C(C)=C2N(C(=O)N(C3CC3)C(=O)C2=C1NC1=CC=C(I)C=C1F)C1=CC(NC(C)=O)=CC=C1,False,CC(=O)Nc1cccc(n2c(=O)n(C3CC3)c(=O)c3c(Nc4ccc(I)cc4F)n(C)c(=O)c(C)c23)c1,CC(=O)Nc1cccc(-n2c(=O)n(C3CC3)c(=O)c3c(Nc4ccc(I)cc4F)n(C)c(=O)c(C)c32)c1,0,0
Risperidone,CC1=C(CCN2CCC(CC2)C2=NOC3=C2C=CC(F)=C3)C(=O)N2CCCCC2=N1,True,Cc1nc2n(c(=O)c1CC[NH+]1CCC(c3noc4cc(F)ccc34)CC1)CCCC2,Cc1nc2n(c(=O)c1CCN1CCC(c3noc4cc(F)ccc34)CC1)CCCC2,0,0
Rivaroxaban,ClC1=CC=C(S1)C(=O)NC[C@H]1CN(C(=O)O1)C1=CC=C(C=C1)N1CCOCC1=O,True,O=C(NC[C@H]1CN(c2ccc(N3CCOCC3=O)cc2)C(=O)O1)c1ccc(Cl)s1,O=C(NC[C@H]1CN(c2ccc(N3CCOCC3=O)cc2)C(=O)O1)c1ccc(Cl)s1,0,0
Venlafaxine Hydrochloride,Cl.COC1=CC=C(C=C1)C(CN(C)C)C1(O)CCCCC1,True,COc1ccc(C(C[NH+](C)C)C2(O)CCCCC2)cc1,COc1ccc(C(CN(C)C)C2(O)CCCCC2)cc1,0,0
Telaprevir,[H][C@@]12CCC[C@]1([H])[C@H](N(C2)C(=O)[C@@H](NC(=O)[C@@H](NC(=O)C1=NC=CN=C1)C1CCCCC1)C(C)(C)C)C(=O)N[C@@H](CCC)C(=O)C(=O)NC1CC1,True,CCC[C@H](NC(=O)[C@@H]1[C@H]2CCC[C@H]2CN1C(=O)[C@@H](NC(=O)[C@@H](NC(=O)c1cnccn1)C1CCCCC1)C(C)(C)C)C(=O)C(=O)NC1CC1,CCC[C@H](NC(=O)[C@@H]1[C@H]2CCC[C@H]2CN1C(=O)[C@@H](NC(=O)[C@@H](NC(=O)c1cnccn1)C1CCCCC1)C(C)(C)C)C(=O)C(=O)NC1CC1,0,0
Silodosin,C[C@H](CC1=CC2=C(N(CCCO)CC2)C(=C1)C(N)=O)NCCOC1=C(OCC(F)(F)F)C=CC=C1,True,C[C@H](Cc1cc2c(c(C(=O)N)c1)N(CCCO)CC2)[NH2+]CCOc1ccccc1OCC(F)(F)F,C[C@H](Cc1cc2c(c(C(N)=O)c1)N(CCCO)CC2)NCCOc1ccccc1OCC(F)(F)F,0,0
Desloratadine,ClC1=CC2=C(C=C1)\C(=C1\CCNCC1)C1=C(CC2)C=CC=N1,True,Clc1ccc2c(c1)CCc1cccnc1C2=C1CC[NH2+]CC1,Clc1ccc2c(c1)CCc1cccnc1C2=C1CCNCC1,0,0
Citalopram Hydrobromide,Br.CN(C)CCCC1(OCC2=C1C=CC(=C2)C#N)C1=CC=C(F)C=C1,True,C[NH+](C)CCCC1(c2ccc(F)cc2)OCc2cc(C#N)ccc12,CN(C)CCCC1(c2ccc(F)cc2)OCc2cc(C#N)ccc21,0,0
Raltegravir Potassium,[K+].CN1C(=O)C([O-])=C(N=C1C(C)(C)NC(=O)C1=NN=C(C)O1)C(=O)NCC1=CC=C(F)C=C1,True,Cc1nnc(C(=O)NC(C)(C)c2nc(C(=O)NCc3ccc(F)cc3)c([O-])c(=O)n2C)o1,Cc1nnc(C(=O)NC(C)(C)c2nc(C(=O)NCc3ccc(F)cc3)c(O)c(=O)n2C)o1,0,0
Edoxaban Tosylate,O.CC1=CC=C(C=C1)S(O)(=O)=O.CN1CCC2=C(C1)SC(=N2)C(=O)N[C@@H]1C[C@H](CC[C@@H]1NC(=O)C(=O)NC1=NC=C(Cl)C=C1)C(=O)N(C)C,True,C[NH+]1CCc2nc(C(=O)N[C@@H]3C[C@@H](C(=O)N(C)C)CC[C@@H]3NC(=O)C(=O)Nc3ccc(Cl)cn3)sc2C1,CN1CCc2nc(C(=O)N[C@@H]3C[C@@H](C(=O)N(C)C)CC[C@@H]3NC(=O)C(=O)Nc3ccc(Cl)cn3)sc2C1,0,0
Ranolazine,COC1=CC=CC=C1OCC(O)CN1CCN(CC1)CC(=O)NC1=C(C)C=CC=C1C,True,COc1ccccc1OCC(O)C[NH+]1CC[NH+](CC(=O)Nc2c(C)cccc2C)CC1,COc1ccccc1OCC(O)CN1CCN(CC(=O)Nc2c(C)cccc2C)CC1,0,0
Olodaterol Hydrochloride,Cl.COC1=CC=C(CC(C)(C)NC[C@H](O)C2=C3OCC(=O)NC3=CC(O)=C2)C=C1,True,COc1ccc(CC(C)(C)[NH2+]C[C@H](O)c2cc(O)cc3c2OCC(=O)N3)cc1,COc1ccc(CC(C)(C)NC[C@H](O)c2cc(O)cc3c2OCC(=O)N3)cc1,0,0
Nifurtimox,CC1CS(=O)(=O)CCN1\N=C\C1=CC=C(O1)N(=O)=O,False,CC1CS(=O)(=O)CCN1/N=C/c1ccc([N+](=O)[O-])o1,CC1CS(=O)(=O)CCN1/N=C/c1ccc([N+](=O)[O-])o1,0,0
Tazemetostat Hydrobromide,Br.CCN(C1CCOCC1)C1=C(C)C(=CC(=C1)C1=CC=C(CN2CCOCC2)C=C1)C(=O)NCC1=C(C)C=C(C)NC1=O,True,CCN(c1cc(c2ccc(C[NH+]3CCOCC3)cc2)cc(C(=O)NCc2c(C)cc(C)[nH]c2=O)c1C)C1CCOCC1,CCN(c1cc(-c2ccc(CN3CCOCC3)cc2)cc(C(=O)NCc2c(C)cc(C)[nH]c2=O)c1C)C1CCOCC1,0,0
Abametapir,CC1=CC=C(N=C1)C1=NC=C(C)C=C1,False,Cc1ccc(c2ccc(C)cn2)nc1,Cc1ccc(-c2ccc(C)cn2)nc1,0,0
Rifamycin,CO[C@H]1\C=C\O[C@@]2(C)OC3=C(C)C(O)=C4C(O)=C(NC(=O)\C(C)=C/C=C/[C@H](C)[C@H](O)[C@@H](C)[C@@H](O)[C@@H](C)[C@H](OC(C)=O)[C@@H]1C)C=C(O)C4=C3C2=O,True,CO[C@H]1/C=C/O[C@@]2(C)Oc3c(C)c(O)c4c(O)c(cc(O)c4c3C2=O)NC(=O)/C(=C\C=C\[C@H](C)[C@H](O)[C@@H](C)[C@@H](O)[C@@H](C)[C@H](OC(=O)C)[C@@H]1C)/C,CO[C@H]1/C=C/O[C@@]2(C)Oc3c(C)c(O)c4c(O)c(cc(O)c4c3C2=O)NC(=O)/C(C)=C\C=C\[C@H](C)[C@H](O)[C@@H](C)[C@@H](O)[C@@H](C)[C@H](OC(C)=O)[C@@H]1C,0,0
Tenapanor Hydrochloride,Cl.CN1C[C@@H](C2=CC(=CC=C2)S(=O)(=O)NCCOCCOCCNC(=O)NCCCCNC(=O)NCCOCCOCCNS(=O)(=O)C2=CC=CC(=C2)[C@@H]2CN(C)CC3=C2C=C(Cl)C=C3Cl)C2=C(C1)C(Cl)=CC(Cl)=C2,True,C[NH+]1Cc2c(Cl)cc(Cl)cc2[C@H](c2cccc(S(=O)(=O)NCCOCCOCCNC(=O)NCCCCNC(=O)NCCOCCOCCNS(=O)(=O)c3cccc([C@@H]4C[NH+](C)Cc5c(Cl)cc(Cl)cc45)c3)c2)C1,CN1Cc2c(Cl)cc(Cl)cc2[C@H](c2cccc(S(=O)(=O)NCCOCCOCCNC(=O)NCCCCNC(=O)NCCOCCOCCNS(=O)(=O)c3cccc([C@@H]4CN(C)Cc5c(Cl)cc(Cl)cc54)c3)c2)C1,0,0
Amisulpride,CCN1CCCC1CNC(=O)C1=CC(=C(N)C=C1OC)S(=O)(=O)CC,True,CC[NH+]1CCCC1CNC(=O)c1cc(S(=O)(=O)CC)c(N)cc1OC,CCN1CCCC1CNC(=O)c1cc(S(=O)(=O)CC)c(N)cc1OC,0,0
Fedratinib Hydrochloride,Cl.CC1=CN=C(NC2=CC=C(OCCN3CCCC3)C=C2)N=C1NC1=CC(=CC=C1)S(=O)(=O)NC(C)(C)C,True,Cc1cnc(Nc2ccc(OCC[NH+]3CCCC3)cc2)nc1Nc1cccc(S(=O)(=O)NC(C)(C)C)c1,Cc1cnc(Nc2ccc(OCCN3CCCC3)cc2)nc1Nc1cccc(S(=O)(=O)NC(C)(C)C)c1,0,0
Eliglustat Tartrate,O[C@H]([C@@H](O)C(O)=O)C(O)=O.CCCCCCCC(=O)N[C@H](CN1CCCC1)[C@H](O)C1=CC=C2OCCOC2=C1,True,CCCCCCCC(=O)N[C@H](C[NH+]1CCCC1)[C@H](O)c1ccc2c(c1)OCCO2,CCCCCCCC(=O)N[C@H](CN1CCCC1)[C@H](O)c1ccc2c(c1)OCCO2,0,0
Prucalopride Succinate,OC(=O)CCC(O)=O.COCCCN1CCC(CC1)NC(=O)C1=CC(Cl)=C(N)C2=C1OCC2,True,COCCC[NH+]1CCC(NC(=O)c2cc(Cl)c(N)c3c2OCC3)CC1,COCCCN1CCC(NC(=O)c2cc(Cl)c(N)c3c2OCC3)CC1,0,0
Apremilast,CCOC1=C(OC)C=CC(=C1)[C@@H](CS(C)(=O)=O)N1C(=O)C2=CC=CC(NC(C)=O)=C2C1=O,True,CCOc1cc([C@@H](CS(=O)(=O)C)N2C(=O)c3cccc(NC(=O)C)c3C2=O)ccc1OC,CCOc1cc([C@@H](CS(C)(=O)=O)N2C(=O)c3cccc(NC(C)=O)c3C2=O)ccc1OC,0,0
Elvitegravir,COC1=CC2=C(C=C1CC1=CC=CC(Cl)=C1F)C(=O)C(=CN2[C@H](CO)C(C)C)C(O)=O,True,COc1cc2c(cc1Cc1cccc(Cl)c1F)c(=O)c(C(=O)[O-])cn2[C@H](CO)C(C)C,COc1cc2c(cc1Cc1cccc(Cl)c1F)c(=O)c(C(=O)O)cn2[C@H](CO)C(C)C,0,0
Eluxadoline,COC1=C(C=C(CN([C@@H](C)C2=NC(=CN2)C2=CC=CC=C2)C(=O)[C@@H](N)CC2=C(C)C=C(C=C2C)C(N)=O)C=C1)C(O)=O,True,COc1ccc(CN(C(=O)[C@@H]([NH3+])Cc2c(C)cc(C(=O)N)cc2C)[C@@H](C)c2nc(c3ccccc3)c[nH]2)cc1C(=O)[O-],COc1ccc(CN(C(=O)[C@@H](N)Cc2c(C)cc(C(N)=O)cc2C)[C@@H](C)c2nc(-c3ccccc3)c[nH]2)cc1C(=O)O,0,0
Eravacycline dihydrochloride,Cl.[H][C@@]12CC3=C(F)C=C(NC(=O)CN4CCCC4)C(O)=C3C(=O)C1=C(O)[C@]1(O)C(=O)C(C(N)=O)=C(O)[C@@H](N(C)C)[C@]1([H])C2,True,C[NH+](C)[C@@H]1C(=C(C(=O)N)C(=O)[C@@]2(O)C(=C3C(=O)c4c(O)c(NC(=O)C[NH+]5CCCC5)cc(F)c4C[C@H]3C[C@@H]12)[O-])[O-],CN(C)[C@@H]1C(O)=C(C(N)=O)C(=O)[C@@]2(O)C(O)=C3C(=O)c4c(O)c(NC(=O)CN5CCCC5)cc(F)c4C[C@H]3C[C@@H]12,0,0
Omacetaxine Mepesuccinate,[H][C@@]12C(OC(=O)[C@@](O)(CCCC(C)(C)O)CC(=O)OC)C(OC)=C[C@@]11CCCN1CCC1=CC3=C(OCO3)C=C21,True,COC(=O)C[C@](O)(CCCC(C)(C)O)C(=O)OC1C(=C[C@]23CCC[NH+]2CCc2cc4c(cc2[C@H]13)OCO4)OC,COC(=O)C[C@](O)(CCCC(C)(C)O)C(=O)OC1C(OC)=C[C@]23CCCN2CCc2cc4c(cc2[C@H]13)OCO4,0,0
Ritonavir,CC(C)[C@H](NC(=O)N(C)CC1=CSC(=N1)C(C)C)C(=O)N[C@H](C[C@H](O)[C@H](CC1=CC=CC=C1)NC(=O)OCC1=CN=CS1)CC1=CC=CC=C1,True,CC(C)c1nc(CN(C)C(=O)N[C@H](C(=O)N[C@@H](Cc2ccccc2)C[C@H](O)[C@H](Cc2ccccc2)NC(=O)OCc2cncs2)C(C)C)cs1,CC(C)c1nc(CN(C)C(=O)N[C@H](C(=O)N[C@@H](Cc2ccccc2)C[C@H](O)[C@H](Cc2ccccc2)NC(=O)OCc2cncs2)C(C)C)cs1,0,0
Amprenavir,CC(C)CN(C[C@@H](O)[C@H](CC1=CC=CC=C1)NC(=O)O[C@H]1CCOC1)S(=O)(=O)C1=CC=C(N)C=C1,True,CC(C)CN(C[C@@H](O)[C@H](Cc1ccccc1)NC(=O)O[C@H]1CCOC1)S(=O)(=O)c1ccc(N)cc1,CC(C)CN(C[C@@H](O)[C@H](Cc1ccccc1)NC(=O)O[C@H]1CCOC1)S(=O)(=O)c1ccc(N)cc1,0,0
Indinavir Sulfate,OS(O)(=O)=O.CC(C)(C)NC(=O)[C@@H]1CN(CCN1C[C@@H](O)C[C@@H](CC1=CC=CC=C1)C(=O)N[C@@H]1[C@H](O)CC2=C1C=CC=C2)CC1=CC=CN=C1,True,CC(C)(C)NC(=O)[C@@H]1C[NH+](Cc2cccnc2)CC[NH+]1C[C@@H](O)C[C@@H](Cc1ccccc1)C(=O)N[C@H]1c2ccccc2C[C@H]1O,CC(C)(C)NC(=O)[C@@H]1CN(Cc2cccnc2)CCN1C[C@@H](O)C[C@@H](Cc1ccccc1)C(=O)N[C@H]1c2ccccc2C[C@H]1O,0,0
Darifenacin Hydrobromide,Br.NC(=O)C([C@@H]1CCN(CCC2=CC3=C(OCC3)C=C2)C1)(C1=CC=CC=C1)C1=CC=CC=C1,True,NC(=O)C(c1ccccc1)(c1ccccc1)[C@@H]1CC[NH+](CCc2ccc3c(c2)CCO3)C1,NC(=O)C(c1ccccc1)(c1ccccc1)[C@@H]1CCN(CCc2ccc3c(c2)CCO3)C1,0,0
Zidovudine,CC1=CN([C@H]2C[C@H](N=N#N)[C@@H](CO)O2)C(=O)NC1=O,True,Cc1cn([C@H]2C[C@H](N=[N+]=[N-])[C@@H](CO)O2)c(=O)[nH]c1=O,Cc1cn([C@H]2C[C@H](N=[N+]=[N-])[C@@H](CO)O2)c(=O)[nH]c1=O,0,0
Lamivudine,NC1=NC(=O)N(C=C1)[C@@H]1CS[C@H](CO)O1,True,Nc1ccn([C@@H]2CS[C@H](CO)O2)c(=O)n1,Nc1ccn([C@@H]2CS[C@H](CO)O2)c(=O)n1,0,0
Avanafil,COC1=CC=C(CNC2=NC(=NC=C2C(=O)NCC2=NC=CC=N2)N2CCC[C@H]2CO)C=C1Cl,False,COc1ccc(CNc2nc(N3CCC[C@H]3CO)ncc2C(=O)NCc2ncccn2)cc1Cl,COc1ccc(CNc2nc(N3CCC[C@H]3CO)ncc2C(=O)NCc2ncccn2)cc1Cl,0,0
Quinidine Gluconate,OC[C@@H](O)[C@@H](O)[C@H](O)[C@@H](O)C(O)=O.[H][C@@]12CCN(C[C@@H]1C=C)[C@]([H])(C2)[C@@H](O)C1=C2C=C(OC)C=CC2=NC=C1,True,C=C[C@H]1C[NH+]2CC[C@H]1C[C@@H]2[C@@H](O)c1ccnc2ccc(OC)cc12,C=C[C@H]1CN2CC[C@H]1C[C@@H]2[C@@H](O)c1ccnc2ccc(OC)cc12,0,0
Pitavastatin Sodium,[Na+].O[C@H](C[C@H](O)\C=C\C1=C(C2=CC=C(F)C=C2)C2=C(C=CC=C2)N=C1C1CC1)CC([O-])=O,False,O=C([O-])C[C@H](O)C[C@H](O)/C=C/c1c(C2CC2)nc2ccccc2c1c1ccc(F)cc1,O=C(O)C[C@H](O)C[C@H](O)/C=C/c1c(C2CC2)nc2ccccc2c1-c1ccc(F)cc1,0,0
Atorvastatin Calcium,[Ca++].CC(C)C1=C(C(=O)NC2=CC=CC=C2)C(C2=CC=CC=C2)=C(N1CC[C@@H](O)C[C@@H](O)CC([O-])=O)C1=CC=C(F)C=C1,True,CC(C)c1c(C(=O)Nc2ccccc2)c(c2ccccc2)c(c2ccc(F)cc2)n1CC[C@@H](O)C[C@@H](O)CC(=O)[O-],CC(C)c1c(C(=O)Nc2ccccc2)c(-c2ccccc2)c(-c2ccc(F)cc2)n1CC[C@@H](O)C[C@@H](O)CC(=O)O,0,0
Minoxidil,NC1=CC(=NC(N)=N1=O)N1CCCCC1,True,Nc1cc(N2CCCCC2)nc(N)[n+]1[O-],Nc1cc(N2CCCCC2)nc(N)[n+]1[O-],0,0
Labetalol Hydrochloride,Cl.CC(CCC1=CC=CC=C1)NCC(O)C1=CC=C(O)C(=C1)C(N)=O,True,CC(CCc1ccccc1)[NH2+]CC(O)c1ccc(O)c(C(=O)N)c1,CC(CCc1ccccc1)NCC(O)c1ccc(O)c(C(N)=O)c1,0,0
Repaglinide,CCOC1=CC(CC(=O)N[C@@H](CC(C)C)C2=CC=CC=C2N2CCCCC2)=CC=C1C(O)=O,True,CCOc1cc(CC(=O)N[C@@H](CC(C)C)c2ccccc2N2CCCCC2)ccc1C(=O)[O-],CCOc1cc(CC(=O)N[C@@H](CC(C)C)c2ccccc2N2CCCCC2)ccc1C(=O)O,0,0
Simvastatin,[H][C@]12[C@H](C[C@@H](C)C=C1C=C[C@H](C)[C@@H]2CC[C@@H]1C[C@@H](O)CC(=O)O1)OC(=O)C(C)(C)CC,True,CCC(C)(C)C(=O)O[C@H]1C[C@@H](C)C=C2C=C[C@H](C)[C@H](CC[C@@H]3C[C@@H](O)CC(=O)O3)[C@@H]12,CCC(C)(C)C(=O)O[C@H]1C[C@@H](C)C=C2C=C[C@H](C)[C@H](CC[C@@H]3C[C@@H](O)CC(=O)O3)[C@H]21,0,0
Loperamide Hydrochloride,Cl.CN(C)C(=O)C(CCN1CCC(O)(CC1)C1=CC=C(Cl)C=C1)(C1=CC=CC=C1)C1=CC=CC=C1,True,CN(C)C(=O)C(CC[NH+]1CCC(O)(c2ccc(Cl)cc2)CC1)(c1ccccc1)c1ccccc1,CN(C)C(=O)C(CCN1CCC(O)(c2ccc(Cl)cc2)CC1)(c1ccccc1)c1ccccc1,0,0
Topotecan Hydrochloride,Cl.CC[C@@]1(O)C(=O)OCC2=C1C=C1N(CC3=C1N=C1C=CC(O)=C(CN(C)C)C1=C3)C2=O,True,CC[C@@]1(O)C(=O)OCc2c1cc1-c3c(Cn1c2=O)cc1c(C[NH+](C)C)c(O)ccc1n3,CC[C@@]1(O)C(=O)OCc2c1cc1n(c2=O)Cc2cc3c(CN(C)C)c(O)ccc3nc2-1,0,0
Irinotecan Hydrochloride,Cl.CCC1=C2CN3C(=O)C4=C(C=C3C2=NC2=CC=C(OC(=O)N3CCC(CC3)N3CCCCC3)C=C12)[C@@](O)(CC)C(=O)OC4,True,CCc1c2c(-c3cc4c(c(=O)n3C2)COC(=O)[C@]4(O)CC)nc2ccc(OC(=O)N3CCC([NH+]4CCCCC4)CC3)cc12,CCc1c2c(nc3ccc(OC(=O)N4CCC(N5CCCCC5)CC4)cc13)-c1cc3c(c(=O)n1C2)COC(=O)[C@]3(O)CC,0,0
Olaparib,FC1=CC=C(CC2=NNC(=O)C3=CC=CC=C23)C=C1C(=O)N1CCN(CC1)C(=O)C1CC1,True,O=C(c1cc(Cc2n[nH]c(=O)c3ccccc23)ccc1F)N1CCN(C(=O)C2CC2)CC1,O=C(c1cc(Cc2n[nH]c(=O)c3ccccc23)ccc1F)N1CCN(C(=O)C2CC2)CC1,0,0
Temsirolimus,[H][C@@]12CCCCN1C(=O)C(=O)[C@]1(O)O[C@@H](CC[C@H]1C)C[C@H](OC)\C(C)=C\C=C\C=C\[C@@H](C)C[C@@H](C)C(=O)[C@H](OC)[C@H](O)\C(C)=C\[C@@H](C)C(=O)C[C@H](OC2=O)[C@H](C)C[C@@H]1CC[C@@H](OC(=O)C(C)(CO)CO)[C@@H](C1)OC,True,CO[C@H]1C[C@@H]2CC[C@@H](C)[C@@](O)(O2)C(=O)C(=O)N2CCCC[C@H]2C(=O)O[C@H]([C@H](C)C[C@@H]2CC[C@@H](OC(=O)C(C)(CO)CO)[C@H](OC)C2)CC(=O)[C@H](C)/C=C(\C)/[C@@H](O)[C@@H](OC)C(=O)[C@H](C)C[C@H](C)/C=C/C=C/C=C/1\C,CO[C@H]1C[C@@H]2CC[C@@H](C)[C@@](O)(O2)C(=O)C(=O)N2CCCC[C@H]2C(=O)O[C@H]([C@H](C)C[C@@H]2CC[C@@H](OC(=O)C(C)(CO)CO)[C@H](OC)C2)CC(=O)[C@H](C)/C=C(\C)[C@@H](O)[C@@H](OC)C(=O)[C@H](C)C[C@H](C)/C=C/C=C/C=C/1C,0,0
Roflumilast,FC(F)OC1=CC=C(C=C1OCC1CC1)C(=O)NC1=C(Cl)C=NC=C1Cl,False,O=C(Nc1c(Cl)cncc1Cl)c1ccc(OC(F)F)c(OCC2CC2)c1,O=C(Nc1c(Cl)cncc1Cl)c1ccc(OC(F)F)c(OCC2CC2)c1,0,0
Febuxostat,CC(C)COC1=CC=C(C=C1C#N)C1=NC(C)=C(S1)C(O)=O,False,Cc1nc(c2ccc(OCC(C)C)c(C#N)c2)sc1C(=O)[O-],Cc1nc(-c2ccc(OCC(C)C)c(C#N)c2)sc1C(=O)O,0,0
Nelarabine,COC1=C2N=CN([C@@H]3O[C@H](CO)[C@@H](O)[C@@H]3O)C2=NC(N)=N1,False,COc1nc(N)nc2c1ncn2[C@@H]1O[C@H](CO)[C@@H](O)[C@@H]1O,COc1nc(N)nc2c1ncn2[C@@H]1O[C@H](CO)[C@@H](O)[C@@H]1O,0,0
Asenapine Maleate,OC(=O)\C=C/C(O)=O.[H][C@]12CN(C)C[C@]1([H])C1=C(OC3=C2C=CC=C3)C=CC(Cl)=C1,False,C[NH+]1C[C@@H]2c3ccccc3Oc3ccc(Cl)cc3[C@H]2C1,CN1C[C@@H]2c3ccccc3Oc3ccc(Cl)cc3[C@H]2C1,0,0
Tetrabenazine,[H][C@@]12CC(=O)[C@@H](CC(C)C)CN1CCC1=CC(OC)=C(OC)C=C21,False,COc1cc2c(cc1OC)[C@@H]1CC(=O)[C@@H](CC(C)C)C[NH+]1CC2,COc1cc2c(cc1OC)[C@@H]1CC(=O)[C@@H](CC(C)C)CN1CC2,0,0
Crizotinib,C[C@@H](OC1=C(N)N=CC(=C1)C1=CN(N=C1)C1CCNCC1)C1=C(Cl)C(F)=CC=C1Cl,True,C[C@@H](Oc1cc(c2cnn(C3CC[NH2+]CC3)c2)cnc1N)c1c(Cl)ccc(F)c1Cl,C[C@@H](Oc1cc(-c2cnn(C3CCNCC3)c2)cnc1N)c1c(Cl)ccc(F)c1Cl,0,0
Enzalutamide,CNC(=O)C1=C(F)C=C(C=C1)N1C(=S)N(C(=O)C1(C)C)C1=CC(=C(C=C1)C#N)C(F)(F)F,False,CNC(=O)c1ccc(N2C(=S)N(c3ccc(C#N)c(C(F)(F)F)c3)C(=O)C2(C)C)cc1F,CNC(=O)c1ccc(N2C(=S)N(c3ccc(C#N)c(C(F)(F)F)c3)C(=O)C2(C)C)cc1F,0,0
Varenicline Tartrate,O[C@H]([C@@H](O)C(O)=O)C(O)=O.C1NC[C@@H]2C[C@H]1C1=CC3=NC=CN=C3C=C21,False,c1cnc2cc3c(cc2n1)[C@@H]1C[NH2+]C[C@H]3C1,c1cnc2cc3c(cc2n1)[C@@H]1CNC[C@H]3C1,0,0
Boceprevir,[H][C@]12CN([C@H](C(=O)NC(CC3CCC3)C(=O)C(N)=O)[C@@]1([H])C2(C)C)C(=O)[C@@H](NC(=O)NC(C)(C)C)C(C)(C)C,True,CC(C)(C)NC(=O)N[C@H](C(=O)N1C[C@H]2[C@@H]([C@H]1C(=O)NC(CC1CCC1)C(=O)C(=O)N)C2(C)C)C(C)(C)C,CC(C)(C)NC(=O)N[C@H](C(=O)N1C[C@H]2[C@@H]([C@H]1C(=O)NC(CC1CCC1)C(=O)C(N)=O)C2(C)C)C(C)(C)C,0,0
Pazopanib Hydrochloride,Cl.CN1N=C2C=C(C=CC2=C1C)N(C)C1=NC(NC2=CC=C(C)C(=C2)S(N)(=O)=O)=NC=C1,True,Cc1ccc(Nc2nccc(N(C)c3ccc4c(C)n(C)nc4c3)n2)cc1S(=O)(=O)N,Cc1ccc(Nc2nccc(N(C)c3ccc4c(C)n(C)nc4c3)n2)cc1S(N)(=O)=O,0,0
Darunavir Ethanolate,[H][C@]12OCC[C@@]1([H])[C@H](CO2)OC(=O)N[C@@H](CC1=CC=CC=C1)[C@H](O)CN(CC(C)C)S(=O)(=O)C1=CC=C(N)C=C1,True,CC(C)CN(C[C@@H](O)[C@H](Cc1ccccc1)NC(=O)O[C@H]1CO[C@H]2OCC[C@@H]12)S(=O)(=O)c1ccc(N)cc1,CC(C)CN(C[C@@H](O)[C@H](Cc1ccccc1)NC(=O)O[C@H]1CO[C@H]2OCC[C@H]21)S(=O)(=O)c1ccc(N)cc1,0,0
Levomilnacipran Hydrochloride,Cl.CCN(CC)C(=O)[C@]1(C[C@H]1CN)C1=CC=CC=C1,True,CCN(CC)C(=O)[C@@]1(c2ccccc2)C[C@H]1C[NH3+],CCN(CC)C(=O)[C@@]1(c2ccccc2)C[C@H]1CN,0,0
Ibrutinib,NC1=C2C(=NC=N1)N(N=C2C1=CC=C(OC2=CC=CC=C2)C=C1)[C@@H]1CCCN(C1)C(=O)C=C,True,C=CC(=O)N1CCC[C@@H](n2nc(c3ccc(Oc4ccccc4)cc3)c3c(N)ncnc23)C1,C=CC(=O)N1CCC[C@@H](n2nc(-c3ccc(Oc4ccccc4)cc3)c3c(N)ncnc32)C1,0,0
Cabazitaxel,CC(C)=O.[H][C@]12[C@H](OC(=O)C3=CC=CC=C3)[C@]3(O)C[C@H](OC(=O)[C@H](O)[C@@H](NC(=O)OC(C)(C)C)C4=CC=CC=C4)C(C)=C([C@@H](OC)C(=O)[C@]1(C)[C@H](C[C@H]1OC[C@@]21OC(C)=O)OC)C3(C)C,True,CO[C@H]1C(=O)[C@]2(C)[C@@H](OC)C[C@H]3OC[C@@]3(OC(=O)C)[C@H]2[C@H](OC(=O)c2ccccc2)[C@]2(O)C[C@H](OC(=O)[C@H](O)[C@@H](NC(=O)OC(C)(C)C)c3ccccc3)C(=C1C2(C)C)C,CO[C@H]1C(=O)[C@]2(C)[C@@H](OC)C[C@H]3OC[C@@]3(OC(C)=O)[C@H]2[C@H](OC(=O)c2ccccc2)[C@]2(O)C[C@H](OC(=O)[C@H](O)[C@@H](NC(=O)OC(C)(C)C)c3ccccc3)C(C)=C1C2(C)C,0,0
Tipranavir,CCC[C@@]1(CCC2=CC=CC=C2)CC(O)=C([C@H](CC)C2=CC=CC(NS(=O)(=O)C3=NC=C(C=C3)C(F)(F)F)=C2)C(=O)O1,True,CCC[C@@]1(CCc2ccccc2)CC(=C([C@H](CC)c2cccc(NS(=O)(=O)c3ccc(C(F)(F)F)cn3)c2)C(=O)O1)[O-],CCC[C@@]1(CCc2ccccc2)CC(O)=C([C@H](CC)c2cccc(NS(=O)(=O)c3ccc(C(F)(F)F)cn3)c2)C(=O)O1,0,0
Tolvaptan,CC1=C(C=CC=C1)C(=O)NC1=CC(C)=C(C=C1)C(=O)N1CCCC(O)C2=C1C=CC(Cl)=C2,True,Cc1ccccc1C(=O)Nc1ccc(C(=O)N2CCCC(O)c3cc(Cl)ccc23)c(C)c1,Cc1ccccc1C(=O)Nc1ccc(C(=O)N2CCCC(O)c3cc(Cl)ccc32)c(C)c1,0,0
Sunitinib Malate,O[C@@H](CC(O)=O)C(O)=O.CCN(CC)CCNC(=O)C1=C(C)NC(/C=C2\C(=O)NC3=CC=C(F)C=C23)=C1C,True,CC[NH+](CC)CCNC(=O)c1c(C)[nH]c(/C=C/2\C(=O)Nc3ccc(F)cc23)c1C,CCN(CC)CCNC(=O)c1c(C)[nH]c(/C=C2\C(=O)Nc3ccc(F)cc32)c1C,0,0
Ticagrelor,CCCSC1=NC(N[C@@H]2C[C@H]2C2=CC=C(F)C(F)=C2)=C2N=NN([C@@H]3C[C@H](OCCO)[C@@H](O)[C@H]3O)C2=N1,True,CCCSc1nc(N[C@@H]2C[C@H]2c2ccc(F)c(F)c2)c2nnn([C@@H]3C[C@H](OCCO)[C@@H](O)[C@H]3O)c2n1,CCCSc1nc(N[C@@H]2C[C@H]2c2ccc(F)c(F)c2)c2nnn([C@@H]3C[C@H](OCCO)[C@@H](O)[C@H]3O)c2n1,0,0
Romidepsin,C\C=C1/NC(=O)[C@H]2CSSCC\C=C\[C@H](CC(=O)N[C@H](C(C)C)C(=O)N2)OC(=O)[C@@H](NC1=O)C(C)C,True,C/C=C/1\NC(=O)[C@H]2CSSCC/C=C/[C@H](CC(=O)N[C@H](C(C)C)C(=O)N2)OC(=O)[C@H](C(C)C)NC1=O,C/C=C1\NC(=O)[C@H]2CSSCC/C=C/[C@H](CC(=O)N[C@H](C(C)C)C(=O)N2)OC(=O)[C@H](C(C)C)NC1=O,0,0
Testosterone,[H][C@@]12CCC3=CC(=O)CC[C@]3(C)[C@@]1([H])CC[C@]1(C)[C@@H](O)CC[C@@]21[H],False,C[C@]12CC[C@H]3[C@@H](CCC4=CC(=O)CC[C@]34C)[C@@H]1CC[C@@H]2O,C[C@]12CC[C@H]3[C@@H](CCC4=CC(=O)CC[C@@]43C)[C@@H]1CC[C@@H]2O,0,0
Estradiol,[H][C@]12CC[C@]3(C)[C@@H](O)CC[C@@]3([H])[C@]1([H])CCC1=C2C=CC(O)=C1,False,C[C@]12CC[C@@H]3c4ccc(O)cc4CC[C@H]3[C@@H]1CC[C@@H]2O,C[C@]12CC[C@@H]3c4ccc(O)cc4CC[C@H]3[C@@H]1CC[C@@H]2O,0,0
Tamoxifen Citrate,OC(=O)CC(O)(CC(O)=O)C(O)=O.CC\C(C1=CC=CC=C1)=C(/C1=CC=CC=C1)C1=CC=C(OCCN(C)C)C=C1,False,CC/C(=C(\c1ccccc1)/c1ccc(OCC[NH+](C)C)cc1)/c1ccccc1,CC/C(=C(\c1ccccc1)c1ccc(OCCN(C)C)cc1)c1ccccc1,0,0
Clonidine,C1CN=C(N1)NC2=C(C=CC=C2Cl)Cl,True,Clc1cccc(Cl)c1NC1=[NH+]CCN1,Clc1cccc(Cl)c1NC1=NCCN1,0,0
Cyclobenzaprine Hydrochloride,Cl.CN(C)CC\C=C1\C2=C(C=CC=C2)C=CC2=C1C=CC=C2,False,C[NH+](C)CCC=C1c2ccccc2C=Cc2ccccc12,CN(C)CCC=C1c2ccccc2C=Cc2ccccc21,0,0
Astemizole,COC1=CC=C(CCN2CCC(CC2)NC2=NC3=CC=CC=C3N2CC2=CC=C(F)C=C2)C=C1,True,COc1ccc(CC[NH+]2CCC(Nc3nc4ccccc4n3Cc3ccc(F)cc3)CC2)cc1,COc1ccc(CCN2CCC(Nc3nc4ccccc4n3Cc3ccc(F)cc3)CC2)cc1,0,0
Caffeine Citrate,OC(=O)CC(O)(CC(O)=O)C(O)=O.CN1C=NC2=C1C(=O)N(C)C(=O)N2C,False,Cn1c(=O)c2c(ncn2C)n(C)c1=O,Cn1c(=O)c2c(ncn2C)n(C)c1=O,0,0
Chlorpromazine Hydrochloride,Cl.CN(C)CCCN1C2=CC(Cl)=CC=C2SC2=C1C=CC=C2,False,C[NH+](C)CCCN1c2ccccc2Sc2ccc(Cl)cc12,CN(C)CCCN1c2ccccc2Sc2ccc(Cl)cc21,0,0
Desipramine Hydrochloride,Cl.CNCCCN1C2=C(CCC3=C1C=CC=C3)C=CC=C2,True,C[NH2+]CCCN1c2ccccc2CCc2ccccc12,CNCCCN1c2ccccc2CCc2ccccc21,0,0
Fluoxetine Hydrochloride,Cl.CNCCC(OC1=CC=C(C=C1)C(F)(F)F)C1=CC=CC=C1,False,C[NH2+]CCC(Oc1ccc(C(F)(F)F)cc1)c1ccccc1,CNCCC(Oc1ccc(C(F)(F)F)cc1)c1ccccc1,0,0
Hydroxyzine Hydrochloride,Cl.OCCOCCN1CCN(CC1)C(C1=CC=CC=C1)C1=CC=C(Cl)C=C1,False,OCCOCC[NH+]1CC[NH+](C(c2ccccc2)c2ccc(Cl)cc2)CC1,OCCOCCN1CCN(C(c2ccccc2)c2ccc(Cl)cc2)CC1,0,0
Nortriptyline Hydrochloride,Cl.CNCC\C=C1/C2=CC=CC=C2CCC2=CC=CC=C12,False,C[NH2+]CCC=C1c2ccccc2CCc2ccccc12,CNCCC=C1c2ccccc2CCc2ccccc21,0,0
Promazine Hydrochloride,Cl.CN(C)CCCN1C2=CC=CC=C2SC2=C1C=CC=C2,False,C[NH+](C)CCCN1c2ccccc2Sc2ccccc12,CN(C)CCCN1c2ccccc2Sc2ccccc21,0,0
Doxorubicin Hydrochloride,Cl.COC1=CC=CC2=C1C(=O)C1=C(O)C3=C(C[C@](O)(C[C@@H]3O[C@H]3C[C@H](N)[C@H](O)[C@H](C)O3)C(=O)CO)C(O)=C1C2=O,True,COc1cccc2c1C(=O)c1c(O)c3c(c(O)c1C2=O)C[C@@](O)(C(=O)CO)C[C@@H]3O[C@H]1C[C@H]([NH3+])[C@H](O)[C@H](C)O1,COc1cccc2c1C(=O)c1c(O)c3c(c(O)c1C2=O)C[C@@](O)(C(=O)CO)C[C@@H]3O[C@H]1C[C@H](N)[C@H](O)[C@H](C)O1,0,0
Methotrexate Sodium,[Na+].CN(CC1=NC2=C(N)N=C(N)N=C2N=C1)C1=CC=C(C=C1)C(=O)N[C@@H](CCC(O)=O)C([O-])=O,False,CN(Cc1cnc2nc(N)nc(N)c2n1)c1ccc(C(=O)N[C@@H](CCC(=O)[O-])C(=O)[O-])cc1,CN(Cc1cnc2nc(N)nc(N)c2n1)c1ccc(C(=O)N[C@@H](CCC(=O)O)C(=O)O)cc1,0,0
Carisoprodol,CCCC(C)(COC(N)=O)COC(=O)NC(C)C,False,CCCC(C)(COC(=O)N)COC(=O)NC(C)C,CCCC(C)(COC(N)=O)COC(=O)NC(C)C,0,0
Clozapine,CN1CCN(CC1)C1=NC2=C(NC3=C1C=CC=C3)C=CC(Cl)=C2,False,C[NH+]1CCN(C2=[NH+]c3cc(Cl)ccc3Nc3ccccc23)CC1,CN1CCN(C2=Nc3cc(Cl)ccc3Nc3ccccc32)CC1,0,0
Diazepam,CN1C(=O)CN=C(C2=C1C=CC(=C2)Cl)C3=CC=CC=C3,False,CN1C(=O)CN=C(c2ccccc2)c2cc(Cl)ccc12,CN1C(=O)CN=C(c2ccccc2)c2cc(Cl)ccc21,0,0
Fluvoxamine Maleate,OC(=O)\C=C/C(O)=O.COCCCC\C(C1=CC=C(C=C1)C(F)(F)F)=N/OCCN,False,COCCCC/C(=N\OCC[NH3+])/c1ccc(C(F)(F)F)cc1,COCCCC/C(=N\OCCN)c1ccc(C(F)(F)F)cc1,0,0
Imipramine Hydrochloride,Cl.CN(C)CCCN1C2=CC=CC=C2CCC2=CC=CC=C12,True,C[NH+](C)CCCN1c2ccccc2CCc2ccccc12,CN(C)CCCN1c2ccccc2CCc2ccccc21,0,0
Mebendazole,COC(=O)NC1=NC2=C(N1)C=CC(=C2)C(=O)C1=CC=CC=C1,False,COC(=O)Nc1nc2cc(C(=O)c3ccccc3)ccc2[nH]1,COC(=O)Nc1nc2cc(C(=O)c3ccccc3)ccc2[nH]1,0,0
Nicardipine Hydrochloride,Cl.COC(=O)C1=C(C)NC(C)=C(C1C1=CC(=CC=C1)N(=O)=O)C(=O)OCCN(C)CC1=CC=CC=C1,False,COC(=O)C1=C(C)NC(=C(C(=O)OCC[NH+](C)Cc2ccccc2)C1c1cccc([N+](=O)[O-])c1)C,COC(=O)C1=C(C)NC(C)=C(C(=O)OCCN(C)Cc2ccccc2)C1c1cccc([N+](=O)[O-])c1,0,0
Zolpidem Tartrate,O[C@@H]([C@H](O)C(O)=O)C(O)=O.CN(C)C(=O)CC1=C(N=C2C=CC(C)=CN12)C1=CC=C(C)C=C1,False,Cc1ccc(c2nc3ccc(C)cn3c2CC(=O)N(C)C)cc1,Cc1ccc(-c2nc3ccc(C)cn3c2CC(=O)N(C)C)cc1,0,0
Selegiline,C[C@H](CC1=CC=CC=C1)N(C)CC#C,False,C#CC[NH+](C)[C@H](C)Cc1ccccc1,C#CCN(C)[C@H](C)Cc1ccccc1,0,0
Buspirone Hydrochloride,Cl.O=C1CC2(CCCC2)CC(=O)N1CCCCN1CCN(CC1)C1=NC=CC=N1,False,O=C1CC2(CCCC2)CC(=O)N1CCCC[NH+]1CCN(c2ncccn2)CC1,O=C1CC2(CCCC2)CC(=O)N1CCCCN1CCN(c2ncccn2)CC1,0,0
Ethosuximide,CCC1(C)CC(=O)NC1=O,False,CCC1(C)CC(=O)NC1=O,CCC1(C)CC(=O)NC1=O,0,0
Haloperidol,OC1(CCN(CCCC(=O)C2=CC=C(F)C=C2)CC1)C1=CC=C(Cl)C=C1,False,O=C(CCC[NH+]1CCC(O)(c2ccc(Cl)cc2)CC1)c1ccc(F)cc1,O=C(CCCN1CCC(O)(c2ccc(Cl)cc2)CC1)c1ccc(F)cc1,0,0
Lansoprazole,CC1=C(OCC(F)(F)F)C=CN=C1CS(=O)C1=NC2=CC=CC=C2N1,False,Cc1c(OCC(F)(F)F)ccnc1CS(=O)c1nc2ccccc2[nH]1,Cc1c(OCC(F)(F)F)ccnc1CS(=O)c1nc2ccccc2[nH]1,0,0
Methylphenidate,COC(=O)C(C1CCCCN1)C1=CC=CC=C1,False,COC(=O)C(c1ccccc1)C1CCCC[NH2+]1,COC(=O)C(c1ccccc1)C1CCCCN1,0,0
Nitrendipine,CCOC(=O)C1=C(C)NC(C)=C(C1C1=CC=CC(=C1)N(=O)=O)C(=O)OC,False,CCOC(=O)C1=C(C)NC(=C(C(=O)OC)C1c1cccc([N+](=O)[O-])c1)C,CCOC(=O)C1=C(C)NC(C)=C(C(=O)OC)C1c1cccc([N+](=O)[O-])c1,0,0
Trazodone Hydrochloride,Cl.ClC1=CC(=CC=C1)N1CCN(CCCN2N=C3C=CC=CN3C2=O)CC1,False,O=c1n(CCC[NH+]2CCN(c3cccc(Cl)c3)CC2)nc2ccccn12,O=c1n(CCCN2CCN(c3cccc(Cl)c3)CC2)nc2ccccn12,0,0
Mannitol,OC[C@@H](O)[C@@H](O)[C@H](O)[C@H](O)CO,False,OC[C@@H](O)[C@@H](O)[C@H](O)[C@H](O)CO,OC[C@@H](O)[C@@H](O)[C@H](O)[C@H](O)CO,0,0
Lidocaine,CCN(CC)CC(=O)NC1=C(C=CC=C1C)C,False,CC[NH+](CC)CC(=O)Nc1c(C)cccc1C,CCN(CC)CC(=O)Nc1c(C)cccc1C,0,0
Warfarin Sodium,[Na+].CC(=O)CC(C1=CC=CC=C1)C1=C([O-])C2=C(OC1=O)C=CC=C2,False,CC(=O)CC(c1ccccc1)c1c([O-])c2ccccc2oc1=O,CC(=O)CC(c1ccccc1)c1c(O)c2ccccc2oc1=O,0,0
Amantadine Hydrochloride,Cl.NC12CC3CC(CC(C3)C1)C2,False,[NH3+]C12CC3CC(CC(C3)C1)C2,NC12CC3CC(CC(C3)C1)C2,0,0
Doxylamine Succinate,OC(=O)CCC(O)=O.CN(C)CCOC(C)(C1=CC=CC=C1)C1=NC=CC=C1,False,C[NH+](C)CCOC(C)(c1ccccc1)c1ccccn1,CN(C)CCOC(C)(c1ccccc1)c1ccccn1,0,0
Mephentermine Sulfate,OS(O)(=O)=O.CNC(C)(C)CC1=CC=CC=C1,False,C[NH2+]C(C)(C)Cc1ccccc1,CNC(C)(C)Cc1ccccc1,0,0
Mexiletine Hydrochloride,Cl.CC(N)COC1=C(C)C=CC=C1C,False,Cc1cccc(C)c1OCC(C)[NH3+],Cc1cccc(C)c1OCC(C)N,0,0
Flurazepam Hydrochloride,Cl.CCN(CC)CCN1C(=O)CN=C(C2=CC=CC=C2F)C2=CC(Cl)=CC=C12,False,CC[NH+](CC)CCN1C(=O)CN=C(c2ccccc2F)c2cc(Cl)ccc12,CCN(CC)CCN1C(=O)CN=C(c2ccccc2F)c2cc(Cl)ccc21,0,0
Progabide,NC(=O)CCC\N=C(/C1=CC=C(Cl)C=C1)C1=CC(F)=CC=C1O,False,NC(=O)CCC/N=C(\c1ccc(Cl)cc1)/c1cc(F)ccc1O,NC(=O)CCC/N=C(\c1ccc(Cl)cc1)c1cc(F)ccc1O,0,0
Cefsulodin,[H][C@@]12SCC(C[N+]3=CC=C(C=C3)C(N)=O)=C(N1C(=O)[C@@H]2NC(=O)C(C1=CC=CC=C1)S(O)(=O)=O)C([O-])=O,False,NC(=O)c1cc[n+](CC2=C(C(=O)[O-])N3C(=O)[C@H](NC(=O)C(c4ccccc4)S(=O)(=O)[O-])[C@@H]3SC2)cc1,NC(=O)c1cc[n+](CC2=C(C(=O)[O-])N3C(=O)[C@H](NC(=O)C(c4ccccc4)S(=O)(=O)O)[C@@H]3SC2)cc1,0,0
Diltiazem Hydrochloride,Cl.COC1=CC=C(C=C1)[C@@H]1SC2=CC=CC=C2N(CCN(C)C)C(=O)[C@@H]1OC(C)=O,False,COc1ccc([C@@H]2Sc3ccccc3N(CC[NH+](C)C)C(=O)[C@@H]2OC(=O)C)cc1,COc1ccc([C@@H]2Sc3ccccc3N(CCN(C)C)C(=O)[C@@H]2OC(C)=O)cc1,0,0
Diphenhydramine Hydrochloride,Cl.CN(C)CCOC(C1=CC=CC=C1)C1=CC=CC=C1,False,C[NH+](C)CCOC(c1ccccc1)c1ccccc1,CN(C)CCOC(c1ccccc1)c1ccccc1,0,0
Hydrocodone Bitartrate,O.O[C@H]([C@@H](O)C(O)=O)C(O)=O.[H][C@@]12CCC(=O)[C@@H]3OC4=C(OC)C=CC5=C4[C@]13CCN(C)[C@@H]2C5,False,COc1ccc2c3c1O[C@H]1C(=O)CC[C@H]4[C@@H](C2)[NH+](C)CC[C@]314,COc1ccc2c3c1O[C@H]1C(=O)CC[C@H]4[C@@H](C2)N(C)CC[C@]314,0,0
Loratadine,CCOC(=O)N1CC\C(CC1)=C1\C2=C(CCC3=C1N=CC=C3)C=C(Cl)C=C2,False,CCOC(=O)N1CCC(=C2c3ccc(Cl)cc3CCc3cccnc23)CC1,CCOC(=O)N1CCC(=C2c3ccc(Cl)cc3CCc3cccnc32)CC1,0,0
Phenytoin,O=C1NC(=O)C(N1)(C1=CC=CC=C1)C1=CC=CC=C1,False,O=C1NC(=O)C(c2ccccc2)(c2ccccc2)N1,O=C1NC(=O)C(c2ccccc2)(c2ccccc2)N1,0,0
Progesterone,CC(=O)[C@H]1CC[C@@H]2[C@@]1(CC[C@H]3[C@H]2CCC4=CC(=O)CC[C@]34C)C,False,CC(=O)[C@H]1CC[C@H]2[C@@H]3CCC4=CC(=O)CC[C@]4(C)[C@H]3CC[C@]12C,CC(=O)[C@H]1CC[C@H]2[C@@H]3CCC4=CC(=O)CC[C@]4(C)[C@H]3CC[C@]12C,0,0
Thiopental Sodium,[Na+].CCCC(C)C1(CC)C(=O)NC([S-])=NC1=O,False,CCCC(C)C1(CC)C(=O)[NH+]=C([S-])NC1=O,CCCC(C)C1(CC)C(=O)N=C(S)NC1=O,0,0
Triprolidine Hydrochloride,Cl.CC1=CC=C(C=C1)C(=C/CN1CCCC1)\C1=NC=CC=C1,False,Cc1ccc(/C(=C\C[NH+]2CCCC2)/c2ccccn2)cc1,Cc1ccc(/C(=C\CN2CCCC2)c2ccccn2)cc1,0,0
Valproic Acid,CCCC(CCC)C(O)=O,False,CCCC(CCC)C(=O)[O-],CCCC(CCC)C(=O)O,0,0
Guanabenz Acetate,CC(O)=O.NC(=N)N\N=C\C1=C(Cl)C=CC=C1Cl,False,[NH2+]=C(N)N/N=C/c1c(Cl)cccc1Cl,N=C(N)N/N=C/c1c(Cl)cccc1Cl,0,0
Flumazenil,CCOC(=O)C1=C2CN(C)C(=O)C3=C(C=CC(F)=C3)N2C=N1,False,CCOC(=O)c1ncn2-c3c(C(=O)N(Cc12)C)cc(F)cc3,CCOC(=O)c1ncn2c1CN(C)C(=O)c1cc(F)ccc1-2,0,0
Trimipramine Maleate,OC(=O)\C=C/C(O)=O.CC(CN(C)C)CN1C2=CC=CC=C2CCC2=CC=CC=C12,False,CC(C[NH+](C)C)CN1c2ccccc2CCc2ccccc12,CC(CN(C)C)CN1c2ccccc2CCc2ccccc21,0,0
Chlorpheniramine Maleate,OC(=O)\C=C/C(O)=O.CN(C)CCC(C1=CC=C(Cl)C=C1)C1=NC=CC=C1,False,C[NH+](C)CCC(c1ccc(Cl)cc1)c1ccccn1,CN(C)CCC(c1ccc(Cl)cc1)c1ccccn1,0,0
Ketamine Hydrochloride,Cl.CNC1(CCCCC1=O)C1=CC=CC=C1Cl,False,C[NH2+]C1(c2ccccc2Cl)CCCCC1=O,CNC1(c2ccccc2Cl)CCCCC1=O,0,0
Tacrine Hydrochloride,Cl.NC1=C2C=CC=CC2=NC2=C1CCCC2,False,Nc1c2c(nc3ccccc13)CCCC2,Nc1c2c(nc3ccccc13)CCCC2,0,0
Biperiden Hydrochloride,Cl.OC(CCN1CCCCC1)(C1CC2CC1C=C2)C1=CC=CC=C1,False,OC(CC[NH+]1CCCCC1)(c1ccccc1)C1CC2C=CC1C2,OC(CCN1CCCCC1)(c1ccccc1)C1CC2C=CC1C2,0,0
Procyclidine Hydrochloride,Cl.OC(CCN1CCCC1)(C1CCCCC1)C1=CC=CC=C1,False,OC(CC[NH+]1CCCC1)(c1ccccc1)C1CCCCC1,OC(CCN1CCCC1)(c1ccccc1)C1CCCCC1,0,0
Indomethacin,COC1=CC2=C(C=C1)N(C(=O)C1=CC=C(Cl)C=C1)C(C)=C2CC(O)=O,False,COc1ccc2c(c1)c(CC(=O)[O-])c(C)n2C(=O)c1ccc(Cl)cc1,COc1ccc2c(c1)c(CC(=O)O)c(C)n2C(=O)c1ccc(Cl)cc1,0,0
Itraconazole,CCC(C)N1N=CN(C1=O)C1=CC=C(C=C1)N1CCN(CC1)C1=CC=C(OCC2COC(CN3C=NC=N3)(O2)C2=CC=C(Cl)C=C2Cl)C=C1,False,CCC(C)n1ncn(c2ccc(N3CCN(c4ccc(OCC5COC(Cn6cncn6)(c6ccc(Cl)cc6Cl)O5)cc4)CC3)cc2)c1=O,CCC(C)n1ncn(-c2ccc(N3CCN(c4ccc(OCC5COC(Cn6cncn6)(c6ccc(Cl)cc6Cl)O5)cc4)CC3)cc2)c1=O,0,0
Meprobamate,CCCC(C)(COC(=O)N)COC(=O)N,False,CCCC(C)(COC(=O)N)COC(=O)N,CCCC(C)(COC(N)=O)COC(N)=O,0,0
Triamterene,NC1=NC(N)=C2N=C(C3=CC=CC=C3)C(N)=NC2=N1,False,Nc1nc(N)c2nc(c3ccccc3)c(N)nc2n1,Nc1nc(N)c2nc(-c3ccccc3)c(N)nc2n1,0,0
Omeprazole,COC1=CC=C2NC(=NC2=C1)S(=O)CC1=NC=C(C)C(OC)=C1C,False,COc1ccc2[nH]c(S(=O)Cc3ncc(C)c(OC)c3C)nc2c1,COc1ccc2[nH]c(S(=O)Cc3ncc(C)c(OC)c3C)nc2c1,0,0
Alprenolol,CC(C)NCC(O)COC1=CC=CC=C1CC=C,False,C=CCc1ccccc1OCC(O)C[NH2+]C(C)C,C=CCc1ccccc1OCC(O)CNC(C)C,0,0
Ketoconazole,[H][C@]1(COC2=CC=C(C=C2)N2CCN(CC2)C(C)=O)CO[C@@](CN2C=CN=C2)(O1)C1=CC=C(Cl)C=C1Cl,True,CC(=O)N1CCN(c2ccc(OC[C@H]3CO[C@](Cn4ccnc4)(c4ccc(Cl)cc4Cl)O3)cc2)CC1,CC(=O)N1CCN(c2ccc(OC[C@H]3CO[C@](Cn4ccnc4)(c4ccc(Cl)cc4Cl)O3)cc2)CC1,0,0
Noscapine,CN1CCC2=CC3=C(C(=C2[C@@H]1[C@@H]4C5=C(C(=C(C=C5)OC)OC)C(=O)O4)OC)OCO3,False,COc1ccc2c(c1OC)C(=O)O[C@@H]2[C@H]1c2c(cc3c(c2OC)OCO3)CC[NH+]1C,COc1ccc2c(c1OC)C(=O)O[C@@H]2[C@H]1c2c(cc3c(c2OC)OCO3)CCN1C,0,0
Naltrexone,[H][C@@]12CC3=C4C(O[C@H]5C(=O)CC[C@]1(O)[C@@]45CCN2CC1CC1)=C(O)C=C3,False,O=C1CC[C@@]2(O)[C@H]3Cc4ccc(O)c5c4[C@@]2(CC[NH+]3CC2CC2)[C@H]1O5,O=C1CC[C@@]2(O)[C@H]3Cc4ccc(O)c5c4[C@@]2(CCN3CC2CC2)[C@H]1O5,0,0
Maprotiline Hydrochloride,Cl.CNCCCC12CCC(C3=C1C=CC=C3)C1=C2C=CC=C1,False,C[NH2+]CCCC12CCC(c3ccccc13)c1ccccc21,CNCCCC12CCC(c3ccccc31)c1ccccc12,0,0
Caspofungin Acetate,CC(O)=O.CCC(C)CC(C)CCCCCCCCC(=O)N[C@H]1C[C@@H](O)[C@@H](NCCN)NC(=O)[C@@H]2[C@@H](O)CCN2C(=O)[C@@H](NC(=O)[C@@H](NC(=O)[C@@H]2C[C@@H](O)CN2C(=O)[C@@H](NC1=O)[C@@H](C)O)[C@H](O)[C@@H](O)C1=CC=C(O)C=C1)[C@H](O)CCN,False,CCC(C)CC(C)CCCCCCCCC(=O)N[C@H]1C[C@@H](O)[C@@H]([NH2+]CC[NH3+])NC(=O)[C@@H]2[C@@H](O)CCN2C(=O)[C@H]([C@H](O)CC[NH3+])NC(=O)[C@H]([C@H](O)[C@@H](O)c2ccc(O)cc2)NC(=O)[C@@H]2C[C@@H](O)CN2C(=O)[C@H]([C@@H](C)O)NC1=O,CCC(C)CC(C)CCCCCCCCC(=O)N[C@H]1C[C@@H](O)[C@@H](NCCN)NC(=O)[C@@H]2[C@@H](O)CCN2C(=O)[C@H]([C@H](O)CCN)NC(=O)[C@H]([C@H](O)[C@@H](O)c2ccc(O)cc2)NC(=O)[C@@H]2C[C@@H](O)CN2C(=O)[C@H]([C@@H](C)O)NC1=O,0,0
Neostigmine Bromide,[Br-].CN(C)C(=O)OC1=CC(=CC=C1)[N+](C)(C)C,True,CN(C)C(=O)Oc1cccc([N+](C)(C)C)c1,CN(C)C(=O)Oc1cccc([N+](C)(C)C)c1,0,0
Nifedipine,COC(=O)C1=C(C)NC(C)=C(C1C1=CC=CC=C1N(=O)=O)C(=O)OC,False,COC(=O)C1=C(C)NC(=C(C(=O)OC)C1c1ccccc1[N+](=O)[O-])C,COC(=O)C1=C(C)NC(C)=C(C(=O)OC)C1c1ccccc1[N+](=O)[O-],0,0
Quinine Sulfate,O.OS(O)(=O)=O.[H][C@@]12CCN(C[C@H]1C=C)[C@@]([H])(C2)[C@H](O)C1=CC=NC2=C1C=C(OC)C=C2,False,C=C[C@@H]1C[NH+]2CC[C@H]1C[C@H]2[C@H](O)c1ccnc2ccc(OC)cc12,C=C[C@@H]1CN2CC[C@H]1C[C@H]2[C@H](O)c1ccnc2ccc(OC)cc12,0,0
Trimethoprim,COC1=CC(CC2=C(N)N=C(N)N=C2)=CC(OC)=C1OC,True,COc1cc(Cc2cnc(N)nc2N)cc(OC)c1OC,COc1cc(Cc2cnc(N)nc2N)cc(OC)c1OC,0,0
Scopolamine,CN1[C@@H]2CC(C[C@H]1[C@H]3[C@@H]2O3)OC(=O)[C@H](CO)C4=CC=CC=C4,False,C[NH+]1[C@@H]2CC(OC(=O)[C@H](CO)c3ccccc3)C[C@H]1[C@@H]1O[C@H]21,CN1[C@@H]2CC(OC(=O)[C@H](CO)c3ccccc3)C[C@H]1[C@@H]1O[C@@H]12,0,0
Doxepin Hydrochloride,Cl.CN(C)CC\C=C1\C2=CC=CC=C2COC2=CC=CC=C12,False,C[NH+](C)CC/C=C\1/c2ccccc2COc2ccccc12,CN(C)CC/C=C1/c2ccccc2COc2ccccc21,0,0
Nitrazepam,C1C(=O)NC2=C(C=C(C=C2)[N+](=O)[O-])C(=N1)C3=CC=CC=C3,False,O=C1CN=C(c2ccccc2)c2cc([N+](=O)[O-])ccc2N1,O=C1CN=C(c2ccccc2)c2cc([N+](=O)[O-])ccc2N1,0,0
Yohimbine Hydrochloride,Cl.[H][C@@]12CC[C@H](O)[C@H](C(=O)OC)[C@@]1([H])C[C@]1([H])N(CCC3=C1NC1=CC=CC=C31)C2,False,COC(=O)[C@@H]1[C@H]2C[C@H]3c4[nH]c5ccccc5c4CC[NH+]3C[C@@H]2CC[C@@H]1O,COC(=O)[C@@H]1[C@H]2C[C@H]3c4[nH]c5ccccc5c4CCN3C[C@@H]2CC[C@@H]1O,0,0
Hydrocortisone,[H][C@@]12CCC3=CC(=O)CC[C@]3(C)[C@@]1([H])[C@@H](O)C[C@@]1(C)[C@@]2([H])CC[C@]1(O)C(=O)CO,True,C[C@]12CCC(=O)C=C1CC[C@@H]1[C@@H]2[C@@H](O)C[C@@]2(C)[C@H]1CC[C@]2(O)C(=O)CO,C[C@]12CCC(=O)C=C1CC[C@@H]1[C@@H]2[C@@H](O)C[C@@]2(C)[C@H]1CC[C@]2(O)C(=O)CO,0,0
Piroxicam,CN1C(C(=O)NC2=NC=CC=C2)=C(O)C2=CC=CC=C2S1(=O)=O,False,CN1C(=C([O-])c2ccccc2S1(=O)=O)C(=O)Nc1ccccn1,CN1C(C(=O)Nc2ccccn2)=C(O)c2ccccc2S1(=O)=O,0,0
Quetiapine Fumarate,OC(=O)\C=C\C(O)=O.OCCOCCN1CCN(CC1)C1=NC2=CC=CC=C2SC2=CC=CC=C12,False,OCCOCC[NH+]1CCN(C2=[NH+]c3ccccc3Sc3ccccc23)CC1,OCCOCCN1CCN(C2=Nc3ccccc3Sc3ccccc32)CC1,0,0
Sulfamethoxazole,CC1=CC(NS(=O)(=O)C2=CC=C(N)C=C2)=NO1,False,Cc1cc(NS(=O)(=O)c2ccc(N)cc2)no1,Cc1cc(NS(=O)(=O)c2ccc(N)cc2)no1,0,0
Metoprolol Fumarate,OC(=O)\C=C\C(O)=O.COCCC1=CC=C(OCC(O)CNC(C)C)C=C1,False,COCCc1ccc(OCC(O)C[NH2+]C(C)C)cc1,COCCc1ccc(OCC(O)CNC(C)C)cc1,0,0
Guanfacine Hydrochloride,Cl.NC(=N)NC(=O)CC1=C(Cl)C=CC=C1Cl,False,[NH2+]=C(N)NC(=O)Cc1c(Cl)cccc1Cl,N=C(N)NC(=O)Cc1c(Cl)cccc1Cl,0,0
Atenolol,CC(C)NCC(COC1=CC=C(C=C1)CC(=O)N)O,False,CC(C)[NH2+]CC(O)COc1ccc(CC(=O)N)cc1,CC(C)NCC(O)COc1ccc(CC(N)=O)cc1,0,0
Pyridostigmine Bromide,[Br-].CN(C)C(=O)OC1=C[N+](C)=CC=C1,False,CN(C)C(=O)Oc1ccc[n+](C)c1,CN(C)C(=O)Oc1ccc[n+](C)c1,0,0
Bromocriptine Mesylate,CS(O)(=O)=O.[H][C@@]12CC3=C(Br)NC4=C3C(=CC=C4)C1=C[C@H](CN2C)C(=O)N[C@@]1(O[C@]2(O)N([C@@H](CC(C)C)C(=O)N3CCC[C@@]23[H])C1=O)C(C)C,False,CC(C)C[C@H]1C(=O)N2CCC[C@H]2[C@]2(O)O[C@](NC(=O)[C@@H]3C=C4c5cccc6[nH]c(Br)c(c56)C[C@H]4[NH+](C)C3)(C(C)C)C(=O)N12,CC(C)C[C@H]1C(=O)N2CCC[C@H]2[C@]2(O)O[C@](NC(=O)[C@@H]3C=C4c5cccc6[nH]c(Br)c(c56)C[C@H]4N(C)C3)(C(C)C)C(=O)N12,0,0
Chlorprothixene,CN(C)CC/C=C\1/C2=CC=CC=C2SC3=C1C=C(C=C3)Cl,False,C[NH+](C)CC/C=C\1/c2ccccc2Sc2ccc(Cl)cc12,CN(C)CC/C=C1/c2ccccc2Sc2ccc(Cl)cc21,0,0
Promethazine Hydrochloride,Cl.CC(CN1C2=C(SC3=C1C=CC=C3)C=CC=C2)N(C)C,False,CC(CN1c2ccccc2Sc2ccccc12)[NH+](C)C,CC(CN1c2ccccc2Sc2ccccc21)N(C)C,0,0
Clemastine Fumarate,OC(=O)\C=C\C(O)=O.CN1CCC[C@@H]1CCO[C@](C)(C1=CC=CC=C1)C1=CC=C(Cl)C=C1,False,C[NH+]1CCC[C@@H]1CCO[C@](C)(c1ccccc1)c1ccc(Cl)cc1,CN1CCC[C@@H]1CCO[C@](C)(c1ccccc1)c1ccc(Cl)cc1,0,0
Naloxone Hydrochloride,Cl.[H][C@@]12CC3=C4C(O[C@H]5C(=O)CC[C@]1(O)[C@@]45CCN2CC=C)=C(O)C=C3,False,C=CC[NH+]1CC[C@]23c4c5ccc(O)c4O[C@H]2C(=O)CC[C@@]3(O)[C@H]1C5,C=CCN1CC[C@]23c4c5ccc(O)c4O[C@H]2C(=O)CC[C@@]3(O)[C@H]1C5,0,0
Morphine Sulfate,O.OS(O)(=O)=O.[H][C@@]12C=C[C@H](O)[C@@H]3OC4=C(O)C=CC5=C4[C@]13CCN(C)[C@@H]2C5,True,C[NH+]1CC[C@]23c4c5ccc(O)c4O[C@H]2[C@@H](O)C=C[C@H]3[C@H]1C5,CN1CC[C@]23c4c5ccc(O)c4O[C@H]2[C@@H](O)C=C[C@H]3[C@H]1C5,0,0
Practolol,CC(C)NCC(O)COC1=CC=C(NC(C)=O)C=C1,False,CC(=O)Nc1ccc(OCC(O)C[NH2+]C(C)C)cc1,CC(=O)Nc1ccc(OCC(O)CNC(C)C)cc1,0,0
Amitriptyline Hydrochloride,Cl.CN(C)CC\C=C1\C2=C(CCC3=C1C=CC=C3)C=CC=C2,True,C[NH+](C)CCC=C1c2ccccc2CCc2ccccc12,CN(C)CCC=C1c2ccccc2CCc2ccccc21,0,0
Ranitidine Hydrochloride,Cl.CN\C(NCCSCC1=CC=C(CN(C)C)O1)=C\N(=O)=O,True,CN/C(=C/[N+](=O)[O-])/NCCSCc1ccc(C[NH+](C)C)o1,CN/C(=C/[N+](=O)[O-])NCCSCc1ccc(CN(C)C)o1,0,0
Oxprenolol Hydrochloride,Cl.CC(C)NCC(O)COC1=CC=CC=C1OCC=C,False,C=CCOc1ccccc1OCC(O)C[NH2+]C(C)C,C=CCOc1ccccc1OCC(O)CNC(C)C,0,0
Sumatriptan Succinate,OC(=O)CCC(O)=O.CNS(=O)(=O)CC1=CC2=C(NC=C2CCN(C)C)C=C1,False,CNS(=O)(=O)Cc1ccc2[nH]cc(CC[NH+](C)C)c2c1,CNS(=O)(=O)Cc1ccc2[nH]cc(CCN(C)C)c2c1,0,0
Doxapram Hydrochloride,Cl.CCN1CC(CCN2CCOCC2)C(C1=O)(C1=CC=CC=C1)C1=CC=CC=C1,False,CCN1CC(CC[NH+]2CCOCC2)C(c2ccccc2)(c2ccccc2)C1=O,CCN1CC(CCN2CCOCC2)C(c2ccccc2)(c2ccccc2)C1=O,0,0
Pheniramine Maleate,OC(=O)\C=C/C(O)=O.CN(C)CCC(C1=CC=CC=C1)C1=NC=CC=C1,False,C[NH+](C)CCC(c1ccccc1)c1ccccn1,CN(C)CCC(c1ccccc1)c1ccccn1,0,0
Clomipramine Hydrochloride,Cl.CN(C)CCCN1C2=CC=CC=C2CCC2=CC=C(Cl)C=C12,False,C[NH+](C)CCCN1c2ccccc2CCc2ccc(Cl)cc12,CN(C)CCCN1c2ccccc2CCc2ccc(Cl)cc21,0,0
Lorcainide,CC(C)N1CCC(CC1)N(C2=CC=C(C=C2)Cl)C(=O)CC3=CC=CC=C3,False,CC(C)[NH+]1CCC(N(C(=O)Cc2ccccc2)c2ccc(Cl)cc2)CC1,CC(C)N1CCC(N(C(=O)Cc2ccccc2)c2ccc(Cl)cc2)CC1,0,0
Perphenazine,C1CN(CCN1CCCN2C3=CC=CC=C3SC4=C2C=C(C=C4)Cl)CCO,False,OCC[NH+]1CC[NH+](CCCN2c3ccccc3Sc3ccc(Cl)cc23)CC1,OCCN1CCN(CCCN2c3ccccc3Sc3ccc(Cl)cc32)CC1,0,0
Aliskiren Hemifumarate,OC(=O)\C=C\C(O)=O.COCCCOC1=C(OC)C=CC(C[C@@H](C[C@H](N)[C@@H](O)C[C@@H](C(C)C)C(=O)NCC(C)(C)C(N)=O)C(C)C)=C1,False,COCCCOc1cc(C[C@@H](C[C@H]([NH3+])[C@@H](O)C[C@H](C(=O)NCC(C)(C)C(=O)N)C(C)C)C(C)C)ccc1OC,COCCCOc1cc(C[C@@H](C[C@H](N)[C@@H](O)C[C@H](C(=O)NCC(C)(C)C(N)=O)C(C)C)C(C)C)ccc1OC,0,0
Flupentixol,OCCN1CCN(CC\C=C2/C3=C(SC4=C2C=C(C=C4)C(F)(F)F)C=CC=C3)CC1,False,OCC[NH+]1CC[NH+](CC/C=C/2\c3ccccc3Sc3ccc(C(F)(F)F)cc23)CC1,OCCN1CCN(CC/C=C2\c3ccccc3Sc3ccc(C(F)(F)F)cc32)CC1,0,0
Chloroquine Hydrochloride,Cl.CCN(CC)CCCC(C)NC1=C2C=CC(Cl)=CC2=NC=C1,True,CC[NH+](CC)CCCC(C)Nc1ccnc2cc(Cl)ccc12,CCN(CC)CCCC(C)Nc1ccnc2cc(Cl)ccc12,0,0
Lomefloxacin Hydrochloride,Cl.CCN1C=C(C(O)=O)C(=O)C2=C1C(F)=C(N1CCNC(C)C1)C(F)=C2,True,CCn1cc(C(=O)[O-])c(=O)c2cc(F)c(N3CC[NH2+]C(C)C3)c(F)c12,CCn1cc(C(=O)O)c(=O)c2cc(F)c(N3CCNC(C)C3)c(F)c21,0,0
Methylprednisolone,[H][C@@]12C[C@H](C)C3=CC(=O)C=C[C@]3(C)[C@@]1([H])[C@@H](O)C[C@@]1(C)[C@@]2([H])CC[C@]1(O)C(=O)CO,True,C[C@H]1C[C@@H]2[C@H]([C@@H](O)C[C@@]3(C)[C@H]2CC[C@]3(O)C(=O)CO)[C@@]2(C)C=CC(=O)C=C12,C[C@H]1C[C@@H]2[C@H]([C@@H](O)C[C@@]3(C)[C@H]2CC[C@]3(O)C(=O)CO)[C@@]2(C)C=CC(=O)C=C12,0,0
Sulfasalazine,OC(=O)C1=C(O)C=CC(=C1)\N=N\C1=CC=C(C=C1)S(=O)(=O)NC1=CC=CC=N1,True,O=C([O-])c1cc(/N=N/c2ccc(S(=O)(=O)Nc3ccccn3)cc2)ccc1O,O=C(O)c1cc(/N=N/c2ccc(S(=O)(=O)Nc3ccccn3)cc2)ccc1O,0,0
Ofloxacin,CC1COC2=C(N3CCN(C)CC3)C(F)=CC3=C2N1C=C(C(O)=O)C3=O,False,CC1COc2c(N3CC[NH+](C)CC3)c(F)cc3c(=O)c(C(=O)[O-])cn1c23,CC1COc2c(N3CCN(C)CC3)c(F)cc3c(=O)c(C(=O)O)cn1c23,0,0
Enoxacin,CCN1C=C(C(O)=O)C(=O)C2=CC(F)=C(N=C12)N1CCNCC1,False,CCn1cc(C(=O)[O-])c(=O)c2cc(F)c(N3CC[NH2+]CC3)nc12,CCn1cc(C(=O)O)c(=O)c2cc(F)c(N3CCNCC3)nc21,0,0
Pravastatin Sodium,[Na+].[H][C@]12[C@H](C[C@H](O)C=C1C=C[C@H](C)[C@@H]2CC[C@@H](O)C[C@@H](O)CC([O-])=O)OC(=O)[C@@H](C)CC,False,CC[C@H](C)C(=O)O[C@H]1C[C@H](O)C=C2C=C[C@H](C)[C@H](CC[C@@H](O)C[C@@H](O)CC(=O)[O-])[C@@H]12,CC[C@H](C)C(=O)O[C@H]1C[C@H](O)C=C2C=C[C@H](C)[C@H](CC[C@@H](O)C[C@@H](O)CC(=O)O)[C@H]21,0,0
Prednisolone,[H][C@@]12CCC3=CC(=O)C=C[C@]3(C)[C@@]1([H])[C@@H](O)C[C@@]1(C)[C@@]2([H])CC[C@]1(O)C(=O)CO,True,C[C@]12C=CC(=O)C=C1CC[C@@H]1[C@@H]2[C@@H](O)C[C@@]2(C)[C@H]1CC[C@]2(O)C(=O)CO,C[C@]12C=CC(=O)C=C1CC[C@@H]1[C@@H]2[C@@H](O)C[C@@]2(C)[C@H]1CC[C@]2(O)C(=O)CO,0,0
Paliperidone,CC1=C(CCN2CCC(CC2)C2=NOC3=CC(F)=CC=C23)C(=O)N2CCCC(O)C2=N1,True,Cc1nc2n(c(=O)c1CC[NH+]1CCC(c3noc4cc(F)ccc34)CC1)CCCC2O,Cc1nc2n(c(=O)c1CCN1CCC(c3noc4cc(F)ccc34)CC1)CCCC2O,0,0
Lovastatin,[H][C@]12[C@H](C[C@@H](C)C=C1C=C[C@H](C)[C@@H]2CC[C@@H]1C[C@@H](O)CC(=O)O1)OC(=O)[C@@H](C)CC,True,CC[C@H](C)C(=O)O[C@H]1C[C@@H](C)C=C2C=C[C@H](C)[C@H](CC[C@@H]3C[C@@H](O)CC(=O)O3)[C@@H]12,CC[C@H](C)C(=O)O[C@H]1C[C@@H](C)C=C2C=C[C@H](C)[C@H](CC[C@@H]3C[C@@H](O)CC(=O)O3)[C@H]21,0,0
Nalbuphine Hydrochloride,Cl.O[C@H]1CC[C@@]2(O)[C@H]3CC4=CC=C(O)C5=C4[C@@]2(CCN3CC2CCC2)[C@H]1O5,True,Oc1ccc2c3c1O[C@H]1[C@@H](O)CC[C@@]4(O)[C@@H](C2)[NH+](CC2CCC2)CC[C@]314,Oc1ccc2c3c1O[C@H]1[C@@H](O)CC[C@@]4(O)[C@@H](C2)N(CC2CCC2)CC[C@]314,0,0
Cimetidine,CC1=C(N=CN1)CSCCNC(=NC)NC#N,True,C[NH+]=C(NC#N)NCCSCc1nc[nH]c1C,CN=C(NC#N)NCCSCc1nc[nH]c1C,0,0
Zolmitriptan,CN(C)CCC1=CNC2=C1C=C(C[C@H]1COC(=O)N1)C=C2,True,C[NH+](C)CCc1c[nH]c2ccc(C[C@H]3COC(=O)N3)cc12,CN(C)CCc1c[nH]c2ccc(C[C@H]3COC(=O)N3)cc12,0,0
Fluphenazine Decanoate,CCCCCCCCCC(=O)OCCN1CCN(CCCN2C3=CC(=CC=C3SC3=C2C=CC=C3)C(F)(F)F)CC1,True,CCCCCCCCCC(=O)OCC[NH+]1CC[NH+](CCCN2c3ccccc3Sc3ccc(C(F)(F)F)cc23)CC1,CCCCCCCCCC(=O)OCCN1CCN(CCCN2c3ccccc3Sc3ccc(C(F)(F)F)cc32)CC1,0,0
Levofloxacin,C[C@H]1COC2=C(N3CCN(C)CC3)C(F)=CC3=C2N1C=C(C(O)=O)C3=O,True,C[C@H]1COc2c(N3CC[NH+](C)CC3)c(F)cc3c(=O)c(C(=O)[O-])cn1c23,C[C@H]1COc2c(N3CCN(C)CC3)c(F)cc3c(=O)c(C(=O)O)cn1c23,0,0
Prazosin Hydrochloride,Cl.COC1=CC2=NC(=NC(N)=C2C=C1OC)N1CCN(CC1)C(=O)C1=CC=CO1,True,COc1cc2nc(N3CCN(C(=O)c4ccco4)CC3)nc(N)c2cc1OC,COc1cc2nc(N3CCN(C(=O)c4ccco4)CC3)nc(N)c2cc1OC,0,0
Protriptyline Hydrochloride,Cl.CNCCCC1C2=C(C=CC=C2)C=CC2=C1C=CC=C2,True,C[NH2+]CCCC1c2ccccc2C=Cc2ccccc12,CNCCCC1c2ccccc2C=Cc2ccccc21,0,0
Terfenadine,CC(C)(C)C1=CC=C(C=C1)C(O)CCCN1CCC(CC1)C(O)(C1=CC=CC=C1)C1=CC=CC=C1,True,CC(C)(C)c1ccc(C(O)CCC[NH+]2CCC(C(O)(c3ccccc3)c3ccccc3)CC2)cc1,CC(C)(C)c1ccc(C(O)CCCN2CCC(C(O)(c3ccccc3)c3ccccc3)CC2)cc1,0,0
Tenoxicam,CN1C(C(=O)NC2=NC=CC=C2)=C(O)C2=C(C=CS2)S1(=O)=O,True,CN1C(=C([O-])c2sccc2S1(=O)=O)C(=O)Nc1ccccn1,CN1C(C(=O)Nc2ccccn2)=C(O)c2sccc2S1(=O)=O,0,0
Saquinavir,[H][C@@]12CCCC[C@]1([H])CN(C[C@@H](O)[C@H](CC1=CC=CC=C1)NC(=O)[C@H](CC(N)=O)NC(=O)C1=CC=C3C=CC=CC3=N1)[C@@H](C2)C(=O)NC(C)(C)C,True,CC(C)(C)NC(=O)[C@@H]1C[C@@H]2CCCC[C@@H]2C[NH+]1C[C@@H](O)[C@H](Cc1ccccc1)NC(=O)[C@H](CC(=O)N)NC(=O)c1ccc2ccccc2n1,CC(C)(C)NC(=O)[C@@H]1C[C@@H]2CCCC[C@@H]2CN1C[C@@H](O)[C@H](Cc1ccccc1)NC(=O)[C@H](CC(N)=O)NC(=O)c1ccc2ccccc2n1,0,0
Etoposide,[H][C@@]12CO[C@@H](C)O[C@@]1([H])[C@H](O)[C@@H](O)[C@H](O[C@@H]1C3=C(C=C4OCOC4=C3)[C@@H](C3=CC(OC)=C(O)C(OC)=C3)[C@@]3([H])C(=O)OC[C@]13[H])O2,True,COc1cc([C@@H]2c3cc4c(cc3[C@@H](O[C@@H]3O[C@@H]5CO[C@@H](C)O[C@H]5[C@H](O)[C@H]3O)[C@H]3COC(=O)[C@H]23)OCO4)cc(OC)c1O,COc1cc([C@@H]2c3cc4c(cc3[C@@H](O[C@@H]3O[C@@H]5CO[C@@H](C)O[C@H]5[C@H](O)[C@H]3O)[C@H]3COC(=O)[C@H]23)OCO4)cc(OC)c1O,0,0
Mequitazine,C1CN2CCC1C(C2)CN3C4=CC=CC=C4SC5=CC=CC=C53,True,c1ccc2c(c1)Sc1ccccc1N2CC1C[NH+]2CCC1CC2,c1ccc2c(c1)Sc1ccccc1N2CC1CN2CCC1CC2,0,0
Bepotastine Besilate,OS(=O)(=O)C1=CC=CC=C1.OC(=O)CCCN1CCC(CC1)OC(C1=CC=C(Cl)C=C1)C1=CC=CC=N1,True,O=C([O-])CCC[NH+]1CCC(OC(c2ccc(Cl)cc2)c2ccccn2)CC1,O=C(O)CCCN1CCC(OC(c2ccc(Cl)cc2)c2ccccn2)CC1,0,0
Famciclovir,CC(=O)OCC(CCN1C=NC2=C1N=C(N)N=C2)COC(C)=O,True,CC(=O)OCC(CCn1cnc2cnc(N)nc12)COC(=O)C,CC(=O)OCC(CCn1cnc2cnc(N)nc21)COC(C)=O,0,0
Domperidone,ClC1=CC=C2N(C3CCN(CCCN4C(=O)NC5=CC=CC=C45)CC3)C(=O)NC2=C1,True,O=c1[nH]c2ccccc2n1CCC[NH+]1CCC(n2c(=O)[nH]c3cc(Cl)ccc23)CC1,O=c1[nH]c2ccccc2n1CCCN1CCC(n2c(=O)[nH]c3cc(Cl)ccc32)CC1,0,0
Mitoxantrone Hydrochloride,Cl.OCCNCCNC1=CC=C(NCCNCCO)C2=C1C(=O)C1=C(C2=O)C(O)=CC=C1O,True,O=C1c2c(O)ccc(O)c2C(=O)c2c(NCC[NH2+]CCO)ccc(NCC[NH2+]CCO)c12,O=C1c2c(O)ccc(O)c2C(=O)c2c(NCCNCCO)ccc(NCCNCCO)c21,0,0
Colchicine,COC1=CC=C2C(=CC1=O)[C@H](CCC1=CC(OC)=C(OC)C(OC)=C21)NC(C)=O,True,COc1cc2c(-c3ccc(OC)c(=O)cc3[C@@H](NC(=O)C)CC2)c(OC)c1OC,COc1cc2c(c(OC)c1OC)-c1ccc(OC)c(=O)cc1[C@@H](NC(C)=O)CC2,0,0
Cyclosporine,CC[C@@H]1NC(=O)[C@H]([C@H](O)[C@H](C)C\C=C\C)N(C)C(=O)[C@H](C(C)C)N(C)C(=O)[C@H](CC(C)C)N(C)C(=O)[C@H](CC(C)C)N(C)C(=O)[C@@H](C)NC(=O)[C@H](C)NC(=O)[C@H](CC(C)C)N(C)C(=O)[C@@H](NC(=O)[C@H](CC(C)C)N(C)C(=O)CN(C)C1=O)C(C)C,True,C/C=C/C[C@@H](C)[C@@H](O)[C@H]1C(=O)N[C@@H](CC)C(=O)N(C)CC(=O)N(C)[C@@H](CC(C)C)C(=O)N[C@@H](C(C)C)C(=O)N(C)[C@@H](CC(C)C)C(=O)N[C@@H](C)C(=O)N[C@H](C)C(=O)N(C)[C@@H](CC(C)C)C(=O)N(C)[C@@H](CC(C)C)C(=O)N(C)[C@@H](C(C)C)C(=O)N1C,C/C=C/C[C@@H](C)[C@@H](O)[C@H]1C(=O)N[C@@H](CC)C(=O)N(C)CC(=O)N(C)[C@@H](CC(C)C)C(=O)N[C@@H](C(C)C)C(=O)N(C)[C@@H](CC(C)C)C(=O)N[C@@H](C)C(=O)N[C@H](C)C(=O)N(C)[C@@H](CC(C)C)C(=O)N(C)[C@@H](CC(C)C)C(=O)N(C)[C@@H](C(C)C)C(=O)N1C,0,0
Isoxicam,CN1C(C(=O)NC2=NOC(C)=C2)=C(O)C2=C(C=CC=C2)S1(=O)=O,True,Cc1cc(NC(=O)C2=C([O-])c3ccccc3S(=O)(=O)N2C)no1,Cc1cc(NC(=O)C2=C(O)c3ccccc3S(=O)(=O)N2C)no1,0,0
Pirenzepine,CN1CCN(CC1)CC(=O)N2C3=CC=CC=C3C(=O)NC4=C2N=CC=C4,True,C[NH+]1CC[NH+](CC(=O)N2c3ccccc3C(=O)Nc3cccnc23)CC1,CN1CCN(CC(=O)N2c3ccccc3C(=O)Nc3cccnc32)CC1,0,0
Acrivastine,CC1=CC=C(C=C1)C(=C/CN1CCCC1)\C1=CC=CC(\C=C\C(O)=O)=N1,True,Cc1ccc(/C(=C\C[NH+]2CCCC2)/c2cccc(/C=C/C(=O)[O-])n2)cc1,Cc1ccc(/C(=C\CN2CCCC2)c2cccc(/C=C/C(=O)O)n2)cc1,0,0
Reserpine,[H][C@]12C[C@@H](OC(=O)C3=CC(OC)=C(OC)C(OC)=C3)[C@H](OC)[C@@H](C(=O)OC)[C@@]1([H])C[C@@]1([H])N(CCC3=C1NC1=C3C=CC(OC)=C1)C2,True,COC(=O)[C@H]1[C@H]2C[C@@H]3c4[nH]c5cc(OC)ccc5c4CC[NH+]3C[C@H]2C[C@@H](OC(=O)c2cc(OC)c(OC)c(OC)c2)[C@@H]1OC,COC(=O)[C@H]1[C@H]2C[C@@H]3c4[nH]c5cc(OC)ccc5c4CCN3C[C@H]2C[C@@H](OC(=O)c2cc(OC)c(OC)c(OC)c2)[C@@H]1OC,0,0
Dolutegravir Sodium,[Na+].[H][C@]12CN3C=C(C(=O)NCC4=CC=C(F)C=C4F)C(=O)C([O-])=C3C(=O)N1[C@H](C)CCO2,True,C[C@@H]1CCO[C@H]2Cn3cc(C(=O)NCc4ccc(F)cc4F)c(=O)c([O-])c3C(=O)N12,C[C@@H]1CCO[C@H]2Cn3cc(C(=O)NCc4ccc(F)cc4F)c(=O)c(O)c3C(=O)N12,0,0
Prednisone,[H][C@@]12CCC3=CC(=O)C=C[C@]3(C)[C@@]1([H])C(=O)C[C@@]1(C)[C@@]2([H])CC[C@]1(O)C(=O)CO,True,C[C@]12C=CC(=O)C=C1CC[C@@H]1[C@@H]2C(=O)C[C@@]2(C)[C@H]1CC[C@]2(O)C(=O)CO,C[C@]12C=CC(=O)C=C1CC[C@@H]1[C@@H]2C(=O)C[C@@]2(C)[C@H]1CC[C@]2(O)C(=O)CO,0,0
Fexofenadine Hydrochloride,Cl.CC(C)(C(O)=O)C1=CC=C(C=C1)C(O)CCCN1CCC(CC1)C(O)(C1=CC=CC=C1)C1=CC=CC=C1,True,CC(C)(C(=O)[O-])c1ccc(C(O)CCC[NH+]2CCC(C(O)(c3ccccc3)c3ccccc3)CC2)cc1,CC(C)(C(=O)O)c1ccc(C(O)CCCN2CCC(C(O)(c3ccccc3)c3ccccc3)CC2)cc1,0,0
Abacavir Sulfate,OS(O)(=O)=O.NC1=NC2=C(N=CN2[C@@H]2C[C@H](CO)C=C2)C(NC2CC2)=N1,True,Nc1nc(NC2CC2)c2ncn([C@H]3C=C[C@@H](CO)C3)c2n1,Nc1nc(NC2CC2)c2ncn([C@H]3C=C[C@@H](CO)C3)c2n1,0,0
Norfloxacin,CCN1C=C(C(O)=O)C(=O)C2=CC(F)=C(C=C12)N1CCNCC1,True,CCn1cc(C(=O)[O-])c(=O)c2cc(F)c(N3CC[NH2+]CC3)cc12,CCn1cc(C(=O)O)c(=O)c2cc(F)c(N3CCNCC3)cc21,0,0
Sorafenib Tosylate,CC1=CC=C(C=C1)S(O)(=O)=O.CNC(=O)C1=CC(OC2=CC=C(NC(=O)NC3=CC=C(Cl)C(=C3)C(F)(F)F)C=C2)=CC=N1,True,CNC(=O)c1cc(Oc2ccc(NC(=O)Nc3ccc(Cl)c(C(F)(F)F)c3)cc2)ccn1,CNC(=O)c1cc(Oc2ccc(NC(=O)Nc3ccc(Cl)c(C(F)(F)F)c3)cc2)ccn1,0,0
Methysergide Maleate,OC(=O)\C=C/C(O)=O.[H][C@@]12CC3=CN(C)C4=CC=CC(C1=C[C@H](CN2C)C(=O)N[C@@H](CC)CO)=C34,True,CC[C@@H](CO)NC(=O)[C@@H]1C=C2c3cccc4c3c(cn4C)C[C@H]2[NH+](C)C1,CC[C@@H](CO)NC(=O)[C@@H]1C=C2c3cccc4c3c(cn4C)C[C@H]2N(C)C1,0,0
Ciprofloxacin Hydrochloride,Cl.OC(=O)C1=CN(C2CC2)C2=C(C=C(F)C(=C2)N2CCNCC2)C1=O,True,O=C([O-])c1cn(C2CC2)c2cc(N3CC[NH2+]CC3)c(F)cc2c1=O,O=C(O)c1cn(C2CC2)c2cc(N3CCNCC3)c(F)cc2c1=O,0,0
Vinblastine Sulfate,OS(O)(=O)=O.[H][C@@]12N3CC[C@@]11C4=CC(=C(OC)C=C4N(C)[C@@]1([H])[C@](O)([C@H](OC(C)=O)[C@]2(CC)C=CC3)C(=O)OC)[C@]1(C[C@@H]2C[N@](CCC3=C1NC1=CC=CC=C31)C[C@](O)(CC)C2)C(=O)OC,True,CC[C@]1(O)C[C@H]2C[N@H+](CCc3c([nH]c4ccccc34)[C@@](C(=O)OC)(c3cc4c(cc3OC)N(C)[C@H]3[C@@](O)(C(=O)OC)[C@H](OC(=O)C)[C@]5(CC)C=CC[NH+]6CC[C@]43[C@H]56)C2)C1,CC[C@]1(O)C[C@H]2C[N@](CCc3c([nH]c4ccccc34)[C@@](C(=O)OC)(c3cc4c(cc3OC)N(C)[C@H]3[C@@](O)(C(=O)OC)[C@H](OC(C)=O)[C@]5(CC)C=CCN6CC[C@]43[C@@H]65)C2)C1,0,0
Cetirizine Hydrochloride,Cl.OC(=O)COCCN1CCN(CC1)C(C1=CC=CC=C1)C1=CC=C(Cl)C=C1,True,O=C([O-])COCC[NH+]1CC[NH+](C(c2ccccc2)c2ccc(Cl)cc2)CC1,O=C(O)COCCN1CCN(C(c2ccccc2)c2ccc(Cl)cc2)CC1,0,0
Cerivastatin Sodium,[Na+].COCC1=C(N=C(C(C)C)C(\C=C\[C@@H](O)C[C@@H](O)CC([O-])=O)=C1C1=CC=C(F)C=C1)C(C)C,True,COCc1c(C(C)C)nc(C(C)C)c(/C=C/[C@@H](O)C[C@@H](O)CC(=O)[O-])c1c1ccc(F)cc1,COCc1c(C(C)C)nc(C(C)C)c(/C=C/[C@@H](O)C[C@@H](O)CC(=O)O)c1-c1ccc(F)cc1,0,0
Vincristine Sulfate,OS(O)(=O)=O.[H][C@@]12N3CC[C@@]11C4=CC(=C(OC)C=C4N(C=O)[C@@]1([H])[C@](O)([C@H](OC(C)=O)[C@]2(CC)C=CC3)C(=O)OC)[C@]1(C[C@@H]2C[N@](CCC3=C1NC1=CC=CC=C31)C[C@](O)(CC)C2)C(=O)OC,True,CC[C@]1(O)C[C@H]2C[N@H+](CCc3c([nH]c4ccccc34)[C@@](C(=O)OC)(c3cc4c(cc3OC)N(C=O)[C@H]3[C@@](O)(C(=O)OC)[C@H](OC(=O)C)[C@]5(CC)C=CC[NH+]6CC[C@]43[C@H]56)C2)C1,CC[C@]1(O)C[C@H]2C[N@](CCc3c([nH]c4ccccc34)[C@@](C(=O)OC)(c3cc4c(cc3OC)N(C=O)[C@H]3[C@@](O)(C(=O)OC)[C@H](OC(C)=O)[C@]5(CC)C=CCN6CC[C@]43[C@@H]65)C2)C1,0,0
Oseltamivir Phosphate,OP(O)(O)=O.CCOC(=O)C1=C[C@@H](OC(CC)CC)[C@H](NC(C)=O)[C@@H](N)C1,True,CCOC(=O)C1=C[C@@H](OC(CC)CC)[C@H](NC(=O)C)[C@@H]([NH3+])C1,CCOC(=O)C1=C[C@@H](OC(CC)CC)[C@H](NC(C)=O)[C@@H](N)C1,0,0
Betamethasone,[H][C@@]12C[C@H](C)[C@](O)(C(=O)CO)[C@@]1(C)C[C@H](O)[C@@]1(F)[C@@]2([H])CCC2=CC(=O)C=C[C@]12C,True,C[C@H]1C[C@H]2[C@@H]3CCC4=CC(=O)C=C[C@]4(C)[C@@]3(F)[C@@H](O)C[C@]2(C)[C@@]1(O)C(=O)CO,C[C@H]1C[C@H]2[C@@H]3CCC4=CC(=O)C=C[C@]4(C)[C@@]3(F)[C@@H](O)C[C@]2(C)[C@@]1(O)C(=O)CO,0,0
Nelfinavir Mesylate,CS(O)(=O)=O.[H][C@@]12CCCC[C@]1([H])CN(C[C@@H](O)[C@H](CSC1=CC=CC=C1)NC(=O)C1=CC=CC(O)=C1C)[C@@H](C2)C(=O)NC(C)(C)C,True,Cc1c(O)cccc1C(=O)N[C@@H](CSc1ccccc1)[C@H](O)C[NH+]1C[C@H]2CCCC[C@H]2C[C@H]1C(=O)NC(C)(C)C,Cc1c(O)cccc1C(=O)N[C@@H](CSc1ccccc1)[C@H](O)CN1C[C@H]2CCCC[C@H]2C[C@H]1C(=O)NC(C)(C)C,0,0
Eletriptan Hydrobromide,Br.CN1CCC[C@@H]1CC1=CNC2=C1C=C(CCS(=O)(=O)C1=CC=CC=C1)C=C2,True,C[NH+]1CCC[C@@H]1Cc1c[nH]c2ccc(CCS(=O)(=O)c3ccccc3)cc12,CN1CCC[C@@H]1Cc1c[nH]c2ccc(CCS(=O)(=O)c3ccccc3)cc12,0,0
Acebutolol Hydrochloride,Cl.CCCC(=O)NC1=CC=C(OCC(O)CNC(C)C)C(=C1)C(C)=O,True,CCCC(=O)Nc1ccc(OCC(O)C[NH2+]C(C)C)c(C(=O)C)c1,CCCC(=O)Nc1ccc(OCC(O)CNC(C)C)c(C(C)=O)c1,0,0
Eribulin Mesylate,CS(O)(=O)=O.[H][C@@]12CC[C@@H]3CC(=O)C[C@H]4[C@H](C[C@H]5O[C@@H](CC[C@@H]6O[C@@H](CC[C@]78C[C@@]9([H])O[C@]([H])([C@@]([H])(O1)[C@@]9([H])O7)[C@@]([H])(O8)[C@@]2([H])O3)CC6=C)C[C@@H](C)C5=C)O[C@H](C[C@H](O)CN)[C@@H]4OC,True,C=C1C[C@@H]2CC[C@@]34C[C@H]5O[C@H]6[C@@H](O3)[C@H]3O[C@H](CC[C@@H]3O[C@H]6[C@H]5O4)CC(=O)C[C@@H]3[C@@H](OC)[C@@H](C[C@H](O)C[NH3+])O[C@H]3C[C@H]3O[C@@H](CC[C@@H]1O2)C[C@@H](C)C3=C,C=C1C[C@@H]2CC[C@@]34C[C@H]5O[C@H]6[C@@H](O3)[C@H]3O[C@H](CC[C@@H]3O[C@H]6[C@H]5O4)CC(=O)C[C@@H]3[C@@H](OC)[C@@H](C[C@H](O)CN)O[C@H]3C[C@H]3O[C@@H](CC[C@@H]1O2)C[C@@H](C)C3=C,0,0
Daunorubicin Hydrochloride,Cl.COC1=CC=CC2=C1C(=O)C1=C(O)C3=C(C[C@](O)(C[C@@H]3O[C@H]3C[C@H](N)[C@H](O)[C@H](C)O3)C(C)=O)C(O)=C1C2=O,True,COc1cccc2c1C(=O)c1c(O)c3c(c(O)c1C2=O)C[C@@](O)(C(=O)C)C[C@@H]3O[C@H]1C[C@H]([NH3+])[C@H](O)[C@H](C)O1,COc1cccc2c1C(=O)c1c(O)c3c(c(O)c1C2=O)C[C@@](O)(C(C)=O)C[C@@H]3O[C@H]1C[C@H](N)[C@H](O)[C@H](C)O1,0,0
Erythromycin,CC[C@H]1OC(=O)[C@H](C)[C@@H](O[C@H]2C[C@@](C)(OC)[C@@H](O)[C@H](C)O2)[C@H](C)[C@@H](O[C@@H]2O[C@H](C)C[C@@H]([C@H]2O)N(C)C)[C@](C)(O)C[C@@H](C)C(=O)[C@H](C)[C@@H](O)[C@]1(C)O,True,CC[C@H]1OC(=O)[C@H](C)[C@@H](O[C@H]2C[C@@](C)(OC)[C@@H](O)[C@H](C)O2)[C@H](C)[C@@H](O[C@@H]2O[C@H](C)C[C@H]([NH+](C)C)[C@H]2O)[C@](C)(O)C[C@@H](C)C(=O)[C@H](C)[C@@H](O)[C@]1(C)O,CC[C@H]1OC(=O)[C@H](C)[C@@H](O[C@H]2C[C@@](C)(OC)[C@@H](O)[C@H](C)O2)[C@H](C)[C@@H](O[C@@H]2O[C@H](C)C[C@H](N(C)C)[C@H]2O)[C@](C)(O)C[C@@H](C)C(=O)[C@H](C)[C@@H](O)[C@]1(C)O,0,0
Dasatinib,CC1=NC(=CC(NC2=NC=C(S2)C(=O)NC2=C(Cl)C=CC=C2C)=N1)N1CCN(CCO)CC1,True,Cc1nc(Nc2ncc(C(=O)Nc3c(C)cccc3Cl)s2)cc(N2CC[NH+](CCO)CC2)n1,Cc1nc(Nc2ncc(C(=O)Nc3c(C)cccc3Cl)s2)cc(N2CCN(CCO)CC2)n1,0,0
Emetine,[H][C@]1(C[C@@]2([H])NCCC3=C2C=C(OC)C(OC)=C3)C[C@]2([H])N(CCC3=C2C=C(OC)C(OC)=C3)C[C@@H]1CC,True,CC[C@H]1C[NH+]2CCc3cc(OC)c(OC)cc3[C@@H]2C[C@@H]1C[C@H]1[NH2+]CCc2cc(OC)c(OC)cc12,CC[C@H]1CN2CCc3cc(OC)c(OC)cc3[C@@H]2C[C@@H]1C[C@H]1NCCc2cc(OC)c(OC)cc21,0,0
Clarithromycin,CC[C@H]1OC(=O)[C@H](C)[C@@H](O[C@H]2C[C@@](C)(OC)[C@@H](O)[C@H](C)O2)[C@H](C)[C@@H](O[C@@H]2O[C@H](C)C[C@@H]([C@H]2O)N(C)C)[C@@](C)(C[C@@H](C)C(=O)[C@H](C)[C@@H](O)[C@]1(C)O)OC,True,CC[C@H]1OC(=O)[C@H](C)[C@@H](O[C@H]2C[C@@](C)(OC)[C@@H](O)[C@H](C)O2)[C@H](C)[C@@H](O[C@@H]2O[C@H](C)C[C@H]([NH+](C)C)[C@H]2O)[C@](C)(OC)C[C@@H](C)C(=O)[C@H](C)[C@@H](O)[C@]1(C)O,CC[C@H]1OC(=O)[C@H](C)[C@@H](O[C@H]2C[C@@](C)(OC)[C@@H](O)[C@H](C)O2)[C@H](C)[C@@H](O[C@@H]2O[C@H](C)C[C@H](N(C)C)[C@H]2O)[C@](C)(OC)C[C@@H](C)C(=O)[C@H](C)[C@@H](O)[C@]1(C)O,0,0
Lopinavir,CC(C)[C@H](N1CCCNC1=O)C(=O)N[C@H](C[C@H](O)[C@H](CC1=CC=CC=C1)NC(=O)COC1=C(C)C=CC=C1C)CC1=CC=CC=C1,True,Cc1cccc(C)c1OCC(=O)N[C@@H](Cc1ccccc1)[C@@H](O)C[C@H](Cc1ccccc1)NC(=O)[C@H](C(C)C)N1CCCNC1=O,Cc1cccc(C)c1OCC(=O)N[C@@H](Cc1ccccc1)[C@@H](O)C[C@H](Cc1ccccc1)NC(=O)[C@H](C(C)C)N1CCCNC1=O,0,0
Dicloxacillin Sodium,[Na+].CC1=C(C(=O)N[C@H]2[C@H]3SC(C)(C)[C@@H](N3C2=O)C([O-])=O)C(=NO1)C1=C(Cl)C=CC=C1Cl,True,Cc1onc(c2c(Cl)cccc2Cl)c1C(=O)N[C@@H]1C(=O)N2[C@@H]1SC(C)(C)[C@@H]2C(=O)[O-],Cc1onc(-c2c(Cl)cccc2Cl)c1C(=O)N[C@@H]1C(=O)N2[C@@H]1SC(C)(C)[C@@H]2C(=O)O,0,0
Ximelagatran,CCOC(=O)CN[C@H](C1CCCCC1)C(=O)N1CC[C@H]1C(=O)NCC1=CC=C(C=C1)\C=N\NO,True,CCOC(=O)C[NH2+][C@@H](C(=O)N1CC[C@H]1C(=O)NCc1ccc(/C=N/NO)cc1)C1CCCCC1,CCOC(=O)CN[C@@H](C(=O)N1CC[C@H]1C(=O)NCc1ccc(/C=N/NO)cc1)C1CCCCC1,0,0
Tenofovir Disoproxil Fumarate,OC(=O)\C=C\C(O)=O.CC(C)OC(=O)OCOP(=O)(CO[C@H](C)CN1C=NC2=C1N=CN=C2N)OCOC(=O)OC(C)C,True,CC(C)OC(=O)OCOP(=O)(CO[C@H](C)Cn1cnc2c(N)ncnc12)OCOC(=O)OC(C)C,CC(C)OC(=O)OCOP(=O)(CO[C@H](C)Cn1cnc2c(N)ncnc21)OCOC(=O)OC(C)C,0,0
Paclitaxel,[H][C@]12[C@H](OC(=O)C3=CC=CC=C3)[C@]3(O)C[C@H](OC(=O)[C@H](O)[C@@H](NC(=O)C4=CC=CC=C4)C4=CC=CC=C4)C(C)=C([C@@H](OC(C)=O)C(=O)[C@]1(C)[C@@H](O)C[C@H]1OC[C@@]21OC(C)=O)C3(C)C,True,CC(=O)O[C@H]1C(=O)[C@@]2(C)[C@H]([C@H](OC(=O)c3ccccc3)[C@]3(O)C[C@H](OC(=O)[C@H](O)[C@@H](NC(=O)c4ccccc4)c4ccccc4)C(=C1C3(C)C)C)[C@]1(OC(=O)C)CO[C@@H]1C[C@@H]2O,CC(=O)O[C@H]1C(=O)[C@@]2(C)[C@H]([C@H](OC(=O)c3ccccc3)[C@]3(O)C[C@H](OC(=O)[C@H](O)[C@@H](NC(=O)c4ccccc4)c4ccccc4)C(C)=C1C3(C)C)[C@]1(OC(C)=O)CO[C@@H]1C[C@@H]2O,0,0
Vinorelbine Tartrate,O[C@H]([C@@H](O)C(O)=O)C(O)=O.[H][C@@]12N3CC[C@@]11C4=CC(=C(OC)C=C4N(C)[C@@]1([H])[C@](O)([C@H](OC(C)=O)[C@]2(CC)C=CC3)C(=O)OC)[C@]1(C[C@@H]2C[N@@](CCC3=C1NC1=CC=CC=C31)C(CC)=C2)C(=O)OC,True,CCC1=C[C@H]2CN1CCc1c([nH]c3ccccc13)[C@@](C(=O)OC)(c1cc3c(cc1OC)N(C)[C@H]1[C@@](O)(C(=O)OC)[C@H](OC(=O)C)[C@]4(CC)C=CC[NH+]5CC[C@]31[C@H]45)C2,CCC1=C[C@H]2CN1CCc1c([nH]c3ccccc13)[C@@](C(=O)OC)(c1cc3c(cc1OC)N(C)[C@H]1[C@@](O)(C(=O)OC)[C@H](OC(C)=O)[C@]4(CC)C=CCN5CC[C@]31[C@@H]54)C2,0,0
Pyrilamine Maleate,OC(=O)\C=C/C(O)=O.COC1=CC=C(CN(CCN(C)C)C2=NC=CC=C2)C=C1,False,COc1ccc(CN(CC[NH+](C)C)c2ccccn2)cc1,COc1ccc(CN(CCN(C)C)c2ccccn2)cc1,0,0
Lapatinib Ditosylate,O.CC1=CC=C(C=C1)S(O)(=O)=O.CS(=O)(=O)CCNCC1=CC=C(O1)C1=CC2=C(C=C1)N=CN=C2NC1=CC(Cl)=C(OCC2=CC(F)=CC=C2)C=C1,False,CS(=O)(=O)CC[NH2+]Cc1ccc(c2ccc3ncnc(Nc4ccc(OCc5cccc(F)c5)c(Cl)c4)c3c2)o1,CS(=O)(=O)CCNCc1ccc(-c2ccc3ncnc(Nc4ccc(OCc5cccc(F)c5)c(Cl)c4)c3c2)o1,0,0
Phenobarbital,CCC1(C(=O)NC(=O)NC1=O)C1=CC=CC=C1,False,CCC1(c2ccccc2)C(=O)NC(=O)NC1=O,CCC1(c2ccccc2)C(=O)NC(=O)NC1=O,0,0
Ibuprofen,CC(C)CC1=CC=C(C=C1)C(C)C(O)=O,False,CC(C)Cc1ccc(C(C)C(=O)[O-])cc1,CC(C)Cc1ccc(C(C)C(=O)O)cc1,0,0
Lisinopril,[H][C@]1(CCCN1C(=O)[C@H](CCCCN)N[C@@H](CCC1=CC=CC=C1)C(O)=O)C(O)=O,False,[NH3+]CCCC[C@H]([NH2+][C@@H](CCc1ccccc1)C(=O)[O-])C(=O)N1CCC[C@H]1C(=O)[O-],NCCCC[C@H](N[C@@H](CCc1ccccc1)C(=O)O)C(=O)N1CCC[C@H]1C(=O)O,0,0
Aspirin,CC(=O)OC1=CC=CC=C1C(O)=O,False,CC(=O)Oc1ccccc1C(=O)[O-],CC(=O)Oc1ccccc1C(=O)O,0,0
Salicylic Acid,OC(=O)C1=CC=CC=C1O,False,O=C([O-])c1ccccc1O,O=C(O)c1ccccc1O,0,0
Rolapitant Hydrochloride,Cl.C[C@@H](OC[C@]1(CC[C@]2(CCC(=O)N2)CN1)C1=CC=CC=C1)C1=CC(=CC(=C1)C(F)(F)F)C(F)(F)F,False,C[C@@H](OC[C@@]1(c2ccccc2)CC[C@]2(CCC(=O)N2)C[NH2+]1)c1cc(C(F)(F)F)cc(C(F)(F)F)c1,C[C@@H](OC[C@@]1(c2ccccc2)CC[C@]2(CCC(=O)N2)CN1)c1cc(C(F)(F)F)cc(C(F)(F)F)c1,0,0
Amiloride Hydrochloride,Cl.NC(=N)NC(=O)C1=C(N)N=C(N)C(Cl)=N1,False,[NH2+]=C(N)NC(=O)c1nc(Cl)c(N)nc1N,N=C(N)NC(=O)c1nc(Cl)c(N)nc1N,0,0
Fluconazole,OC(CN1C=NC=N1)(CN1C=NC=N1)C1=CC=C(F)C=C1F,False,OC(Cn1cncn1)(Cn1cncn1)c1ccc(F)cc1F,OC(Cn1cncn1)(Cn1cncn1)c1ccc(F)cc1F,0,0
Hydroxyzine Pamoate,OC(=O)C1=C(O)C(CC2=C3C=CC=CC3=CC(C(=O)OCCOCCN3CCN(CC3)C(C3=CC=CC=C3)C3=CC=C(Cl)C=C3)=C2O)=C2C=CC=CC2=C1,False,O=C([O-])c1cc2ccccc2c(Cc2c(O)c(C(=O)OCCOCC[NH+]3CC[NH+](C(c4ccccc4)c4ccc(Cl)cc4)CC3)cc3ccccc23)c1O,O=C(O)c1cc2ccccc2c(Cc2c(O)c(C(=O)OCCOCCN3CCN(C(c4ccccc4)c4ccc(Cl)cc4)CC3)cc3ccccc23)c1O,0,0
Aminolevulinic Acid Hydrochloride,Cl.NCC(=O)CCC(O)=O,False,[NH3+]CC(=O)CCC(=O)[O-],NCC(=O)CCC(=O)O,0,0
Chlorothiazide Sodium,[Na+].NS(=O)(=O)C1=CC2=C(C=C1Cl)N=C[N-]S2(=O)=O,True,NS(=O)(=O)c1cc2c(cc1Cl)N=C[N-]S2(=O)=O,NS(=O)(=O)c1cc2c(cc1Cl)N=CNS2(=O)=O,0,0
Imipramine Pamoate,CN(C)CCCN1C2=CC=CC=C2CCC2=CC=CC=C12.OC(=O)C1=C(O)C(CC2=C3C=CC=CC3=CC(C(O)=O)=C2O)=C2C=CC=CC2=C1,False,O=C([O-])c1cc2ccccc2c(Cc2c(O)c(C(=O)[O-])cc3ccccc23)c1O,O=C(O)c1cc2ccccc2c(Cc2c(O)c(C(=O)O)cc3ccccc23)c1O,0,0
Naproxen,COC1=CC2=CC=C(C=C2C=C1)[C@H](C)C(O)=O,False,COc1ccc2cc([C@H](C)C(=O)[O-])ccc2c1,COc1ccc2cc([C@H](C)C(=O)O)ccc2c1,0,0
Tolbutamide,CCCCNC(=O)NS(=O)(=O)C1=CC=C(C)C=C1,False,CCCCNC(=O)NS(=O)(=O)c1ccc(C)cc1,CCCCNC(=O)NS(=O)(=O)c1ccc(C)cc1,0,0
Rosuvastatin Calcium,[Ca++].CC(C)C1=C(\C=C\[C@@H](O)C[C@@H](O)CC([O-])=O)C(=NC(=N1)N(C)S(C)(=O)=O)C1=CC=C(F)C=C1,False,CC(C)c1nc(N(C)S(=O)(=O)C)nc(c2ccc(F)cc2)c1/C=C/[C@@H](O)C[C@@H](O)CC(=O)[O-],CC(C)c1nc(N(C)S(C)(=O)=O)nc(-c2ccc(F)cc2)c1/C=C/[C@@H](O)C[C@@H](O)CC(=O)O,0,0
Acyclovir,NC1=NC2=C(N=CN2COCCO)C(=O)N1,True,Nc1nc2c(ncn2COCCO)c(=O)[nH]1,Nc1nc2c(ncn2COCCO)c(=O)[nH]1,0,0
Enalaprilat,C[C@H](N[C@@H](CCC1=CC=CC=C1)C(O)=O)C(=O)N1CCC[C@H]1C(O)=O,False,C[C@H]([NH2+][C@@H](CCc1ccccc1)C(=O)[O-])C(=O)N1CCC[C@H]1C(=O)[O-],C[C@H](N[C@@H](CCc1ccccc1)C(=O)O)C(=O)N1CCC[C@H]1C(=O)O,0,0
Ketoprofen,CC(C(O)=O)C1=CC=CC(=C1)C(=O)C1=CC=CC=C1,False,CC(C(=O)[O-])c1cccc(C(=O)c2ccccc2)c1,CC(C(=O)O)c1cccc(C(=O)c2ccccc2)c1,0,0
Theophylline,CN1C(=O)N(C)C2=C(NC=N2)C1=O,False,Cn1c(=O)c2[nH]cnc2n(C)c1=O,Cn1c(=O)c2[nH]cnc2n(C)c1=O,0,0
Safinamide Methanesulfonate,CS(O)(=O)=O.C[C@H](NCC1=CC=C(OCC2=CC=CC(F)=C2)C=C1)C(N)=O,False,C[C@H]([NH2+]Cc1ccc(OCc2cccc(F)c2)cc1)C(=O)N,C[C@H](NCc1ccc(OCc2cccc(F)c2)cc1)C(N)=O,0,0
Ascorbic Acid,OC[C@H](O)[C@H]1OC(=O)C(O)=C1O,False,O=C1O[C@H]([C@@H](O)CO)C(=C1O)[O-],O=C1O[C@H]([C@@H](O)CO)C(O)=C1O,0,0
Benzylpenicillin,[H][C@]12SC(C)(C)[C@@H](N1C(=O)[C@H]2NC(=O)CC1=CC=CC=C1)C(O)=O,False,CC1(C)S[C@@H]2[C@H](NC(=O)Cc3ccccc3)C(=O)N2[C@H]1C(=O)[O-],CC1(C)S[C@@H]2[C@H](NC(=O)Cc3ccccc3)C(=O)N2[C@H]1C(=O)O,0,0
Hydrochlorothiazide,NS(=O)(=O)C1=CC2=C(NCNS2(=O)=O)C=C1Cl,True,NS(=O)(=O)c1cc2c(cc1Cl)NCNS2(=O)=O,NS(=O)(=O)c1cc2c(cc1Cl)NCNS2(=O)=O,0,0
Nadolol,CC(C)(C)NCC(O)COC1=CC=CC2=C1C[C@@H](O)[C@@H](O)C2,True,CC(C)(C)[NH2+]CC(O)COc1cccc2c1C[C@@H](O)[C@@H](O)C2,CC(C)(C)NCC(O)COc1cccc2c1C[C@@H](O)[C@@H](O)C2,0,0
Nizatidine,CN\C(NCCSCC1=CSC(CN(C)C)=N1)=C\N(=O)=O,True,CN/C(=C/[N+](=O)[O-])/NCCSCc1csc(C[NH+](C)C)n1,CN/C(=C/[N+](=O)[O-])NCCSCc1csc(CN(C)C)n1,0,0
Plecanatide,C[C@H]1C(=O)N[C@H]2CSSC[C@@H](C(=O)N[C@H](C(=O)N[C@H](C(=O)N[C@@H](CSSC[C@H](NC(=O)CNC(=O)[C@@H](NC2=O)[C@@H](C)O)C(=O)N[C@@H](CC(C)C)C(=O)O)C(=O)N[C@H](C(=O)N[C@H](C(=O)N[C@H](C(=O)N1)C(C)C)CC(=O)N)C(C)C)CC(C)C)CCC(=O)O)NC(=O)[C@H](CCC(=O)O)NC(=O)[C@H](C,False,,,1,1
Ropinirole Hydrochloride,Cl.CCCN(CCC)CCC1=CC=CC2=C1CC(=O)N2,False,CCC[NH+](CCC)CCc1cccc2c1CC(=O)N2,CCCN(CCC)CCc1cccc2c1CC(=O)N2,0,0
Rutin,C[C@@H]1O[C@@H](OC[C@H]2O[C@@H](OC3=C(OC4=CC(O)=CC(O)=C4C3=O)C3=CC(O)=C(O)C=C3)[C@H](O)[C@@H](O)[C@@H]2O)[C@H](O)[C@H](O)[C@H]1O,False,C[C@@H]1O[C@@H](OC[C@H]2O[C@@H](Oc3c(c4ccc(O)c(O)c4)oc4cc(O)cc(O)c4c3=O)[C@H](O)[C@@H](O)[C@@H]2O)[C@H](O)[C@H](O)[C@H]1O,C[C@@H]1O[C@@H](OC[C@H]2O[C@@H](Oc3c(-c4ccc(O)c(O)c4)oc4cc(O)cc(O)c4c3=O)[C@H](O)[C@@H](O)[C@@H]2O)[C@H](O)[C@H](O)[C@H]1O,0,0
Levetiracetam,CC[C@H](N1CCCC1=O)C(N)=O,False,CC[C@@H](C(=O)N)N1CCCC1=O,CC[C@@H](C(N)=O)N1CCCC1=O,0,0
Secnidazole,CC(O)CN1C(C)=NC=C1N(=O)=O,False,Cc1ncc([N+](=O)[O-])n1CC(C)O,Cc1ncc([N+](=O)[O-])n1CC(C)O,0,0
Amoxicillin,CC1(C)S[C@@H]2[C@H](NC(=O)[C@H](N)C3=CC=C(O)C=C3)C(=O)N2[C@H]1C(O)=O,False,CC1(C)S[C@@H]2[C@H](NC(=O)[C@H]([NH3+])c3ccc(O)cc3)C(=O)N2[C@H]1C(=O)[O-],CC1(C)S[C@@H]2[C@H](NC(=O)[C@H](N)c3ccc(O)cc3)C(=O)N2[C@H]1C(=O)O,0,0
Etelcalcetide Hydrochloride,Cl.C[C@@H](NC(=O)[C@@H](CCCNC(N)=N)NC(=O)[C@@H](CCCNC(N)=N)NC(=O)[C@@H](CCCNC(N)=N)NC(=O)[C@@H](C)NC(=O)[C@@H](CSSC[C@H](N)C(O)=O)NC(C)=O)C(=O)N[C@H](CCCNC(N)=N)C(N)=O,False,CC(=O)N[C@H](CSSC[C@H]([NH3+])C(=O)[O-])C(=O)N[C@H](C)C(=O)N[C@H](CCCNC(=[NH2+])N)C(=O)N[C@H](CCCNC(=[NH2+])N)C(=O)N[C@H](CCCNC(=[NH2+])N)C(=O)N[C@H](C)C(=O)N[C@H](CCCNC(=[NH2+])N)C(=O)N,CC(=O)N[C@H](CSSC[C@H](N)C(=O)O)C(=O)N[C@H](C)C(=O)N[C@H](CCCNC(=N)N)C(=O)N[C@H](CCCNC(=N)N)C(=O)N[C@H](CCCNC(=N)N)C(=O)N[C@H](C)C(=O)N[C@H](CCCNC(=N)N)C(N)=O,0,0
Pindolol,CC(C)NCC(O)COC1=CC=CC2=C1C=CN2,False,CC(C)[NH2+]CC(O)COc1cccc2[nH]ccc12,CC(C)NCC(O)COc1cccc2[nH]ccc12,0,0
Rosiglitazone Maleate,OC(=O)\C=C/C(O)=O.CN(CCOC1=CC=C(CC2SC(=O)NC2=O)C=C1)C1=NC=CC=C1,False,CN(CCOc1ccc(CC2SC(=O)NC2=O)cc1)c1ccccn1,CN(CCOc1ccc(CC2SC(=O)NC2=O)cc1)c1ccccn1,0,0
Dabigatran Etexilate Mesylate,CS(O)(=O)=O.CCCCCCOC(=O)NC(=N)C1=CC=C(NCC2=NC3=C(C=CC(=C3)C(=O)N(CCC(=O)OCC)C3=NC=CC=C3)N2C)C=C1,True,CCCCCCOC(=O)NC(=[NH2+])c1ccc(NCc2nc3cc(C(=O)N(CCC(=O)OCC)c4ccccn4)ccc3n2C)cc1,CCCCCCOC(=O)NC(=N)c1ccc(NCc2nc3cc(C(=O)N(CCC(=O)OCC)c4ccccn4)ccc3n2C)cc1,0,0
Imatinib Mesylate,CS(O)(=O)=O.CN1CCN(CC1)CC1=CC=C(C=C1)C(=O)NC1=CC(NC2=NC(=CC=N2)C2=CN=CC=C2)=C(C)C=C1,False,Cc1ccc(NC(=O)c2ccc(C[NH+]3CC[NH+](C)CC3)cc2)cc1Nc1nccc(c2cccnc2)n1,Cc1ccc(NC(=O)c2ccc(CN3CCN(C)CC3)cc2)cc1Nc1nccc(-c2cccnc2)n1,0,0
Norethindrone,C[C@]12CC[C@H]3[C@H]([C@@H]1CC[C@]2(C#C)O)CCC4=CC(=O)CC[C@H]34,False,C#C[C@]1(O)CC[C@H]2[C@@H]3CCC4=CC(=O)CC[C@@H]4[C@H]3CC[C@]12C,C#C[C@]1(O)CC[C@H]2[C@@H]3CCC4=CC(=O)CC[C@@H]4[C@H]3CC[C@@]21C,0,0
Adefovir Dipivoxil,CC(C)(C)C(=O)OCOP(=O)(COCCN1C=NC2=C1N=CN=C2N)OCOC(=O)C(C)(C)C,False,CC(C)(C)C(=O)OCOP(=O)(COCCn1cnc2c(N)ncnc12)OCOC(=O)C(C)(C)C,CC(C)(C)C(=O)OCOP(=O)(COCCn1cnc2c(N)ncnc21)OCOC(=O)C(C)(C)C,0,0
Oxacillin Sodium,[Na+].[H][C@]12SC(C)(C)[C@@H](N1C(=O)[C@H]2NC(=O)C1=C(C)ON=C1C1=CC=CC=C1)C([O-])=O,False,Cc1onc(c2ccccc2)c1C(=O)N[C@@H]1C(=O)N2[C@@H]1SC(C)(C)[C@@H]2C(=O)[O-],Cc1onc(-c2ccccc2)c1C(=O)N[C@@H]1C(=O)N2[C@@H]1SC(C)(C)[C@@H]2C(=O)O,0,0
Propafenone Hydrochloride,Cl.CCCNCC(O)COC1=CC=CC=C1C(=O)CCC1=CC=CC=C1,False,CCC[NH2+]CC(O)COc1ccccc1C(=O)CCc1ccccc1,CCCNCC(O)COc1ccccc1C(=O)CCc1ccccc1,0,0
Troglitazone,CC1=C(O)C(C)=C2CCC(C)(COC3=CC=C(CC4SC(=O)NC4=O)C=C3)OC2=C1C,False,Cc1c(C)c2c(c(C)c1O)CCC(C)(COc1ccc(CC3SC(=O)NC3=O)cc1)O2,Cc1c(C)c2c(c(C)c1O)CCC(C)(COc1ccc(CC3SC(=O)NC3=O)cc1)O2,0,0
Acetaminophen,CC(=O)NC1=CC=C(O)C=C1,False,CC(=O)Nc1ccc(O)cc1,CC(=O)Nc1ccc(O)cc1,0,0
Diclofenac Potassium,[K+].[O-]C(=O)CC1=CC=CC=C1NC1=C(Cl)C=CC=C1Cl,False,O=C([O-])Cc1ccccc1Nc1c(Cl)cccc1Cl,O=C(O)Cc1ccccc1Nc1c(Cl)cccc1Cl,0,0
Gemfibrozil,CC1=CC(OCCCC(C)(C)C(O)=O)=C(C)C=C1,False,Cc1ccc(C)c(OCCCC(C)(C)C(=O)[O-])c1,Cc1ccc(C)c(OCCCC(C)(C)C(=O)O)c1,0,0
Benznidazole,O=C(CN1C=CN=C1N(=O)=O)NCC1=CC=CC=C1,False,O=C(Cn1ccnc1[N+](=O)[O-])NCc1ccccc1,O=C(Cn1ccnc1[N+](=O)[O-])NCc1ccccc1,0,0
Uridine Triacetate,CC(=O)OC[C@H]1O[C@H]([C@H](OC(C)=O)[C@@H]1OC(C)=O)N1C=CC(=O)NC1=O,True,CC(=O)OC[C@H]1O[C@@H](n2ccc(=O)[nH]c2=O)[C@H](OC(=O)C)[C@@H]1OC(=O)C,CC(=O)OC[C@H]1O[C@@H](n2ccc(=O)[nH]c2=O)[C@H](OC(C)=O)[C@@H]1OC(C)=O,0,0
Delafloxacin,CNC[C@H](O)[C@@H](O)[C@H](O)[C@H](O)CO.NC1=C(F)C=C(F)C(=N1)N1C=C(C(O)=O)C(=O)C2=CC(F)=C(N3CC(O)C3)C(Cl)=C12,True,Nc1nc(n2cc(C(=O)[O-])c(=O)c3cc(F)c(N4CC(O)C4)c(Cl)c23)c(F)cc1F,Nc1nc(-n2cc(C(=O)O)c(=O)c3cc(F)c(N4CC(O)C4)c(Cl)c32)c(F)cc1F,0,0
Fluphenazine Hydrochloride,Cl.OCCN1CCN(CCCN2C3=CC(=CC=C3SC3=C2C=CC=C3)C(F)(F)F)CC1,True,OCC[NH+]1CC[NH+](CCCN2c3ccccc3Sc3ccc(C(F)(F)F)cc23)CC1,OCCN1CCN(CCCN2c3ccccc3Sc3ccc(C(F)(F)F)cc32)CC1,0,0
Inamrinone Lactate,CC(O)C(O)=O.NC1=CC(=CNC1=O)C1=CC=NC=C1,True,Nc1cc(c2ccncc2)c[nH]c1=O,Nc1cc(-c2ccncc2)c[nH]c1=O,0,0
Mibefradil,COCC(=O)O[C@]1(CCN(C)CCCC2=NC3=CC=CC=C3N2)CCC2=C(C=CC(F)=C2)[C@@H]1C(C)C,True,COCC(=O)O[C@]1(CC[NH+](C)CCCc2nc3ccccc3[nH]2)CCc2cc(F)ccc2[C@@H]1C(C)C,COCC(=O)O[C@]1(CCN(C)CCCc2nc3ccccc3[nH]2)CCc2cc(F)ccc2[C@@H]1C(C)C,0,0
Losartan Potassium,[K+].CCCCC1=NC(Cl)=C(C[O-])N1CC1=CC=C(C=C1)C1=CC=CC=C1C1=NN=NN1,True,CCCCc1nc(Cl)c(C[O-])n1Cc1ccc(c2ccccc2C2=[N-]N=NN2)cc1,CCCCc1nc(Cl)c(CO)n1Cc1ccc(-c2ccccc2-c2nnn[nH]2)cc1,1,0
Fluticasone Furoate,[H][C@@]12C[C@@H](C)[C@](OC(=O)C3=CC=CO3)(C(=O)SCF)[C@@]1(C)C[C@H](O)[C@@]1(F)[C@@]2([H])C[C@H](F)C2=CC(=O)C=C[C@]12C,True,C[C@@H]1C[C@H]2[C@@H]3C[C@H](F)C4=CC(=O)C=C[C@]4(C)[C@@]3(F)[C@@H](O)C[C@]2(C)[C@@]1(OC(=O)c1ccco1)C(=O)SCF,C[C@@H]1C[C@H]2[C@@H]3C[C@H](F)C4=CC(=O)C=C[C@]4(C)[C@@]3(F)[C@@H](O)C[C@]2(C)[C@@]1(OC(=O)c1ccco1)C(=O)SCF,0,0
Furosemide,NS(=O)(=O)C1=C(Cl)C=C(NCC2=CC=CO2)C(=C1)C(O)=O,True,NS(=O)(=O)c1cc(C(=O)[O-])c(NCc2ccco2)cc1Cl,NS(=O)(=O)c1cc(C(=O)O)c(NCc2ccco2)cc1Cl,0,0
Celiprolol,CCN(CC)C(=O)NC1=CC=C(OCC(O)CNC(C)(C)C)C(=C1)C(C)=O,True,CCN(CC)C(=O)Nc1ccc(OCC(O)C[NH2+]C(C)(C)C)c(C(=O)C)c1,CCN(CC)C(=O)Nc1ccc(OCC(O)CNC(C)(C)C)c(C(C)=O)c1,0,0
Tacrolimus,[H][C@]12O[C@](O)([C@H](C)C[C@@H]1OC)C(=O)C(=O)N1CCCC[C@H]1C(=O)O[C@@H]([C@H](C)[C@@H](O)CC(=O)[C@H](CC=C)\C=C(C)\C[C@H](C)C[C@@H]2OC)C(\C)=C\[C@H]1CC[C@@H](O)[C@H](C1)OC,True,C=CC[C@@H]1/C=C(\C)/C[C@H](C)C[C@H](OC)[C@H]2O[C@@](O)(C(=O)C(=O)N3CCCC[C@H]3C(=O)O[C@H](/C(=C/[C@H]3CC[C@@H](O)[C@@H](OC)C3)/C)[C@H](C)[C@@H](O)CC1=O)[C@H](C)C[C@@H]2OC,C=CC[C@@H]1/C=C(\C)C[C@H](C)C[C@H](OC)[C@H]2O[C@@](O)(C(=O)C(=O)N3CCCC[C@H]3C(=O)O[C@H](/C(C)=C/[C@H]3CC[C@@H](O)[C@@H](OC)C3)[C@H](C)[C@@H](O)CC1=O)[C@H](C)C[C@@H]2OC,0,0
Famotidine,N\C(N)=N/C1=NC(CSCCC(=N)NS(N)(=O)=O)=CS1,True,[NH2+]=C(CCSCc1csc([NH+]=C(N)N)n1)NS(=O)(=O)N,N=C(CCSCc1csc(N=C(N)N)n1)NS(N)(=O)=O,0,0
Sulindac,CC1=C(CC(O)=O)C2=C(C=CC(F)=C2)\C\1=C\C1=CC=C(C=C1)S(C)=O,True,CC1=C(CC(=O)[O-])c2cc(F)ccc2/C/1=C/c1ccc(S(=O)C)cc1,CC1=C(CC(=O)O)c2cc(F)ccc2/C1=C/c1ccc(S(C)=O)cc1,0,0
Olsalazine Sodium,[Na+].OC1=C(C=C(C=C1)\N=N\C1=CC(C([O-])=O)=C(O)C=C1)C([O-])=O,True,O=C([O-])c1cc(/N=N/c2ccc(O)c(C(=O)[O-])c2)ccc1O,O=C(O)c1cc(/N=N/c2ccc(O)c(C(=O)O)c2)ccc1O,0,0
Metolazone,CC1NC2=C(C=C(C(Cl)=C2)S(N)(=O)=O)C(=O)N1C1=CC=CC=C1C,True,Cc1ccccc1N1C(=O)c2cc(S(=O)(=O)N)c(Cl)cc2NC1C,Cc1ccccc1N1C(=O)c2cc(S(N)(=O)=O)c(Cl)cc2NC1C,0,0
Atazanavir Sulfate,OS(O)(=O)=O.COC(=O)N[C@H](C(=O)N[C@@H](CC1=CC=CC=C1)[C@@H](O)CN(CC1=CC=C(C=C1)C1=NC=CC=C1)NC(=O)[C@@H](NC(=O)OC)C(C)(C)C)C(C)(C)C,True,COC(=O)N[C@H](C(=O)N[C@@H](Cc1ccccc1)[C@@H](O)CN(Cc1ccc(c2ccccn2)cc1)NC(=O)[C@@H](NC(=O)OC)C(C)(C)C)C(C)(C)C,COC(=O)N[C@H](C(=O)N[C@@H](Cc1ccccc1)[C@@H](O)CN(Cc1ccc(-c2ccccn2)cc1)NC(=O)[C@@H](NC(=O)OC)C(C)(C)C)C(C)(C)C,0,0
Valsartan,CCCCC(=O)N(CC1=CC=C(C=C1)C1=CC=CC=C1C1=NN=NN1)[C@@H](C(C)C)C(O)=O,True,CCCCC(=O)N(Cc1ccc(c2ccccc2C2=[N-]N=NN2)cc1)[C@H](C(=O)[O-])C(C)C,CCCCC(=O)N(Cc1ccc(-c2ccccc2-c2nnn[nH]2)cc1)[C@H](C(=O)O)C(C)C,1,0
Rifampin,CO[C@H]1\C=C\O[C@@]2(C)OC3=C(C2=O)C2=C(C(O)=C3C)C(O)=C(NC(=O)\C(C)=C/C=C/[C@H](C)[C@H](O)[C@@H](C)[C@@H](O)[C@@H](C)[C@H](OC(C)=O)[C@@H]1C)C(\C=N\N1CCN(C)CC1)=C2O,True,CO[C@H]1/C=C/O[C@@]2(C)Oc3c(C)c(O)c4c(O)c(c(/C=N/N5CC[NH+](C)CC5)c(O)c4c3C2=O)NC(=O)/C(=C\C=C\[C@H](C)[C@H](O)[C@@H](C)[C@@H](O)[C@@H](C)[C@H](OC(=O)C)[C@@H]1C)/C,CO[C@H]1/C=C/O[C@@]2(C)Oc3c(C)c(O)c4c(O)c(c(/C=N/N5CCN(C)CC5)c(O)c4c3C2=O)NC(=O)/C(C)=C\C=C\[C@H](C)[C@H](O)[C@@H](C)[C@@H](O)[C@@H](C)[C@H](OC(C)=O)[C@@H]1C,0,0
Fluvastatin Sodium,[Na+].CC(C)N1C2=CC=CC=C2C(C2=CC=C(F)C=C2)=C1\C=C\[C@@H](O)C[C@@H](O)CC([O-])=O,True,CC(C)n1c(/C=C/[C@@H](O)C[C@@H](O)CC(=O)[O-])c(c2ccc(F)cc2)c2ccccc12,CC(C)n1c(/C=C/[C@@H](O)C[C@@H](O)CC(=O)O)c(-c2ccc(F)cc2)c2ccccc21,0,0
Nilotinib Hydrochloride Monohydrate,O.Cl.CC1=CN(C=N1)C1=CC(=CC(NC(=O)C2=CC(NC3=NC=CC(=N3)C3=CC=CN=C3)=C(C)C=C2)=C1)C(F)(F)F,True,Cc1cn(c2cc(NC(=O)c3ccc(C)c(Nc4nccc(c5cccnc5)n4)c3)cc(C(F)(F)F)c2)cn1,Cc1cn(-c2cc(NC(=O)c3ccc(C)c(Nc4nccc(-c5cccnc5)n4)c3)cc(C(F)(F)F)c2)cn1,0,0
Sulfinpyrazone,O=C1C(CCS(=O)C2=CC=CC=C2)C(=O)N(N1C1=CC=CC=C1)C1=CC=CC=C1,True,O=C1C(CCS(=O)c2ccccc2)C(=O)N(c2ccccc2)N1c1ccccc1,O=C1C(CCS(=O)c2ccccc2)C(=O)N(c2ccccc2)N1c1ccccc1,0,0
Teniposide,[H][C@@]12CO[C@H](O[C@@]1([H])[C@H](O)[C@@H](O)[C@H](O[C@@H]1C3=C(C=C4OCOC4=C3)[C@@H](C3=CC(OC)=C(O)C(OC)=C3)[C@@]3([H])C(=O)OC[C@]13[H])O2)C1=CC=CS1,True,COc1cc([C@@H]2c3cc4c(cc3[C@@H](O[C@@H]3O[C@@H]5CO[C@@H](c6cccs6)O[C@H]5[C@H](O)[C@H]3O)[C@H]3COC(=O)[C@H]23)OCO4)cc(OC)c1O,COc1cc([C@@H]2c3cc4c(cc3[C@@H](O[C@@H]3O[C@@H]5CO[C@@H](c6cccs6)O[C@H]5[C@H](O)[C@H]3O)[C@H]3COC(=O)[C@H]23)OCO4)cc(OC)c1O,0,0
Ivermectin,[H][C@@]12OC\C3=C/C=C/[C@H](C)[C@H](O[C@H]4C[C@@H](OC)[C@@H](O[C@H]5C[C@@H](OC)[C@@H](O)[C@H](C)O5)[C@H](C)O4)\C(C)=C\C[C@@H]4C[C@@H](C[C@]5(CC[C@H](C)C(O5)[C@@H](C)CC)O4)OC(=O)[C@H](C=C(C)[C@H]1O)[C@@]23O,True,CC[C@H](C)C1O[C@]2(CC[C@@H]1C)C[C@@H]1C[C@@H](C/C=C(\C)/[C@@H](O[C@H]3C[C@@H](OC)[C@@H](O[C@H]4C[C@@H](OC)[C@@H](O)[C@H](C)O4)[C@H](C)O3)[C@@H](C)/C=C/C=C/3\CO[C@@H]4[C@H](O)C(=C[C@@H](C(=O)O1)[C@]34O)C)O2,CC[C@H](C)C1O[C@]2(CC[C@@H]1C)C[C@@H]1C[C@@H](C/C=C(\C)[C@@H](O[C@H]3C[C@@H](OC)[C@@H](O[C@H]4C[C@@H](OC)[C@@H](O)[C@H](C)O4)[C@H](C)O3)[C@@H](C)/C=C/C=C3\CO[C@@H]4[C@H](O)C(C)=C[C@@H](C(=O)O1)[C@]34O)O2,0,0
Carfilzomib,CC(C)C[C@H](NC(=O)[C@H](CCC1=CC=CC=C1)NC(=O)CN1CCOCC1)C(=O)N[C@@H](CC1=CC=CC=C1)C(=O)N[C@@H](CC(C)C)C(=O)[C@@]1(C)CO1,True,CC(C)C[C@H](NC(=O)[C@H](CCc1ccccc1)NC(=O)C[NH+]1CCOCC1)C(=O)N[C@@H](Cc1ccccc1)C(=O)N[C@@H](CC(C)C)C(=O)[C@@]1(C)CO1,CC(C)C[C@H](NC(=O)[C@H](CCc1ccccc1)NC(=O)CN1CCOCC1)C(=O)N[C@@H](Cc1ccccc1)C(=O)N[C@@H](CC(C)C)C(=O)[C@@]1(C)CO1,0,0
Dactinomycin,CC(C)[C@H]1NC(=O)[C@@H](NC(=O)C2=C3N=C4C(OC3=C(C)C=C2)=C(C)C(=O)C(N)=C4C(=O)N[C@H]2[C@@H](C)OC(=O)[C@H](C(C)C)N(C)C(=O)CN(C)C(=O)[C@@H]3CCCN3C(=O)[C@H](NC2=O)C(C)C)[C@@H](C)OC(=O)[C@H](C(C)C)N(C)C(=O)CN(C)C(=O)[C@@H]2CCCN2C1=O,True,Cc1c2-c(nc3c(o2)c(C)ccc3C(=O)N[C@@H]2C(=O)N[C@H](C(C)C)C(=O)N3CCC[C@H]3C(=O)N(C)CC(=O)N(C)[C@@H](C(C)C)C(=O)O[C@@H]2C)c(C(=O)N[C@@H]2C(=O)N[C@H](C(C)C)C(=O)N3CCC[C@H]3C(=O)N(C)CC(=O)N(C)[C@@H](C(C)C)C(=O)O[C@@H]2C)c(N)c1=O,Cc1c2oc3c(C)ccc(C(=O)N[C@@H]4C(=O)N[C@H](C(C)C)C(=O)N5CCC[C@H]5C(=O)N(C)CC(=O)N(C)[C@@H](C(C)C)C(=O)O[C@@H]4C)c3nc-2c(C(=O)N[C@@H]2C(=O)N[C@H](C(C)C)C(=O)N3CCC[C@H]3C(=O)N(C)CC(=O)N(C)[C@@H](C(C)C)C(=O)O[C@@H]2C)c(N)c1=O,0,0
Docetaxel,[H][C@]12[C@H](OC(=O)C3=CC=CC=C3)[C@]3(O)C[C@H](OC(=O)[C@H](O)[C@@H](NC(=O)OC(C)(C)C)C4=CC=CC=C4)C(C)=C([C@@H](O)C(=O)[C@]1(C)[C@@H](O)C[C@H]1OC[C@@]21OC(C)=O)C3(C)C,True,CC(=O)O[C@@]12CO[C@@H]1C[C@H](O)[C@@]1(C)C(=O)[C@H](O)C3=C(C)[C@@H](OC(=O)[C@H](O)[C@@H](NC(=O)OC(C)(C)C)c4ccccc4)C[C@@](O)([C@@H](OC(=O)c4ccccc4)[C@H]21)C3(C)C,CC(=O)O[C@@]12CO[C@@H]1C[C@H](O)[C@@]1(C)C(=O)[C@H](O)C3=C(C)[C@@H](OC(=O)[C@H](O)[C@@H](NC(=O)OC(C)(C)C)c4ccccc4)C[C@@](O)([C@@H](OC(=O)c4ccccc4)[C@H]21)C3(C)C,0,0
Naldemedine Tosylate,CC1=CC=C(C=C1)S(O)(=O)=O.[H][C@@]12CC3=C4C(O[C@@]5([H])C(O)=C(C[C@]1(O)[C@@]45CCN2CC1CC1)C(=O)NC(C)(C)C1=NC(=NO1)C1=CC=CC=C1)=C(O)C=C3,True,CC(C)(NC(=O)C1=C([O-])[C@@H]2Oc3c(O)ccc4c3[C@]32CC[NH+](CC2CC2)[C@H](C4)[C@]3(O)C1)c1nc(c2ccccc2)no1,CC(C)(NC(=O)C1=C(O)[C@@H]2Oc3c(O)ccc4c3[C@@]23CCN(CC2CC2)[C@H](C4)[C@]3(O)C1)c1nc(-c2ccccc2)no1,0,0
Bosentan,COC1=CC=CC=C1OC1=C(OCCO)N=C(N=C1NS(=O)(=O)C1=CC=C(C=C1)C(C)(C)C)C1=NC=CC=N1,True,COc1ccccc1Oc1c(NS(=O)(=O)c2ccc(C(C)(C)C)cc2)nc(c2ncccn2)nc1OCCO,COc1ccccc1Oc1c(NS(=O)(=O)c2ccc(C(C)(C)C)cc2)nc(-c2ncccn2)nc1OCCO,0,0
Ixabepilone,[H][C@]12C[C@H](NC(=O)C[C@H](O)C(C)(C)C(=O)[C@H](C)[C@@H](O)[C@@H](C)CCC[C@@]1(C)O2)C(\C)=C\C1=CSC(C)=N1,True,C/C(=C\c1csc(C)n1)/[C@@H]1C[C@@H]2O[C@]2(C)CCC[C@H](C)[C@H](O)[C@@H](C)C(=O)C(C)(C)[C@@H](O)CC(=O)N1,C/C(=C\c1csc(C)n1)[C@@H]1C[C@@H]2O[C@]2(C)CCC[C@H](C)[C@H](O)[C@@H](C)C(=O)C(C)(C)[C@@H](O)CC(=O)N1,0,0
Aripiprazole,ClC1=CC=CC(N2CCN(CCCCOC3=CC=C4CCC(=O)NC4=C3)CC2)=C1Cl,True,O=C1CCc2ccc(OCCCC[NH+]3CCN(c4cccc(Cl)c4Cl)CC3)cc2N1,O=C1CCc2ccc(OCCCCN3CCN(c4cccc(Cl)c4Cl)CC3)cc2N1,0,0
Tasimelteon,CCC(=O)NC[C@@H]1C[C@H]1C1=C2CCOC2=CC=C1,False,CCC(=O)NC[C@@H]1C[C@H]1c1cccc2c1CCO2,CCC(=O)NC[C@@H]1C[C@H]1c1cccc2c1CCO2,0,0
Cysteamine Bitartrate,NCCS.O[C@H]([C@@H](O)C(O)=O)C(O)=O,True,O=C([O-])[C@H](O)[C@@H](O)C(=O)[O-],O=C(O)[C@H](O)[C@@H](O)C(=O)O,0,0
Artesunate,[H][C@@]12CC[C@@]3(C)OO[C@@]11[C@@]([H])(CC[C@H]2C)[C@@H](C)[C@@H](OC(=O)CCC(O)=O)O[C@]1([H])O3,False,C[C@H]1[C@@H](OC(=O)CCC(=O)[O-])O[C@@H]2O[C@@]3(C)CC[C@H]4[C@H](C)CC[C@@H]1[C@@]24OO3,C[C@H]1[C@@H](OC(=O)CCC(=O)O)O[C@@H]2O[C@@]3(C)CC[C@H]4[C@H](C)CC[C@@H]1[C@@]24OO3,0,0
Dalfampridine,NC1=CC=NC=C1,False,Nc1ccncc1,Nc1ccncc1,0,0
Saxagliptin Hydrochloride,Cl.[H][C@]12C[C@]3([H])C[C@](O)(C1)C[C@](C2)(C3)[C@H](N)C(=O)N1[C@@H](C[C@]2([H])C[C@]12[H])C#N,True,N#C[C@@H]1C[C@@H]2C[C@@H]2N1C(=O)[C@@H]([NH3+])[C@@]12C[C@@H]3C[C@@H](C[C@@](O)(C3)C1)C2,N#C[C@@H]1C[C@@H]2C[C@@H]2N1C(=O)[C@@H](N)[C@@]12C[C@@H]3C[C@@H](C[C@@](O)(C3)C1)C2,0,0
Tedizolid Phosphate,CN1N=NC(=N1)C1=CC=C(C=N1)C1=C(F)C=C(C=C1)N1C[C@H](COP(O)(O)=O)OC1=O,False,Cn1nnc(c2ccc(c3ccc(N4C[C@H](COP(=O)([O-])[O-])OC4=O)cc3F)cn2)n1,Cn1nnc(-c2ccc(-c3ccc(N4C[C@H](COP(=O)(O)O)OC4=O)cc3F)cn2)n1,0,0
Brexanolone,[H][C@@]12CC[C@@]3([H])[C@]4([H])CC[C@H](C(C)=O)[C@@]4(C)CC[C@]3([H])[C@@]1(C)CC[C@@H](O)C2,False,CC(=O)[C@H]1CC[C@H]2[C@@H]3CC[C@H]4C[C@H](O)CC[C@]4(C)[C@H]3CC[C@]12C,CC(=O)[C@H]1CC[C@H]2[C@@H]3CC[C@H]4C[C@H](O)CC[C@]4(C)[C@H]3CC[C@]12C,0,0
Eltrombopag Olamine,NCCO.CC1=CC=C(C=C1C)N1N=C(C)/C(=N/NC2=C(O)C(=CC=C2)C2=CC=CC(=C2)C(O)=O)C1=O,False,CC1=NN(c2ccc(C)c(C)c2)C(=O)/C/1=N\Nc1cccc(c2cccc(C(=O)[O-])c2)c1O,CC1=NN(c2ccc(C)c(C)c2)C(=O)/C1=N\Nc1cccc(-c2cccc(C(=O)O)c2)c1O,0,0
Clobazam,CN1C(=O)CC(=O)N(C2=CC=CC=C2)C2=C1C=CC(Cl)=C2,True,CN1C(=O)CC(=O)N(c2ccccc2)c2cc(Cl)ccc12,CN1C(=O)CC(=O)N(c2ccccc2)c2cc(Cl)ccc21,0,0
Desvenlafaxine Succinate,OC(=O)CCC(O)=O.CN(C)CC(C1=CC=C(O)C=C1)C1(O)CCCCC1,False,C[NH+](C)CC(c1ccc(O)cc1)C1(O)CCCCC1,CN(C)CC(c1ccc(O)cc1)C1(O)CCCCC1,0,0
Afatinib Dimaleate,OC(=O)\C=C/C(O)=O.CN(C)C\C=C\C(=O)NC1=CC2=C(NC3=CC=C(F)C(Cl)=C3)N=CN=C2C=C1O[C@H]1CCOC1,False,C[NH+](C)C/C=C/C(=O)Nc1cc2c(Nc3ccc(F)c(Cl)c3)ncnc2cc1O[C@H]1CCOC1,CN(C)C/C=C/C(=O)Nc1cc2c(Nc3ccc(F)c(Cl)c3)ncnc2cc1O[C@H]1CCOC1,0,0
Donepezil Hydrochloride,Cl.COC1=C(OC)C=C2C(=O)C(CC3CCN(CC3)CC3=CC=CC=C3)CC2=C1,False,COc1cc2c(cc1OC)C(=O)C(CC1CC[NH+](Cc3ccccc3)CC1)C2,COc1cc2c(cc1OC)C(=O)C(CC1CCN(Cc3ccccc3)CC1)C2,0,0
Dronedarone Hydrochloride,Cl.CCCCN(CCCC)CCCOC1=CC=C(C=C1)C(=O)C1=C(CCCC)OC2=CC=C(NS(C)(=O)=O)C=C12,True,CCCCc1oc2ccc(NS(=O)(=O)C)cc2c1C(=O)c1ccc(OCCC[NH+](CCCC)CCCC)cc1,CCCCc1oc2ccc(NS(C)(=O)=O)cc2c1C(=O)c1ccc(OCCCN(CCCC)CCCC)cc1,0,0
Lesinurad,OC(=O)CSC1=NN=C(Br)N1C1=C2C=CC=CC2=C(C=C1)C1CC1,True,O=C([O-])CSc1nnc(Br)n1c1ccc(C2CC2)c2ccccc12,O=C(O)CSc1nnc(Br)n1-c1ccc(C2CC2)c2ccccc12,0,0
Risdiplam,CC1=CN2N=C(C=C(C)C2=N1)C1=CC(=O)N2C=C(C=CC2=N1)N1CCNC2(CC2)C1,True,Cc1cn2nc(c3cc(=O)n4cc(N5CC[NH2+]C6(CC6)C5)ccc4n3)cc(C)c2n1,Cc1cn2nc(-c3cc(=O)n4cc(N5CCNC6(CC6)C5)ccc4n3)cc(C)c2n1,0,0
Dantrolene Sodium,[Na+].[O-]C1=NC(=O)CN1\N=C\C1=CC=C(O1)C1=CC=C(C=C1)N(=O)=O,True,O=C1CN(/N=C/c2ccc(c3ccc([N+](=O)[O-])cc3)o2)C(=[NH+]1)[O-],O=C1CN(/N=C/c2ccc(-c3ccc([N+](=O)[O-])cc3)o2)C(O)=N1,0,0
Rimegepant Sulfate,OS(O)(=O)=O.N[C@H]1[C@@H](CC[C@@H](OC(=O)N2CCC(CC2)N2C(=O)NC3=NC=CC=C23)C2=NC=CC=C12)C1=CC=CC(F)=C1F,True,[NH3+][C@@H]1c2cccnc2[C@H](OC(=O)N2CCC(n3c(=O)[nH]c4ncccc34)CC2)CC[C@H]1c1cccc(F)c1F,N[C@@H]1c2cccnc2[C@H](OC(=O)N2CCC(n3c(=O)[nH]c4ncccc43)CC2)CC[C@H]1c1cccc(F)c1F,0,0
Vemurafenib,CCCS(=O)(=O)NC1=C(F)C(C(=O)C2=CNC3=NC=C(C=C23)C2=CC=C(Cl)C=C2)=C(F)C=C1,True,CCCS(=O)(=O)Nc1ccc(F)c(C(=O)c2c[nH]c3ncc(c4ccc(Cl)cc4)cc23)c1F,CCCS(=O)(=O)Nc1ccc(F)c(C(=O)c2c[nH]c3ncc(-c4ccc(Cl)cc4)cc23)c1F,0,0
Vismodegib,CS(=O)(=O)C1=CC=C(C(=O)NC2=CC=C(Cl)C(=C2)C2=CC=CC=N2)C(Cl)=C1,True,CS(=O)(=O)c1ccc(C(=O)Nc2ccc(Cl)c(c3ccccn3)c2)c(Cl)c1,CS(=O)(=O)c1ccc(C(=O)Nc2ccc(Cl)c(-c3ccccn3)c2)c(Cl)c1,0,0
Ceritinib,CC(C)OC1=C(NC2=NC=C(Cl)C(NC3=C(C=CC=C3)S(=O)(=O)C(C)C)=N2)C=C(C)C(=C1)C1CCNCC1,True,Cc1cc(Nc2ncc(Cl)c(Nc3ccccc3S(=O)(=O)C(C)C)n2)c(OC(C)C)cc1C1CC[NH2+]CC1,Cc1cc(Nc2ncc(Cl)c(Nc3ccccc3S(=O)(=O)C(C)C)n2)c(OC(C)C)cc1C1CCNCC1,0,0
Apixaban,COC1=CC=C(C=C1)N1N=C(C(N)=O)C2=C1C(=O)N(CC2)C1=CC=C(C=C1)N1CCCCC1=O,True,COc1ccc(n2nc(C(=O)N)c3c2C(=O)N(c2ccc(N4CCCCC4=O)cc2)CC3)cc1,COc1ccc(-n2nc(C(N)=O)c3c2C(=O)N(c2ccc(N4CCCCC4=O)cc2)CC3)cc1,0,0
Lefamulin Acetate,CC(O)=O.[H][C@@]12C(=O)CC[C@]11CC[C@@H](C)[C@@]2(C)[C@@H](C[C@@](C)(C=C)[C@@H](O)[C@@H]1C)OC(=O)CS[C@@H]1CC[C@@H](N)C[C@H]1O,True,C=C[C@]1(C)C[C@@H](OC(=O)CS[C@@H]2CC[C@@H]([NH3+])C[C@H]2O)[C@]2(C)[C@H](C)CC[C@]3(CCC(=O)[C@@H]23)[C@@H](C)[C@@H]1O,C=C[C@]1(C)C[C@@H](OC(=O)CS[C@@H]2CC[C@@H](N)C[C@H]2O)[C@]2(C)[C@H](C)CC[C@]3(CCC(=O)[C@H]32)[C@@H](C)[C@@H]1O,0,0
Baricitinib,CCS(=O)(=O)N1CC(CC#N)(C1)N1C=C(C=N1)C1=C2C=CNC2=NC=N1,False,CCS(=O)(=O)N1CC(CC#N)(n2cc(c3ncnc4[nH]ccc34)cn2)C1,CCS(=O)(=O)N1CC(CC#N)(n2cc(-c3ncnc4[nH]ccc34)cn2)C1,0,0
Doravirine,CN1C(=O)NN=C1CN1C=CC(=C(OC2=CC(=CC(Cl)=C2)C#N)C1=O)C(F)(F)F,True,Cn1c(Cn2ccc(C(F)(F)F)c(Oc3cc(Cl)cc(C#N)c3)c2=O)n[nH]c1=O,Cn1c(Cn2ccc(C(F)(F)F)c(Oc3cc(Cl)cc(C#N)c3)c2=O)n[nH]c1=O,0,0
Lorcaserin Hydrochloride,Cl.C[C@H]1CNCCC2=CC=C(Cl)C=C12,False,C[C@H]1C[NH2+]CCc2ccc(Cl)cc12,C[C@H]1CNCCc2ccc(Cl)cc21,0,0
Aprepitant,C[C@@H](O[C@H]1OCCN(CC2=NC(=O)NN2)[C@H]1C1=CC=C(F)C=C1)C1=CC(=CC(=C1)C(F)(F)F)C(F)(F)F,True,C[C@@H](O[C@H]1OCC[NH+](Cc2nc(=O)[nH][nH]2)[C@H]1c1ccc(F)cc1)c1cc(C(F)(F)F)cc(C(F)(F)F)c1,C[C@@H](O[C@H]1OCCN(Cc2nc(=O)[nH][nH]2)[C@H]1c1ccc(F)cc1)c1cc(C(F)(F)F)cc(C(F)(F)F)c1,0,0
Simeprevir Sodium,[Na+].[H][C@@]12C[C@]1(NC(=O)[C@]1([H])C[C@H](C[C@@]1([H])C(=O)N(C)CCCC\C=C/2)OC1=CC(=NC2=C(C)C(OC)=CC=C12)C1=NC(=CS1)C(C)C)C(=O)[N-]S(=O)(=O)C1CC1,True,COc1ccc2c(O[C@@H]3C[C@H]4C(=O)N[C@]5(C(=O)[N-]S(=O)(=O)C6CC6)C[C@H]5/C=C\CCCCN(C)C(=O)[C@@H]4C3)cc(c3nc(C(C)C)cs3)nc2c1C,COc1ccc2c(O[C@@H]3C[C@H]4C(=O)N[C@]5(C(=O)NS(=O)(=O)C6CC6)C[C@H]5/C=C\CCCCN(C)C(=O)[C@@H]4C3)cc(-c3nc(C(C)C)cs3)nc2c1C,0,0
Canagliflozin,O.CC1=C(CC2=CC=C(S2)C2=CC=C(F)C=C2)C=C(C=C1)[C@@H]1O[C@H](CO)[C@@H](O)[C@H](O)[C@H]1O,True,Cc1ccc([C@@H]2O[C@H](CO)[C@@H](O)[C@H](O)[C@H]2O)cc1Cc1ccc(c2ccc(F)cc2)s1,Cc1ccc([C@@H]2O[C@H](CO)[C@@H](O)[C@H](O)[C@H]2O)cc1Cc1ccc(-c2ccc(F)cc2)s1,0,0
Erlotinib Hydrochloride,Cl.COCCOC1=CC2=NC=NC(NC3=CC=CC(=C3)C#C)=C2C=C1OCCOC,True,C#Cc1cccc(Nc2ncnc3cc(OCCOC)c(OCCOC)cc23)c1,C#Cc1cccc(Nc2ncnc3cc(OCCOC)c(OCCOC)cc23)c1,0,0
Memantine Hydrochloride,Cl.[H][C@]12C[C@]3(C)C[C@](C)(C1)C[C@](N)(C2)C3,False,C[C@]12C[C@@H]3C[C@](C)(C1)C[C@@]([NH3+])(C3)C2,C[C@]12C[C@@H]3C[C@](C)(C1)C[C@@](N)(C3)C2,0,0
Bufuralol,CCC1=CC=CC2=C1OC(=C2)C(CNC(C)(C)C)O,False,CCc1cccc2cc(C(O)C[NH2+]C(C)(C)C)oc12,CCc1cccc2cc(C(O)CNC(C)(C)C)oc12,0,0
Warfarin,CC(=O)CC(C1=CC=CC=C1)C2=C(C3=CC=CC=C3OC2=O)O,False,CC(=O)CC(c1ccccc1)c1c(O)c2ccccc2oc1=O,CC(=O)CC(c1ccccc1)c1c(O)c2ccccc2oc1=O,0,0
Guanabenz,C1=CC(=C(C(=C1)Cl)/C=N/N=C(N)N)Cl,False,NC(=[NH+]/N=C/c1c(Cl)cccc1Cl)N,NC(N)=N/N=C/c1c(Cl)cccc1Cl,0,0
Nordiazepam,C1C(=O)NC2=C(C=C(C=C2)Cl)C(=N1)C3=CC=CC=C3,False,O=C1CN=C(c2ccccc2)c2cc(Cl)ccc2N1,O=C1CN=C(c2ccccc2)c2cc(Cl)ccc2N1,0,0
Tacrine,C[C@@H]1C[C@@H]([C@@H]2[C@H](C[C@H]([C@@](O2)(C(=O)C(=O)N3CCCC[C@H]3C(=O)O[C@@H]([C@@H]([C@H](CC(=O)[C@@H](/C=C(/C1)\C)CC=C)O)C)/C(=C/[C@@H]4CC[C@H]([C@@H](C4)OC)O)/C)O)C)OC)OC,False,C=CC[C@@H]1/C=C(\C)/C[C@H](C)C[C@H](OC)[C@H]2O[C@@](O)(C(=O)C(=O)N3CCCC[C@H]3C(=O)O[C@H](/C(=C/[C@@H]3CC[C@@H](O)[C@H](OC)C3)/C)[C@H](C)[C@@H](O)CC1=O)[C@H](C)C[C@@H]2OC,C=CC[C@@H]1/C=C(\C)C[C@H](C)C[C@H](OC)[C@H]2O[C@@](O)(C(=O)C(=O)N3CCCC[C@H]3C(=O)O[C@H](/C(C)=C/[C@@H]3CC[C@@H](O)[C@H](OC)C3)[C@H](C)[C@@H](O)CC1=O)[C@H](C)C[C@@H]2OC,0,0
17beta-estradiol 17beta-D-glucuronide,C[C@]12CC[C@H]3[C@H]([C@@H]1CC[C@@H]2O[C@H]4[C@@H]([C@H]([C@@H]([C@H](O4)C(=O)O)O)O)O)CCC5=C3C=CC(=C5)O,False,C[C@]12CC[C@@H]3c4ccc(O)cc4CC[C@H]3[C@@H]1CC[C@@H]2O[C@@H]1O[C@H](C(=O)[O-])[C@@H](O)[C@H](O)[C@H]1O,C[C@]12CC[C@@H]3c4ccc(O)cc4CC[C@H]3[C@@H]1CC[C@@H]2O[C@@H]1O[C@H](C(=O)O)[C@@H](O)[C@H](O)[C@H]1O,0,0
Zimelidine,CN(C)C/C=C(/C1=CC=C(C=C1)Br)\C2=CN=CC=C2,False,C[NH+](C)C/C=C(/c1ccc(Br)cc1)\c1cccnc1,CN(C)C/C=C(/c1ccc(Br)cc1)c1cccnc1,0,0
Ertapenem sodium,[Na+].[H][C@]12[C@@H](C)C(S[C@@H]3CN[C@@H](C3)C(=O)NC3=CC(=CC=C3)C([O-])=O)=C(N1C(=O)[C@]2([H])[C@@H](C)O)C(O)=O,False,C[C@@H](O)[C@H]1C(=O)N2C(=C(S[C@@H]3C[NH2+][C@H](C(=O)Nc4cccc(C(=O)[O-])c4)C3)[C@H](C)[C@H]12)C(=O)[O-],C[C@@H](O)[C@H]1C(=O)N2C(C(=O)O)=C(S[C@@H]3CN[C@H](C(=O)Nc4cccc(C(=O)O)c4)C3)[C@H](C)[C@H]12,0,0
Doxepin,CN(C)CC/C=C/1\C2=CC=CC=C2COC3=CC=CC=C31,False,C[NH+](C)CC/C=C/1\c2ccccc2COc2ccccc12,CN(C)CC/C=C1\c2ccccc2COc2ccccc21,0,0
Oxindole,C1C2=CC=CC=C2NC1=O,False,O=C1Cc2ccccc2N1,O=C1Cc2ccccc2N1,0,0
Metergoline,CN1C[C@@H](C[C@H]2[C@H]1CC3=CN(C4=CC=CC2=C34)C)CNC(=O)OCC5=CC=CC=C5,False,C[NH+]1C[C@H](CNC(=O)OCc2ccccc2)C[C@@H]2c3cccc4c3c(cn4C)C[C@@H]12,CN1C[C@H](CNC(=O)OCc2ccccc2)C[C@@H]2c3cccc4c3c(cn4C)C[C@H]21,0,0
guanfacine,C1=CC(=C(C(=C1)Cl)CC(=O)N=C(N)N)Cl,False,NC(=[NH+]C(=O)Cc1c(Cl)cccc1Cl)N,NC(N)=NC(=O)Cc1c(Cl)cccc1Cl,0,0
Methotrimeprazine,C[C@@H](CN1C2=CC=CC=C2SC3=C1C=C(C=C3)OC)CN(C)C,False,COc1ccc2c(c1)N(C[C@H](C)C[NH+](C)C)c1ccccc1S2,COc1ccc2c(c1)N(C[C@H](C)CN(C)C)c1ccccc1S2,0,0
N-(6-amino-2-methylpyridin-3-ylmethyl)-2-(6-methyl-2-oxo-3-phenethylamino-2H-pyrazin-1-yl)acetamide dihydrochloride monohydrate,Cc1nc(N)ccc1CNC(=O)Cn1c(C)cnc(NCCc2ccccc2)c1=O.Cl.Cl.O,True,Cc1nc(N)ccc1CNC(=O)Cn1c(C)cnc(NCCc2ccccc2)c1=O,Cc1nc(N)ccc1CNC(=O)Cn1c(C)cnc(NCCc2ccccc2)c1=O,0,0
4-{5-[4-(3-chlorophenyl)-3-oxopiperazin-1-ylmethyl]-imidazol-1-ylmethyl}-benzonitrile,N#Cc1ccc(Cn2cncc2CN2CCN(c3cccc(Cl)c3)C(=O)C2)cc1,True,N#Cc1ccc(Cn2cncc2C[NH+]2CCN(c3cccc(Cl)c3)C(=O)C2)cc1,N#Cc1ccc(Cn2cncc2CN2CCN(c3cccc(Cl)c3)C(=O)C2)cc1,0,0
Vinblastine,CC[C@@]1(C[C@H]2C[C@@](C3=C(CCN(C2)C1)C4=CC=CC=C4N3)(C5=C(C=C6C(=C5)[C@]78CCN9[C@H]7[C@@](C=CC9)([C@H]([C@@]([C@@H]8N6C)(C(=O)OC)O)OC(=O)C)CC)OC)C(=O)OC)O,True,CC[C@]1(O)C[C@@H]2C[NH+](CCc3c([nH]c4ccccc34)[C@@](C(=O)OC)(c3cc4c(cc3OC)N(C)[C@H]3[C@@](O)(C(=O)OC)[C@H](OC(=O)C)[C@]5(CC)C=CC[NH+]6CC[C@]43[C@H]56)C2)C1,CC[C@]1(O)C[C@@H]2CN(CCc3c([nH]c4ccccc34)[C@@](C(=O)OC)(c3cc4c(cc3OC)N(C)[C@H]3[C@@](O)(C(=O)OC)[C@H](OC(C)=O)[C@]5(CC)C=CCN6CC[C@]43[C@@H]65)C2)C1,0,0
Clotrimazole,C1=CC=C(C=C1)C(C2=CC=CC=C2)(C3=CC=CC=C3Cl)N4C=CN=C4,False,Clc1ccccc1C(c1ccccc1)(c1ccccc1)n1ccnc1,Clc1ccccc1C(c1ccccc1)(c1ccccc1)n1ccnc1,0,0
mifepristone,CC#C[C@@]1(CC[C@@H]2[C@@]1(C[C@@H](C3=C4CCC(=O)C=C4CC[C@@H]23)C5=CC=C(C=C5)N(C)C)C)O,False,CC#C[C@]1(O)CC[C@H]2[C@@H]3CCC4=CC(=O)CCC4=C3[C@@H](c3ccc(N(C)C)cc3)C[C@]12C,CC#C[C@]1(O)CC[C@H]2[C@@H]3CCC4=CC(=O)CCC4=C3[C@@H](c3ccc(N(C)C)cc3)C[C@@]21C,0,0
Mevastatin,CC[C@H](C)C(=O)O[C@H]1CCC=C2[C@H]1[C@H]([C@H](C=C2)C)CC[C@@H]3C[C@H](CC(=O)O3)O,False,CC[C@H](C)C(=O)O[C@H]1CCC=C2C=C[C@H](C)[C@H](CC[C@@H]3C[C@@H](O)CC(=O)O3)[C@@H]12,CC[C@H](C)C(=O)O[C@H]1CCC=C2C=C[C@H](C)[C@H](CC[C@@H]3C[C@@H](O)CC(=O)O3)[C@H]21,0,0
Artemisinin,C[C@@H]1CC[C@H]2[C@H](C(=O)O[C@H]3[C@@]24[C@H]1CC[C@](O3)(OO4)C)C,False,C[C@@H]1CC[C@H]2[C@@H](C)C(=O)O[C@@H]3O[C@@]4(C)CC[C@@H]1[C@@]23OO4,C[C@@H]1CC[C@H]2[C@@H](C)C(=O)O[C@@H]3O[C@@]4(C)CC[C@@H]1[C@]32OO4,0,0
Isradipine,CC1=C(C(C(=C(N1)C)C(=O)OC(C)C)C2=CC=CC3=NON=C32)C(=O)OC,False,COC(=O)C1=C(C)NC(=C(C(=O)OC(C)C)C1c1cccc2nonc12)C,COC(=O)C1=C(C)NC(C)=C(C(=O)OC(C)C)C1c1cccc2nonc12,0,0
Ethynyl estradiol,C[C@]12CC[C@H]3[C@H]([C@@H]1CC[C@]2(C#C)O)CCC4=C3C=CC(=C4)O,True,C#C[C@]1(O)CC[C@H]2[C@@H]3CCc4cc(O)ccc4[C@H]3CC[C@]12C,C#C[C@]1(O)CC[C@H]2[C@@H]3CCc4cc(O)ccc4[C@H]3CC[C@@]21C,0,0
Estrone,C[C@]12CC[C@H]3[C@H]([C@@H]1CCC2=O)CCC4=C3C=CC(=C4)O,True,C[C@]12CC[C@@H]3c4ccc(O)cc4CC[C@H]3[C@@H]1CCC2=O,C[C@]12CC[C@@H]3c4ccc(O)cc4CC[C@H]3[C@@H]1CCC2=O,0,0
Estriol,C[C@]12CC[C@H]3[C@H]([C@@H]1C[C@H]([C@@H]2O)O)CCC4=C3C=CC(=C4)O,True,C[C@]12CC[C@@H]3c4ccc(O)cc4CC[C@H]3[C@@H]1C[C@@H](O)[C@@H]2O,C[C@]12CC[C@@H]3c4ccc(O)cc4CC[C@H]3[C@@H]1C[C@@H](O)[C@@H]2O,0,0
