drugs,smiles,labels
Secnidazole,CC(O)CN1C(C)=NC=C1N(=O)=O,False
Prucalopride Succinate,OC(=O)CCC(O)=O.COCCCN1CCC(CC1)NC(=O)C1=CC(Cl)=C(N)C2=C1OCC2,False
Tecovirimat,[H][C@]12C[C@@]1([H])[C@@]1([H])C=C[C@]2([H])[C@]2([H])C(=O)N(NC(=O)C3=CC=C(C=C3)C(F)(F)F)C(=O)[C@]12[H],False
Ezetimibe,O[C@@H](CC[C@@H]1[C@H](N(C1=O)C1=CC=C(F)C=C1)C1=CC=C(O)C=C1)C1=CC=C(F)C=C1,False
Sulfasalazine,OC(=O)C1=C(O)C=CC(=C1)\N=N\C1=CC=C(C=C1)S(=O)(=O)NC1=CC=CC=N1,False
Caffeine Citrate,OC(=O)CC(O)(CC(O)=O)C(O)=O.CN1C=NC2=C1C(=O)N(C)C(=O)N2C,False
Clotrimazole,ClC1=C(C=CC=C1)C(N1C=CN=C1)(C1=CC=CC=C1)C1=CC=CC=C1,False
Cyclosporine,CC[C@H]1C(=O)N(CC(=O)N([C@H](C(=O)N[C@H](C(=O)N([C@H](C(=O)N[C@H](C(=O)N[C@@H](C(=O)N([C@H](C(=O)N([C@H](C(=O)N([C@H](C(=O)N([C@H](C(=O)N1)[C@@H]([C@H](C)C/C=C/C)O)C)C(C)C)C)CC(C)C)C)CC(C)C)C)C)C)CC(C)C)C)C(C)C)CC(C)C)C)C,True
Etoposide,C[C@@H]1OC[C@@H]2[C@@H](O1)[C@@H]([C@H]([C@@H](O2)O[C@H]3[C@H]4COC(=O)[C@@H]4[C@@H](C5=CC6=C(C=C35)OCO6)C7=CC(=C(C(=C7)OC)O)OC)O)O,False
Gabapentin,NCC1(CCCCC1)CC(O)=O,False
Chlorothiazide Sodium,[Na+].NS(=O)(=O)C1=CC2=C(C=C1Cl)N=C[N-]S2(=O)=O,False
Cimetidine,CN\C(NC#N)=N/CCSCC1=C(C)NC=N1,False
Loxapine,CN1CCN(CC1)C1=NC2=CC=CC=C2OC2=CC=C(Cl)C=C12,False
Loxapine Hydrochloride,Cl.CN1CCN(CC1)C1=NC2=C(OC3=C1C=C(Cl)C=C3)C=CC=C2,False
Loxapine Succinate,OC(=O)CCC(O)=O.CN1CCN(CC1)C1=NC2=C(OC3=C1C=C(Cl)C=C3)C=CC=C2,False
Furosemide,NS(=O)(=O)C1=C(Cl)C=C(NCC2=CC=CO2)C(=C1)C(O)=O,False
Ranitidine Hydrochloride,Cl.CN\C(NCCSCC1=CC=C(CN(C)C)O1)=C\N(=O)=O,False
Atazanavir Sulfate,OS(O)(=O)=O.COC(=O)N[C@H](C(=O)N[C@@H](CC1=CC=CC=C1)[C@@H](O)CN(CC1=CC=C(C=C1)C1=NC=CC=C1)NC(=O)[C@@H](NC(=O)OC)C(C)(C)C)C(C)(C)C,False
Doravirine,CN1C(=O)NN=C1CN1C=CC(=C(OC2=CC(=CC(Cl)=C2)C#N)C1=O)C(F)(F)F,False
Dexamethasone,C[C@@H]1C[C@H]2[C@@H]3CCC4=CC(=O)C=C[C@@]4([C@]3([C@H](C[C@@]2([C@]1(C(=O)CO)O)C)O)F)C,False
Verapamil Hydrochloride,Cl.COC1=CC=C(CCN(C)CCCC(C#N)(C(C)C)C2=CC=C(OC)C(OC)=C2)C=C1OC,True
Vinblastine Sulfate,OS(O)(=O)=O.[H][C@@]12N3CC[C@@]11C4=CC(=C(OC)C=C4N(C)[C@@]1([H])[C@](O)([C@H](OC(C)=O)[C@]2(CC)C=CC3)C(=O)OC)[C@]1(C[C@@H]2C[N@](CCC3=C1NC1=CC=CC=C31)C[C@](O)(CC)C2)C(=O)OC,False
Pimozide,FC1=CC=C(C=C1)C(CCCN1CCC(CC1)N1C(=O)NC2=CC=CC=C12)C1=CC=C(F)C=C1,False
Terfenadine,CC(C)(C)C1=CC=C(C=C1)C(O)CCCN1CCC(CC1)C(O)(C1=CC=CC=C1)C1=CC=CC=C1,True
Eluxadoline,COC1=C(C=C(CN([C@@H](C)C2=NC(=CN2)C2=CC=CC=C2)C(=O)[C@@H](N)CC2=C(C)C=C(C=C2C)C(N)=O)C=C1)C(O)=O,False
Levetiracetam,CC[C@H](N1CCCC1=O)C(N)=O,False
Valproic Acid,CCCC(CCC)C(O)=O,False
Delafloxacin,CNC[C@H](O)[C@@H](O)[C@H](O)[C@H](O)CO.NC1=C(F)C=C(F)C(=N1)N1C=C(C(O)=O)C(=O)C2=CC(F)=C(N3CC(O)C3)C(Cl)=C12,False
Colchicine,COC1=CC=C2C(=CC1=O)[C@H](CCC1=CC(OC)=C(OC)C(OC)=C21)NC(C)=O,False
Dasatinib,CC1=NC(=CC(NC2=NC=C(S2)C(=O)NC2=C(Cl)C=CC=C2C)=N1)N1CCN(CCO)CC1,False
Midazolam Hydrochloride,Cl.CC1=NC=C2CN=C(C3=CC=CC=C3F)C3=CC(Cl)=CC=C3N12,False
Peramivir,O.[H][C@]1([C@H](O)[C@H](C[C@H]1NC(N)=N)C(O)=O)[C@@H](NC(C)=O)C(CC)CC,False
Deutetrabenazine,[H][C@]12CC(=O)[C@H](CC(C)C)CN1CCC1=CC(OC([2H])([2H])[2H])=C(OC([2H])([2H])[2H])C=C21,False
Darunavir Ethanolate,[H][C@]12OCC[C@@]1([H])[C@H](CO2)OC(=O)N[C@@H](CC1=CC=CC=C1)[C@H](O)CN(CC(C)C)S(=O)(=O)C1=CC=C(N)C=C1,False
Plecanatide,C[C@H]1C(=O)N[C@H]2CSSC[C@@H](C(=O)N[C@H](C(=O)N[C@H](C(=O)N[C@@H](CSSC[C@H](NC(=O)CNC(=O)[C@@H](NC2=O)[C@@H](C)O)C(=O)N[C@@H](CC(C)C)C(=O)O)C(=O)N[C@H](C(=O)N[C@H](C(=O)N[C@H](C(=O)N1)C(C)C)CC(=O)N)C(C)C)CC(C)C)CCC(=O)O)NC(=O)[C@H](CCC(=O)O)NC(=O)[C@H](C,False
Ritonavir,CC(C)C1=NC(=CS1)CN(C)C(=O)N[C@@H](C(C)C)C(=O)N[C@@H](CC2=CC=CC=C2)C[C@@H]([C@H](CC3=CC=CC=C3)NC(=O)OCC4=CN=CS4)O,False
Carfilzomib,CC(C)C[C@H](NC(=O)[C@H](CCC1=CC=CC=C1)NC(=O)CN1CCOCC1)C(=O)N[C@@H](CC1=CC=CC=C1)C(=O)N[C@@H](CC(C)C)C(=O)[C@@]1(C)CO1,False
Progesterone,[H][C@@]1(CC[C@@]2([H])[C@]3([H])CCC4=CC(=O)CC[C@]4(C)[C@@]3([H])CC[C@]12C)C(C)=O,False
Ursodiol,[H][C@@]12C[C@H](O)CC[C@]1(C)[C@@]1([H])CC[C@]3(C)[C@]([H])(CC[C@@]3([H])[C@]1([H])[C@@H](O)C2)[C@H](C)CCC(O)=O,True
Phenobarbital,CCC1(C(=O)NC(=O)NC1=O)C1=CC=CC=C1,False
Nelfinavir Mesylate,CS(O)(=O)=O.[H][C@@]12CCCC[C@]1([H])CN(C[C@@H](O)[C@H](CSC1=CC=CC=C1)NC(=O)C1=CC=CC(O)=C1C)[C@@H](C2)C(=O)NC(C)(C)C,False
Nicardipine Hydrochloride,Cl.COC(=O)C1=C(C)NC(C)=C(C1C1=CC(=CC=C1)N(=O)=O)C(=O)OCCN(C)CC1=CC=CC=C1,True
Apremilast,CCOC1=C(OC)C=CC(=C1)[C@@H](CS(C)(=O)=O)N1C(=O)C2=CC=CC(NC(C)=O)=C2C1=O,False
Ivermectin,[H][C@@]12OC\C3=C/C=C/[C@H](C)[C@H](O[C@H]4C[C@@H](OC)[C@@H](O[C@H]5C[C@@H](OC)[C@@H](O)[C@H](C)O5)[C@H](C)O4)\C(C)=C\C[C@@H]4C[C@@H](C[C@]5(CC[C@H](C)C(O5)[C@@H](C)CC)O4)OC(=O)[C@H](C=C(C)[C@H]1O)[C@@]23O,False
Ketoconazole,CC(=O)N1CCN(CC1)C2=CC=C(C=C2)OC[C@H]3CO[C@](O3)(CN4C=CN=C4)C5=C(C=C(C=C5)Cl)Cl,False
Quinidine Gluconate,OC[C@@H](O)[C@@H](O)[C@H](O)[C@@H](O)C(O)=O.[H][C@@]12CCN(C[C@@H]1C=C)[C@]([H])(C2)[C@@H](O)C1=C2C=C(OC)C=CC2=NC=C1,False
Quinidine Polygalacturonate,O[C@@H]([C@@H](O)[C@H](O)C(O)=O)[C@@H](O)C(O)=O.[H][C@@]12CCN(C[C@@H]1C=C)[C@]([H])(C2)[C@@H](O)C1=C2C=C(OC)C=CC2=NC=C1,False
Lamotrigine,NC1=NC(N)=C(N=N1)C1=CC=CC(Cl)=C1Cl,False
Alprenolol,CC(C)NCC(O)COC1=CC=CC=C1CC=C,False
Astemizole,COC1=CC=C(CCN2CCC(CC2)NC2=NC3=CC=CC=C3N2CC2=CC=C(F)C=C2)C=C1,False
Carbamazepine,NC(=O)N1C2=CC=CC=C2C=CC2=CC=CC=C12,False
Saquinavir,CC(C)(C)NC(=O)[C@@H]1C[C@@H]2CCCC[C@@H]2CN1C[C@H]([C@H](CC3=CC=CC=C3)NC(=O)[C@H](CC(=O)N)NC(=O)C4=NC5=CC=CC=C5C=C4)O,False
Labetalol Hydrochloride,Cl.CC(CCC1=CC=CC=C1)NCC(O)C1=CC=C(O)C(=C1)C(N)=O,False
Phenytoin,O=C1NC(=O)C(N1)(C1=CC=CC=C1)C1=CC=CC=C1,False
Probenecid,CCCN(CCC)S(=O)(=O)C1=CC=C(C=C1)C(O)=O,False
Testosterone,[H][C@@]12CCC3=CC(=O)CC[C@]3(C)[C@@]1([H])CC[C@]1(C)[C@@H](O)CC[C@@]21[H],True
Indomethacin,COC1=CC2=C(C=C1)N(C(=O)C1=CC=C(Cl)C=C1)C(C)=C2CC(O)=O,True
Mibefradil,COCC(=O)O[C@]1(CCN(C)CCCC2=NC3=CC=CC=C3N2)CCC2=C(C=CC(F)=C2)[C@@H]1C(C)C,True
Nifedipine,CC1=C(C(C(=C(N1)C)C(=O)OC)C2=CC=CC=C2[N+](=O)[O-])C(=O)OC,False
Quinidine Sulfate,OS(O)(=O)=O.[H][C@@]1(C[C@@H]2CC[N@]1C[C@@H]2C=C)[C@@H](O)C1=C2C=C(OC)C=CC2=NC=C1,False
Axitinib,CNC(=O)C1=C(SC2=CC=C3C(NN=C3\C=C\C3=NC=CC=C3)=C2)C=CC=C1,True
Cetirizine Hydrochloride,Cl.OC(=O)COCCN1CCN(CC1)C(C1=CC=CC=C1)C1=CC=C(Cl)C=C1,True
Loperamide Hydrochloride,Cl.CN(C)C(=O)C(CCN1CCC(O)(CC1)C1=CC=C(Cl)C=C1)(C1=CC=CC=C1)C1=CC=CC=C1,True
Daclatasvir Dihydrochloride,Cl.COC(=O)NC(C(C)C)C(=O)N1CCC[C@H]1C1=NC=C(N1)C1=CC=C(C=C1)C1=CC=C(C=C1)C1=CN=C(N1)[C@@H]1CCCN1C(=O)C(NC(=O)OC)C(C)C,True
Neratinib Maleate,OC(=O)\C=C/C(O)=O.CCOC1=C(NC(O)\C=C\CN(C)C)C=C2C(=C1)N=CC(C#N)=C2NC1=CC=C(CC2=CC=CC=N2)C(Cl)=C1,True
Boceprevir,[H][C@]12CN([C@H](C(=O)NC(CC3CCC3)C(=O)C(N)=O)[C@@]1([H])C2(C)C)C(=O)[C@@H](NC(=O)NC(C)(C)C)C(C)(C)C,True
Lopinavir,CC1=C(C(=CC=C1)C)OCC(=O)N[C@@H](CC2=CC=CC=C2)[C@H](C[C@H](CC3=CC=CC=C3)NC(=O)[C@H](C(C)C)N4CCCNC4=O)O,False
Tacrolimus,[H][C@]12O[C@](O)([C@H](C)C[C@@H]1OC)C(=O)C(=O)N1CCCC[C@H]1C(=O)O[C@@H]([C@H](C)[C@@H](O)CC(=O)[C@H](CC=C)\C=C(C)\C[C@H](C)C[C@@H]2OC)C(\C)=C\[C@H]1CC[C@@H](O)[C@H](C1)OC,True
Celecoxib,CC1=CC=C(C=C1)C1=CC(=NN1C1=CC=C(C=C1)S(N)(=O)=O)C(F)(F)F,True
Selpercatinib,COC1=CC=C(CN2C3CC2CN(C3)C2=CC=C(C=N2)C2=CC(OCC(C)(C)O)=CN3N=CC(C#N)=C23)C=N1,False
Nimesulide,CS(=O)(=O)NC1=C(OC2=CC=CC=C2)C=C(C=C1)N(=O)=O,False
Eliglustat Tartrate,O[C@H]([C@@H](O)C(O)=O)C(O)=O.CCCCCCCC(=O)N[C@H](CN1CCCC1)[C@H](O)C1=CC=C2OCCOC2=C1,False
Olaparib,FC1=CC=C(CC2=NNC(=O)C3=CC=CC=C23)C=C1C(=O)N1CCN(CC1)C(=O)C1CC1,False
Tenapanor Hydrochloride,Cl.CN1C[C@@H](C2=CC(=CC=C2)S(=O)(=O)NCCOCCOCCNC(=O)NCCCCNC(=O)NCCOCCOCCNS(=O)(=O)C2=CC=CC(=C2)[C@@H]2CN(C)CC3=C2C=C(Cl)C=C3Cl)C2=C(C1)C(Cl)=CC(Cl)=C2,False
Carvedilol,COC1=C(OCCNCC(O)COC2=CC=CC3=C2C2=C(N3)C=CC=C2)C=CC=C1,False
Ivacaftor,CC(C)(C)C1=CC(=C(O)C=C1NC(=O)C1=CNC2=CC=CC=C2C1=O)C(C)(C)C,True
Telmisartan,CCCC1=NC2=C(C)C=C(C=C2N1CC1=CC=C(C=C1)C1=CC=CC=C1C(O)=O)C1=NC2=CC=CC=C2N1C,True
Itraconazole,CCC(C)N1C(=O)N(C=N1)C2=CC=C(C=C2)N3CCN(CC3)C4=CC=C(C=C4)OC[C@H]5CO[C@](O5)(CN6C=NC=N6)C7=C(C=C(C=C7)Cl)Cl,True
Ponatinib Hydrochloride,Cl.CN1CCN(CC1)CC1=C(C=C(NC(=O)C2=CC(C#CC3=CN=C4C=CC=NN34)=C(C)C=C2)C=C1)C(F)(F)F,True
Lurasidone Hydrochloride,Cl.[H][C@@]12[C@H]3CC[C@H](C3)[C@]1([H])C(=O)N(C[C@@H]1CCCC[C@H]1CN1CCN(CC1)C1=NSC3=C1C=CC=C3)C2=O,True
Vorapaxar Sulfate,OS(O)(=O)=O.[H][C@@]12C[C@@H](CC[C@@]1([H])[C@H](\C=C\C1=CC=C(C=N1)C1=CC=CC(F)=C1)[C@]1([H])[C@@H](C)OC(=O)[C@]1([H])C2)NC(=O)OCC,True
Lapatinib Ditosylate,O.CC1=CC=C(C=C1)S(O)(=O)=O.CS(=O)(=O)CCNCC1=CC=C(O1)C1=CC2=C(C=C1)N=CN=C2NC1=CC(Cl)=C(OCC2=CC(F)=CC=C2)C=C1,True
Afatinib Dimaleate,OC(=O)\C=C/C(O)=O.CN(C)C\C=C\C(=O)NC1=CC2=C(NC3=CC=C(F)C(Cl)=C3)N=CN=C2C=C1O[C@H]1CCOC1,True
Sirolimus,C[C@@H]1CC[C@H]2C[C@@H](/C(=C/C=C/C=C/[C@H](C[C@H](C(=O)[C@@H]([C@@H](/C(=C/[C@H](C(=O)C[C@H](OC(=O)[C@@H]3CCCCN3C(=O)C(=O)[C@@]1(O2)O)[C@H](C)C[C@@H]4CC[C@H]([C@@H](C4)OC)O)C)/C)O)OC)C)C)/C)OC,True
Istradefylline,CCN1C(=O)N(CC)C2=C(N(C)C(/C=C/C3=CC=C(OC)C(OC)=C3)=N2)C1=O,True
Vismodegib,CS(=O)(=O)C1=CC=C(C(=O)NC2=CC=C(Cl)C(=C2)C2=CC=CC=N2)C(Cl)=C1,True
Quinine Sulfate,O.OS(O)(=O)=O.[H][C@@]12CCN(C[C@H]1C=C)[C@@]([H])(C2)[C@H](O)C1=CC=NC2=C1C=C(OC)C=C2,False
Miconazole,C1=CC(=C(C=C1Cl)Cl)COC(CN2C=CN=C2)C3=C(C=C(C=C3)Cl)Cl,True
Bepridil Hydrochloride,Cl.CC(C)COCC(CN(CC1=CC=CC=C1)C1=CC=CC=C1)N1CCCC1,True
Olanzapine,CN1CCN(CC1)C1=NC2=CC=CC=C2NC2=C1C=C(C)S2,True
Simvastatin,[H][C@]12[C@H](C[C@@H](C)C=C1C=C[C@H](C)[C@@H]2CC[C@@H]1C[C@@H](O)CC(=O)O1)OC(=O)C(C)(C)CC,False
Trametinib Dimethyl Sulfoxide,CS(C)=O.CN1C(=O)C(C)=C2N(C(=O)N(C3CC3)C(=O)C2=C1NC1=CC=C(I)C=C1F)C1=CC(NC(C)=O)=CC=C1,True
Chlorpromazine Hydrochloride,Cl.CN(C)CCCN1C2=CC(Cl)=CC=C2SC2=C1C=CC=C2,False
Risperidone,CC1=C(CCN2CCC(CC2)C2=NOC3=C2C=CC(F)=C3)C(=O)N2CCCCC2=N1,True
Spironolactone,[H][C@]12CC[C@@]3(C)[C@@]([H])(CC[C@]33CCC(=O)O3)[C@]1([H])[C@@H](CC1=CC(=O)CC[C@]21C)SC(C)=O,True
Rolapitant Hydrochloride,Cl.C[C@@H](OC[C@]1(CC[C@]2(CCC(=O)N2)CN1)C1=CC=CC=C1)C1=CC(=CC(=C1)C(F)(F)F)C(F)(F)F,True
Felodipine,CCOC(=O)C1=C(NC(=C(C1C2=C(C(=CC=C2)Cl)Cl)C(=O)OC)C)C,False
Montelukast Sodium,[Na+].CC(C)(O)C1=CC=CC=C1CC[C@@H](SCC1(CC1)CC([O-])=O)C1=CC=CC(\C=C\C2=CC=C3C=CC(Cl)=CC3=N2)=C1,True
Propranolol Hydrochloride,Cl.CC(C)NCC(O)COC1=C2C=CC=CC2=CC=C1,False
Haloperidol,OC1(CCN(CCCC(=O)C2=CC=C(F)C=C2)CC1)C1=CC=C(Cl)C=C1,True
Budesonide,[H][C@@]12C[C@@]3([H])[C@]4([H])CCC5=CC(=O)C=C[C@]5(C)[C@@]4([H])[C@@H](O)C[C@]3(C)[C@@]1(OC(CCC)O2)C(=O)CO,True
Quetiapine Fumarate,OC(=O)\C=C\C(O)=O.OCCOCCN1CCN(CC1)C1=NC2=CC=CC=C2SC2=CC=CC=C12,True
Amiodarone Hydrochloride,Cl.CCCCC1=C(C(=O)C2=CC(I)=C(OCCN(CC)CC)C(I)=C2)C2=CC=CC=C2O1,False
Paliperidone,CC1=C(CCN2CCC(CC2)C2=NOC3=CC(F)=CC=C23)C(=O)N2CCCC(O)C2=N1,False
Isradipine,COC(=O)C1=C(C)NC(C)=C(C1C1=CC=CC2=NON=C12)C(=O)OC(C)C,False
Reserpine,[H][C@]12C[C@@H](OC(=O)C3=CC(OC)=C(OC)C(OC)=C3)[C@H](OC)[C@@H](C(=O)OC)[C@@]1([H])C[C@@]1([H])N(CCC3=C1NC1=C3C=CC(OC)=C1)C2,False
Diltiazem Hydrochloride,Cl.COC1=CC=C(C=C1)[C@@H]1SC2=CC=CC=C2N(CCN(C)C)C(=O)[C@@H]1OC(C)=O,False
Diltiazem Malate,O[C@@H](CC(O)=O)C(O)=O.COC1=CC=C(C=C1)[C@@H]1SC2=C(C=CC=C2)N(CCN(C)C)C(=O)[C@@H]1OC(C)=O,False
Candesartan Cilexetil,CCOC1=NC2=CC=CC(C(=O)OC(C)OC(=O)OC3CCCCC3)=C2N1CC1=CC=C(C=C1)C1=CC=CC=C1C1=NN=NN1,False
Repaglinide,CCOC1=CC(CC(=O)N[C@@H](CC(C)C)C2=CC=CC=C2N2CCCCC2)=CC=C1C(O)=O,False
Canagliflozin,O.CC1=C(CC2=CC=C(S2)C2=CC=C(F)C=C2)C=C(C=C1)[C@@H]1O[C@H](CO)[C@@H](O)[C@H](O)[C@H]1O,False
Troglitazone,CC1=C(O)C(C)=C2CCC(C)(COC3=CC=C(CC4SC(=O)NC4=O)C=C3)OC2=C1C,False
Conivaptan Hydrochloride,Cl.CC1=NC2=C(N1)C1=CC=CC=C1N(CC2)C(=O)C1=CC=C(NC(=O)C2=CC=CC=C2C2=CC=CC=C2)C=C1,False
Sertraline Hydrochloride,Cl.CN[C@H]1CC[C@@H](C2=CC=C(Cl)C(Cl)=C2)C2=C1C=CC=C2,False
Bosentan,COC1=CC=CC=C1OC1=C(OCCO)N=C(N=C1NS(=O)(=O)C1=CC=C(C=C1)C(C)(C)C)C1=NC=CC=N1,False
Lovastatin,CC[C@H](C)C(=O)O[C@H]1C[C@H](C=C2[C@H]1[C@H]([C@H](C=C2)C)CC[C@@H]3C[C@H](CC(=O)O3)O)C,False
Memantine Hydrochloride,Cl.[H][C@]12C[C@]3(C)C[C@](C)(C1)C[C@](N)(C2)C3,False
Paclitaxel,CC1=C2[C@H](C(=O)[C@@]3([C@H](C[C@@H]4[C@]([C@H]3[C@@H]([C@@](C2(C)C)(C[C@@H]1OC(=O)[C@@H]([C@H](C5=CC=CC=C5)NC(=O)C6=CC=CC=C6)O)O)OC(=O)C7=CC=CC=C7)(CO4)OC(=O)C)O)C)OC(=O)C,False
Prazosin Hydrochloride,Cl.COC1=CC2=NC(=NC(N)=C2C=C1OC)N1CCN(CC1)C(=O)C1=CC=CO1,False
Paroxetine Hydrochloride,Cl.FC1=CC=C(C=C1)[C@@H]1CCNC[C@H]1COC1=CC=C2OCOC2=C1,False
Paroxetine Mesylate,CS(O)(=O)=O.FC1=CC=C(C=C1)[C@@H]1CCNC[C@H]1COC1=CC=C2OCOC2=C1,False
Clozapine,CN1CCN(CC1)C1=NC2=C(NC3=C1C=CC=C3)C=CC(Cl)=C2,False
Glasdegib,OC(=O)\C=C/C(O)=O.CN1CC[C@H](C[C@@H]1C1=NC2=C(N1)C=CC=C2)NC(=O)NC1=CC=C(C=C1)C#N,False
Clarithromycin,CC[C@H]1OC(=O)[C@H](C)[C@@H](O[C@H]2C[C@@](C)(OC)[C@@H](O)[C@H](C)O2)[C@H](C)[C@@H](O[C@@H]2O[C@H](C)C[C@@H]([C@H]2O)N(C)C)[C@@](C)(C[C@@H](C)C(=O)[C@H](C)[C@@H](O)[C@]1(C)O)OC,False
Ranolazine,COC1=CC=CC=C1OCC(O)CN1CCN(CC1)CC(=O)NC1=C(C)C=CC=C1C,False
Lefamulin Acetate,CC(O)=O.[H][C@@]12C(=O)CC[C@]11CC[C@@H](C)[C@@]2(C)[C@@H](C[C@@](C)(C=C)[C@@H](O)[C@@H]1C)OC(=O)CS[C@@H]1CC[C@@H](N)C[C@H]1O,False
Nitrendipine,CCOC(=O)C1=C(NC(=C(C1C2=CC(=CC=C2)[N+](=O)[O-])C(=O)OC)C)C,False
Sunitinib Malate,O[C@@H](CC(O)=O)C(O)=O.CCN(CC)CCNC(=O)C1=C(C)NC(/C=C2\C(=O)NC3=CC=C(F)C=C23)=C1C,False
Amprenavir,CC(C)CN(C[C@@H](O)[C@H](CC1=CC=CC=C1)NC(=O)O[C@H]1CCOC1)S(=O)(=O)C1=CC=C(N)C=C1,False
Flecainide Acetate,CC(O)=O.FC(F)(F)COC1=CC=C(OCC(F)(F)F)C(=C1)C(=O)NCC1CCCCN1,False
Omeprazole,COC1=CC=C2NC(=NC2=C1)S(=O)CC1=NC=C(C)C(OC)=C1C,False
Citalopram Hydrobromide,Br.CN(C)CCCC1(OCC2=C1C=CC(=C2)C#N)C1=CC=C(F)C=C1,False
Erythromycin,CC[C@H]1OC(=O)[C@H](C)[C@@H](O[C@H]2C[C@@](C)(OC)[C@@H](O)[C@H](C)O2)[C@H](C)[C@@H](O[C@@H]2O[C@H](C)C[C@@H]([C@H]2O)N(C)C)[C@](C)(O)C[C@@H](C)C(=O)[C@H](C)[C@@H](O)[C@]1(C)O,False
Methylene Blue,[Cl-].CN(C)C1=CC2=C(C=C1)N=C1C=C/C(/C=C1S2)=[N+](\C)C,False
Pantoprazole Sodium,[Na+].COC1=C(OC)C(=NC=C1)\C=S([O-])\C1=NC2=CC(OC(F)F)=CC=C2N1,False
Lansoprazole,CC1=C(C=CN=C1CS(=O)C2=NC3=CC=CC=C3N2)OCC(F)(F)F,False
Digoxin,[H][C@]12CC[C@]3([H])[C@]([H])(C[C@@H](O)[C@]4(C)[C@H](CC[C@]34O)C3=CC(=O)OC3)[C@@]1(C)CC[C@@H](C2)O[C@H]1C[C@H](O)[C@H](O[C@H]2C[C@H](O)[C@H](O[C@H]3C[C@H](O)[C@H](O)[C@@H](C)O3)[C@@H](C)O2)[C@@H](C)O1,False
Fluoxetine Hydrochloride,Cl.CNCCC(OC1=CC=C(C=C1)C(F)(F)F)C1=CC=CC=C1,False
Efavirenz,FC(F)(F)[C@]1(OC(=O)NC2=CC=C(Cl)C=C12)C#CC1CC1,False
Eravacycline dihydrochloride,Cl.[H][C@@]12CC3=C(F)C=C(NC(=O)CN4CCCC4)C(O)=C3C(=O)C1=C(O)[C@]1(O)C(=O)C(C(N)=O)=C(O)[C@@H](N(C)C)[C@]1([H])C2,False
Fluvastatin Sodium,[Na+].CC(C)N1C2=CC=CC=C2C(C2=CC=C(F)C=C2)=C1\C=C\[C@@H](O)C[C@@H](O)CC([O-])=O,False
Imipramine Hydrochloride,Cl.CN(C)CCCN1C2=CC=CC=C2CCC2=CC=CC=C12,False
Imipramine Pamoate,CN(C)CCCN1C2=CC=CC=C2CCC2=CC=CC=C12.OC(=O)C1=C(O)C(CC2=C3C=CC=CC3=CC(C(O)=O)=C2O)=C2C=CC=CC2=C1,False
Desipramine Hydrochloride,Cl.CNCCCN1C2=C(CCC3=C1C=CC=C3)C=CC=C2,False
Sitagliptin Phosphate,O.OP(O)(O)=O.N[C@@H](CC(=O)N1CCN2C(C1)=NN=C2C(F)(F)F)CC1=C(F)C=C(F)C(F)=C1,False
Sparfloxacin,C[C@H]1CN(C[C@@H](C)N1)C1=C(F)C2=C(C(=O)C(=CN2C2CC2)C(O)=O)C(N)=C1F,False
Atorvastatin Calcium,[Ca++].CC(C)C1=C(C(=O)NC2=CC=CC=C2)C(C2=CC=CC=C2)=C(N1CC[C@@H](O)C[C@@H](O)CC([O-])=O)C1=CC=C(F)C=C1,False
Tofacitinib Citrate,OC(=O)CC(O)(CC(O)=O)C(O)=O.C[C@@H]1CCN(C[C@@H]1N(C)C1=C2C=CNC2=NC=N1)C(=O)CC#N,False
Olodaterol Hydrochloride,Cl.COC1=CC=C(CC(C)(C)NC[C@H](O)C2=C3OCC(=O)NC3=CC(O)=C2)C=C1,False
Levofloxacin,C[C@H]1COC2=C(N3CCN(C)CC3)C(F)=CC3=C2N1C=C(C(O)=O)C3=O,False
Meloxicam,CN1C(C(=O)NC2=NC=C(C)S2)=C(O)C2=CC=CC=C2S1(=O)=O,False
Orlistat,CCCCCCCCCCC[C@@H](C[C@@H]1OC(=O)[C@H]1CCCCCC)OC(=O)[C@H](CC(C)C)NC=O,False
Zosuquidar2,C1CN(CCN1C[C@H](COC2=CC=CC3=C2C=CC=N3)O)C4C5=CC=CC=C5[C@H]6[C@H](C6(F)F)C7=CC=CC=C47,True
Elacridar (GF120918)2,COC1=CC=CC2=C1NC3=C(C2=O)C=CC=C3C(=O)NC4=CC=C(C=C4)CCN5CCC6=CC(=C(C=C6C5)OC)OC,True
Cyclosporine2,CC[C@H]1C(=O)N(CC(=O)N([C@H](C(=O)N[C@H](C(=O)N([C@H](C(=O)N[C@H](C(=O)N[C@@H](C(=O)N([C@H](C(=O)N([C@H](C(=O)N([C@H](C(=O)N([C@H](C(=O)N1)[C@@H]([C@H](C)C/C=C/C)O)C)C(C)C)C)CC(C)C)C)CC(C)C)C)C)C)CC(C)C)C)C(C)C)CC(C)C)C)C,True
Elacridar,COC1=CC=CC2=C1NC3=C(C2=O)C=CC=C3C(=O)NC4=CC=C(C=C4)CCN5CCC6=CC(=C(C=C6C5)OC)OC,True
Gpv062,O=C(CCc1ccccc1)c1ccccc1OCC(O)CN1CCC(O)(c2ccccc2)CC1,True
Valspodar2,C/C=C/C[C@@H](C)C(=O)[C@H]1C(=O)N[C@H](C(=O)N(CC(=O)N([C@H](C(=O)N[C@H](C(=O)N([C@H](C(=O)N[C@H](C(=O)N[C@@H](C(=O)N([C@H](C(=O)N([C@H](C(=O)N([C@H](C(=O)N1C)C(C)C)C)CC(C)C)C)CC(C)C)C)C)C)CC(C)C)C)C(C)C)CC(C)C)C)C)C(C)C,True
Tariquidar,COC1=C(C=C2CN(CCC2=C1)CCC3=CC=C(C=C3)NC(=O)C4=CC(=C(C=C4NC(=O)C5=CC6=CC=CC=C6N=C5)OC)OC)OC,True
SDZ 280-446,CC[C@H](C)[C@H]1C(=O)NCC(=O)N([C@H](C(=O)N[C@H](C(=O)O[C@H](C(=O)N2CCCC[C@H]2C(=O)N([C@H](C(=O)N[C@H](C(=O)N([C@H](C(=O)N(C(C(=O)N1C)[C@@H](C)CC)C)CC(=O)OC(C)(C)C)C)C(C)C)C(C)C)C)C)CC3=CC=C(C=C3)OC)C(C)C)C,True
Norverapamil,CC(C)C(CCCNCCC1=CC(=C(C=C1)OC)OC)(C#N)C2=CC(=C(C=C2)OC)OC,True
Reserpine2,CO[C@H]1[C@@H](C[C@@H]2CN3CCC4=C([C@H]3C[C@@H]2[C@@H]1C(=O)OC)NC5=C4C=CC(=C5)OC)OC(=O)C6=CC(=C(C(=C6)OC)OC)OC,True
"Verapamil2,4",CC(C)C(CCCN(C)CCC1=CC(=C(C=C1)OC)OC)(C#N)C2=CC(=C(C=C2)OC)OC,True
Clofazimine,CC(C)N=C1C=C2C(=NC3=CC=CC=C3N2C4=CC=C(C=C4)Cl)C=C1NC5=CC=C(C=C5)Cl,True
Gpv005,O=C(CCc1ccccc1)c1ccccc1OCC(O)CN1CCCCC1,True
Niguldipine,CC1=C(C(C(=C(N1)C)C(=O)OCCCN2CCC(CC2)(C3=CC=CC=C3)C4=CC=CC=C4)C5=CC(=CC=C5)[N+](=O)[O-])C(=O)OC,True
Aripiprazole,C1CC(=O)NC2=C1C=CC(=C2)OCCCCN3CCN(CC3)C4=C(C(=CC=C4)Cl)Cl,True
Wk-X-50,O=C(Nc1ccc(CCN2CCc3ccccc3C2)cc1)Nc1ccccc1NC(=O)c1cnc2ccccc2c1,True
"Lsn335984, 42",O[C@@H](COc1cccc2ncccc12)CN1CCN([C@@H]2c3ccccc3[C@@H]3[C@H](c4ccccc42)C3(Cl)Cl)CC1,True
Itraconazole4,CCC(C)N1C(=O)N(C=N1)C2=CC=C(C=C2)N3CCN(CC3)C4=CC=C(C=C4)OC[C@H]5CO[C@](O5)(CN6C=NC=N6)C7=C(C=C(C=C7)Cl)Cl,True
(+)-devapamil,CC(C)[C@@](CCCN(C)CCC1=CC(=CC=C1)OC)(C#N)C2=CC(=C(C=C2)OC)OC,True
Ketoconazole2,CC(=O)N1CCN(CC1)C2=CC=C(C=C2)OC[C@H]3CO[C@](O3)(CN4C=CN=C4)C5=C(C=C(C=C5)Cl)Cl,True
Desethylamiodarone,CCCCC1=C(C2=CC=CC=C2O1)C(=O)C3=CC(=C(C(=C3)I)OCCNCC)I,False
Nelfinavir,CC1=C(C=CC=C1O)C(=O)N[C@@H](CSC2=CC=CC=C2)[C@@H](CN3C[C@H]4CCCC[C@H]4C[C@H]3C(=O)NC(C)(C)C)O,True
Ebastine,CC(C)(C)C1=CC=C(C=C1)C(=O)CCCN2CCC(CC2)OC(C3=CC=CC=C3)C4=CC=CC=C4,True
Pentachlorophenol,C1(=C(C(=C(C(=C1Cl)Cl)Cl)Cl)Cl)O,True
Telithromycin,CC[C@@H]1[C@@]2([C@@H]([C@H](C(=O)[C@@H](C[C@@]([C@@H]([C@H](C(=O)[C@H](C(=O)O1)C)C)O[C@H]3[C@@H]([C@H](C[C@H](O3)C)N(C)C)O)(C)OC)C)C)N(C(=O)O2)CCCCN4C=C(N=C4)C5=CN=CC=C5)C,True
Verapamil,CC(C)C(CCCN(C)CCC1=CC(=C(C=C1)OC)OC)(C#N)C2=CC(=C(C=C2)OC)OC,True
(-)-devapamil,CC(C)[C@](CCCN(C)CCC1=CC(=CC=C1)OC)(C#N)C2=CC(=C(C=C2)OC)OC,True
Cepharanthin,CN1CCC2=CC3=C(C4=C2[C@@H]1CC5=CC=C(C=C5)OC6=C(C=CC(=C6)C[C@@H]7C8=CC(=C(C=C8CCN7C)OC)O4)OC)OCO3,True
"Quinidine1,2,4",COC1=CC2=C(C=CN=C2C=C1)[C@@H]([C@H]3C[C@@H]4CCN3C[C@@H]4C=C)O,False
Nicardipine,CC1=C(C(C(=C(N1)C)C(=O)OCCN(C)CC2=CC=CC=C2)C3=CC(=CC=C3)[N+](=O)[O-])C(=O)OC,True
(+)-emopamil,CC(C)[C@@](CCCN(C)CCC1=CC=CC=C1)(C#N)C2=CC=CC=C2,True
Gallopamil,CC(C)C(CCCN(C)CCC1=CC(=C(C=C1)OC)OC)(C#N)C2=CC(=C(C(=C2)OC)OC)OC,True
Loperamide1,CN(C)C(=O)C(CCN1CCC(CC1)(C2=CC=C(C=C2)Cl)O)(C3=CC=CC=C3)C4=CC=CC=C4,False
(+)-verapamil,CC(C)[C@@](CCCN(C)CCC1=CC(=C(C=C1)OC)OC)(C#N)C2=CC(=C(C=C2)OC)OC,True
Endosulfan,C1C2C(COS(=O)O1)C3(C(=C(C2(C3(Cl)Cl)Cl)Cl)Cl)Cl,True
(-)-verapamil,CC(C)[C@](CCCN(C)CCC1=CC(=C(C=C1)OC)OC)(C#N)C2=CC(=C(C=C2)OC)OC,True
Phosalone,CCOP(=S)(OCC)SCN1C2=C(C=C(C=C2)Cl)OC1=O,False
Valinomycin,C[C@H]1C(=O)N[C@H](C(=O)O[C@@H](C(=O)N[C@@H](C(=O)O[C@H](C(=O)N[C@H](C(=O)O[C@@H](C(=O)N[C@@H](C(=O)O[C@H](C(=O)N[C@H](C(=O)O[C@@H](C(=O)N[C@@H](C(=O)O1)C(C)C)C(C)C)C(C)C)C)C(C)C)C(C)C)C(C)C)C)C(C)C)C(C)C)C(C)C,True
N-norgallopamil,CC(C)C(CCCNCCC1=CC(=C(C=C1)OC)OC)(C#N)C2=CC(=C(C(=C2)OC)OC)OC,True
Propiconazole,CCCC1COC(O1)(CN2C=NC=N2)C3=C(C=C(C=C3)Cl)Cl,True
Clarithromycin4,CC[C@@H]1[C@@]([C@@H]([C@H](C(=O)[C@@H](C[C@@]([C@@H]([C@H]([C@@H]([C@H](C(=O)O1)C)O[C@H]2C[C@@]([C@H]([C@@H](O2)C)O)(C)OC)C)O[C@H]3[C@@H]([C@H](C[C@H](O3)C)N(C)C)O)(C)OC)C)C)O)(C)O,False
"Ritonavir2,4",CC(C)C1=NC(=CS1)CN(C)C(=O)N[C@@H](C(C)C)C(=O)N[C@@H](CC2=CC=CC=C2)C[C@@H]([C@H](CC3=CC=CC=C3)NC(=O)OCC4=CN=CS4)O,False
Sulfentanil,C1=CC=C(C=C1)N2C(=O)C(C(=O)N2C3=CC=CC=C3)CCS(=O)C4=CC=CC=C4,True
Manidipine,CC1=C(C(C(=C(N1)C)C(=O)OCCN2CCN(CC2)C(C3=CC=CC=C3)C4=CC=CC=C4)C5=CC(=CC=C5)[N+](=O)[O-])C(=O)OC,True
(-)-isradipine,CC1=C(C(C(=C(N1)C)C(=O)OC(C)C)C2=CC=CC3=NON=C32)C(=O)OC,True
Benidipine,CC1=C([C@H](C(=C(N1)C)C(=O)O[C@@H]2CCCN(C2)CC3=CC=CC=C3)C4=CC(=CC=C4)[N+](=O)[O-])C(=O)OC,True
Tamoxifen,CC/C(=C(\C1=CC=CC=C1)/C2=CC=C(C=C2)OCCN(C)C)/C3=CC=CC=C3,True
Fentanyl,CCC(=O)N(C1CCN(CC1)CCC2=CC=CC=C2)C3=CC=CC=C3,True
Fluphenazine,C1CN(CCN1CCCN2C3=CC=CC=C3SC4=C2C=C(C=C4)C(F)(F)F)CCO,False
Sertindole,C1CN(CCC1C2=CN(C3=C2C=C(C=C3)Cl)C4=CC=C(C=C4)F)CCN5CCNC5=O,True
Reversan,C1COCCN1CCCNC(=O)C2=C3N=C(C=C(N3N=C2)C4=CC=CC=C4)C5=CC=CC=C5,True
Imatinib,CC1=C(C=C(C=C1)NC(=O)C2=CC=C(C=C2)CN3CCN(CC3)C)NC4=NC=CC(=N4)C5=CN=CC=C5,True
Trifluoperazine,CN1CCN(CC1)CCCN2C3=CC=CC=C3SC4=C2C=C(C=C4)C(F)(F)F,False
Hydramethylnon,CC1(CN=C(NC1)NN=C(/C=C/C2=CC=C(C=C2)C(F)(F)F)/C=C/C3=CC=C(C=C3)C(F)(F)F)C,True
Methadone,CCC(=O)C(CC(C)N(C)C)(C1=CC=CC=C1)C2=CC=CC=C2,True
Ophiobolin A,C[C@H]1C[C@@H](O[C@@]12CC[C@]3([C@H]2C/C=C(\[C@@H]4[C@H](C3)[C@](CC4=O)(C)O)/C=O)C)C=C(C)C,True
Vinblastine,CC[C@@]1(C[C@H]2C[C@@](C3=C(CCN(C2)C1)C4=CC=CC=C4N3)(C5=C(C=C6C(=C5)[C@]78CCN9[C@H]7[C@@](C=CC9)([C@H]([C@@]([C@@H]8N6C)(C(=O)OC)O)OC(=O)C)CC)OC)C(=O)OC)O,True
Cholesterol,C[C@H](CCCC(C)C)[C@H]1CC[C@@H]2[C@@]1(CC[C@H]3[C@H]2CC=C4[C@@]3(CC[C@@H](C4)O)C)C,True
Barnidipine,CC1=C([C@@H](C(=C(N1)C)C(=O)O[C@H]2CCN(C2)CC3=CC=CC=C3)C4=CC(=CC=C4)[N+](=O)[O-])C(=O)OC,False
(+)-isradipine,Cc1cc2c(C(C)C)c(O)c(O)c(C=O)c2c(O)c1-c1c(C)cc2c(C(C)C)c(O)c(O)c(C=O)c2c1O,True
Emetine,CC[C@H]1CN2CCC3=CC(=C(C=C3[C@@H]2C[C@@H]1C[C@@H]4C5=CC(=C(C=C5CCN4)OC)OC)OC)OC,True
(-)-nitrendipine,CCOC(=O)C1=C(NC(=C([C@@H]1C2=CC(=CC=C2)[N+](=O)[O-])C(=O)OC)C)C,True
Lovastatin Lactone,CC[C@H](C)C(=O)O[C@H]1C[C@H](C=C2[C@H]1[C@H]([C@H](C=C2)C)CCC3C[C@H](CC(=O)O3)O)C,False
Moxidectin,[H][C@@]12C\C=C(C)\C[C@@H](C)\C=C\C=C3/CO[C@]4([H])[C@H](O)C(C)=C[C@@]([H])(C(=O)O[C@@]([H])(C1)C[C@]1(C\C(=N/OC)[C@H](C)[C@H](O1)C(\C)=C\C(C)C)O2)[C@]34O,True
Quinidine,COC1=CC2=C(C=CN=C2C=C1)[C@@H]([C@H]3C[C@@H]4CCN3C[C@@H]4C=C)O,True
Simvastatin lactone,CCC(C)(C)C(=O)O[C@H]1C[C@H](C=C2[C@H]1[C@H]([C@H](C=C2)C)CC[C@@H]3C[C@H](CC(=O)O3)O)C,True
(+)-nitrendipine,CCOC(=O)C1=C(NC(=C([C@H]1C2=CC(=CC=C2)[N+](=O)[O-])C(=O)OC)C)C,False
Vinblastine1,CC[C@@]1(C[C@H]2C[C@@](C3=C(CCN(C2)C1)C4=CC=CC=C4N3)(C5=C(C=C6C(=C5)[C@]78CCN9[C@H]7[C@@](C=CC9)([C@H]([C@@]([C@@H]8N6C)(C(=O)OC)O)OC(=O)C)CC)OC)C(=O)OC)O,False
Nobiletin,COC1=C(C=C(C=C1)C2=CC(=O)C3=C(O2)C(=C(C(=C3OC)OC)OC)OC)OC,False
Desmethylazelastine,C1CC(CCNC1)N2C(=O)C3=CC=CC=C3C(=N2)CC4=CC=C(C=C4)Cl,False
Amiodarone4,CCCCC1=C(C2=CC=CC=C2O1)C(=O)C3=CC(=C(C(=C3)I)OCCN(CC)CC)I,False
Efonidipine,CC1=C(C(C(=C(N1)C)P2(=O)OCC(CO2)(C)C)C3=CC(=CC=C3)[N+](=O)[O-])C(=O)OCCN(CC4=CC=CC=C4)C5=CC=CC=C5,False
Atorvastatin lactone,CC(C)C1=C(C(=C(N1CC[C@@H]2C[C@H](CC(=O)O2)O)C3=CC=C(C=C3)F)C4=CC=CC=C4)C(=O)NC5=CC=CC=C5,False
Quinacrine,CCN(CC)CCCC(C)NC1=C2C=C(C=CC2=NC3=C1C=CC(=C3)Cl)OC,False
Roxithromycin,CC[C@@H]1[C@@]([C@@H]([C@H](/C(=N/OCOCCOC)/[C@@H](C[C@@]([C@@H]([C@H]([C@@H]([C@H](C(=O)O1)C)O[C@H]2C[C@@]([C@H]([C@@H](O2)C)O)(C)OC)C)O[C@H]3[C@@H]([C@H](C[C@H](O3)C)N(C)C)O)(C)O)C)C)O)(C)O,False
Piperine,C1CCN(CC1)C(=O)/C=C/C=C/C2=CC3=C(C=C2)OCO3,False
Azelastine,CN1CCCC(CC1)N2C(=O)C3=CC=CC=C3C(=N2)CC4=CC=C(C=C4)Cl,False
Pantoprazole,COC1=C(C(=NC=C1)CS(=O)C2=NC3=C(N2)C=C(C=C3)OC(F)F)OC,False
Nilvadipine,CC1=C(C(C(=C(N1)C#N)C(=O)OC)C2=CC(=CC=C2)[N+](=O)[O-])C(=O)OC(C)C,False
Azithromycin,CC[C@@H]1[C@@]([C@@H]([C@H](N(C[C@@H](C[C@@]([C@@H]([C@H]([C@@H]([C@H](C(=O)O1)C)O[C@H]2C[C@@]([C@H]([C@@H](O2)C)O)(C)OC)C)O[C@H]3[C@@H]([C@H](C[C@H](O3)C)N(C)C)O)(C)O)C)C)C)O)(C)O,False
Indinavir,CC(C)(C)NC(=O)[C@@H]1CN(CCN1C[C@H](C[C@@H](CC2=CC=CC=C2)C(=O)N[C@@H]3[C@@H](CC4=CC=CC=C34)O)O)CC5=CN=CC=C5,False
Nisoldipine,CC1=C(C(C(=C(N1)C)C(=O)OCC(C)C)C2=CC=CC=C2[N+](=O)[O-])C(=O)OC,False
Azinphos-ethyl,CCOP(=S)(OCC)SCN1C(=O)C2=CC=CC=C2N=N1,False
Chlorpyrifos,CCOP(=S)(OCC)OC1=NC(=C(C=C1Cl)Cl)Cl,False
(+)-citronellal,C[C@H](CCC=C(C)C)CC=O,False
Quinine,COC1=CC2=C(C=CN=C2C=C1)[C@H]([C@@H]3C[C@@H]4CCN3C[C@@H]4C=C)O,False
Abietic acid,CC(C)C1=CC2=CC[C@@H]3[C@@]([C@H]2CC1)(CCC[C@@]3(C)C(=O)O)C,False
Cucurbitacin I,C[C@@]12C[C@H]([C@@H]([C@]1(CC(=O)[C@@]3([C@H]2CC=C4[C@H]3C=C(C(=O)C4(C)C)O)C)C)[C@](C)(C(=O)/C=C/C(C)(C)O)O)O,False
Dicapthon,COP(=S)(OC)OC1=C(C=C(C=C1)[N+](=O)[O-])Cl,False
Chloropromazine,CN(C)CCCN1C2=CC=CC=C2SC3=C1C=C(C=C3)Cl,False
Parathion,CCOP(=S)(OCC)OC1=CC=C(C=C1)[N+](=O)[O-],False
Atorvastatin,CC(C)C1=C(C(=C(N1CC[C@H](C[C@H](CC(=O)O)O)O)C2=CC=C(C=C2)F)C3=CC=CC=C3)C(=O)NC4=CC=CC=C4,False
Vincristine,CC[C@@]1(C[C@@H]2C[C@@](C3=C(CCN(C2)C1)C4=CC=CC=C4N3)(C5=C(C=C6C(=C5)[C@]78CCN9[C@H]7[C@@](C=CC9)([C@H]([C@@]([C@@H]8N6C=O)(C(=O)OC)O)OC(=O)C)CC)OC)C(=O)OC)O,False
Alpha-terpinene,CC1=CC=C(CC1)C(C)C,False
Propranolol,CC(C)NCC(COC1=CC=CC2=CC=CC=C21)O,False
Terpinolene,CC1=CCC(=C(C)C)CC1,False
Tetraphenylphosphonium,C1=CC=C(C=C1)[P+](C2=CC=CC=C2)(C3=CC=CC=C3)C4=CC=CC=C4,False
(-)-citronellol,C[C@@H](CCC=C(C)C)CCO,False
(-)-beta-pinene,CC1([C@H]2CCC(=C)[C@@H]1C2)C,False
Dronedarone Hydrochloride,Cl.CCCCN(CCCC)CCCOC1=CC=C(C=C1)C(=O)C1=C(CCCC)OC2=CC=C(NS(C)(=O)=O)C=C12,True
Diltiazem,CC(=O)O[C@@H]1[C@@H](SC2=CC=CC=C2N(C1=O)CCN(C)C)C3=CC=C(C=C3)OC,False
B869-60,[B]B([B])B(B([B])[B])B(B(B([B])[B])B([B])[B])B(B(B(B([B])[B])B([B])[B])B(B([B])[B])B([B])[B])B(B(B(B(B([B])[B])B([B])[B])B(B([B])[B])B([B])[B])B(B(B([B])[B])B([B])[B])B(B([B])[B])B([B])[B])B(B(B(B(B(B([B])[B])B([B])[B])B(B([B])[B])B([B])[B])B(B(B([B])[B]),False
Diazinon,CCOP(=S)(OCC)OC1=NC(=NC(=C1)C)C(C)C,False
Troleandomycin,C[C@@H]1C[C@@H]([C@H]([C@@H](O1)O[C@H]2[C@H](C[C@@]3(CO3)C(=O)[C@@H]([C@H]([C@H]([C@H](OC(=O)[C@@H]([C@H]([C@@H]2C)O[C@H]4C[C@@H]([C@H]([C@@H](O4)C)OC(=O)C)OC)C)C)C)OC(=O)C)C)C)OC(=O)C)N(C)C,False
Bay K 8644,CC1=C(C(C(=C(N1)C)[N+](=O)[O-])C2=CC=CC=C2C(F)(F)F)C(=O)OC,False
Forskolin,CC(=O)O[C@H]1[C@H]([C@@H]2[C@]([C@H](CCC2(C)C)O)([C@@]3([C@@]1(O[C@@](CC3=O)(C)C=C)C)O)C)O,False
Glycyrrhetic acid,C[C@]12CC[C@](C[C@H]1C3=CC(=O)[C@@H]4[C@]5(CC[C@@H](C([C@@H]5CC[C@]4([C@@]3(CC2)C)C)(C)C)O)C)(C)C(=O)O,False
Domperidone,C1CN(CCC1N2C3=C(C=C(C=C3)Cl)NC2=O)CCCN4C5=CC=CC=C5NC4=O,False
Alfentanil,CCC(=O)N(C1=CC=CC=C1)C2(CCN(CC2)CCN3C(=O)N(N=N3)CC)COC,False
