drug,label,smiles,clean_smiles_pH
mbcd0001299,True,CC#C[C@]1(O)CC[C@H]2[C@@H]3CCC4=CC(=O)CCC4=C3[C@H](C[C@]12C)C1=CC=C(C=C1)N(C)C,CC#CC1(O)CCC2C3CCC4=CC(=O)CCC4=C3C(c3ccc(N(C)C)cc3)CC12C
mbcd0003915,True,CC(CN1C2=C(SC3=C1C=CC=C3)C=CC=C2)N(C)C,CC(CN1c2ccccc2Sc2ccccc12)[NH+](C)C
mbcd0022530,True,CNCCC(OC1=CC=C(C=C1)C(F)(F)F)C1=CC=CC=C1,C[NH2+]CCC(Oc1ccc(C(F)(F)F)cc1)c1ccccc1
mbcd0030524,True,COC1=C(O)C=C(C=C1)[C@H]1CC2=C(C(=O)O1)C(O)=CC=C2,COc1ccc(C2Cc3cccc(O)c3C(=O)O2)cc1O
mbcd0001539,True,CN(C)CCC=C1C2=CC=CC=C2SC2=C1C=C(Cl)C=C2,C[NH+](C)CCC=C1c2ccccc2Sc2ccc(Cl)cc12
mbcd0030237,True,CS(O)(=O)=O.CC1=CC=NC=C1NC1=NC=CC=C1C(=O)NC1=CC=C(C=C1)C1(CCCC1)C#N,Cc1ccncc1Nc1ncccc1C(=O)Nc1ccc(C2(C#N)CCCC2)cc1
mbcd0000594,True,OC(=O)C=CC(O)=O.OC(=O)C=CC(O)=O.OC(=O)C=CC(O)=O.OC(COC1=CC=CC2=NC=CC=C12)CN1CCN(CC1)C(=O)C(C1=CC=CC=C1)C1=CC=CC=C1.OC(COC1=CC=CC2=NC=CC=C12)CN1CCN(CC1)C(=O)C(C1=CC=CC=C1)C1=CC=CC=C1,O=C(C(c1ccccc1)c1ccccc1)N1CC[NH+](CC(O)COc2cccc3ncccc23)CC1
mbcd0009421,True,CCOC1=C(O[C@@H]([C@H]2CNCCO2)C2=CC=CC=C2)C=CC=C1,CCOc1ccccc1OC(c1ccccc1)C1C[NH2+]CCO1
mbcd0009851,True,CN(C)CCC=C1/C2=C(COC3=C1C=CC=C3)C=CC=C2,C[NH+](C)CCC=C1c2ccccc2COc2ccccc12
mbcd0028592,True,OC1=C2C=COC2=CC2=C1C=CC(=O)O2,O=c1ccc2c(O)c3ccoc3cc2o1
mbcd0000659,True,Cl.Cl.Cl.CC1CC(C)OP(=O)(O1)C1=C(C)N=C(C)C(C(=O)OCCN2CCN(CC2)C(C2=CC=CC=C2)C2=CC=CC=C2)=C1C1=CC=CC(=C1)[N+]([O-])=O,Cc1nc(C)c(P2(=O)OC(C)CC(C)O2)c(c2cccc([N+](=O)[O-])c2)c1C(=O)OCC[NH+]1CC[NH+](C(c2ccccc2)c2ccccc2)CC1
mbcd0000332,True,ClC1=CC=C(CC2=NN(C3CCCNCC3)C(=O)C3=CC=CC=C23)C=C1,O=c1c2ccccc2c(Cc2ccc(Cl)cc2)nn1C1CCC[NH2+]CC1
mbcd0000475,True,CC1(C)CNC(NN=C(C=CC2=CC=C(C=C2)C(F)(F)F)C=CC2=CC=C(C=C2)C(F)(F)F)=NC1,CC1(C)C[NH+]=C(NN=C(C=Cc2ccc(C(F)(F)F)cc2)C=Cc2ccc(C(F)(F)F)cc2)NC1
mbcd0000499,True,O=C(N[C@@H](CCC1=CC=CC=C1)C=CS(=O)(=O)C1=CC=CC=C1)[C@@H](NC(=O)N1CCOCC1)CC1=CC=CC=C1,O=C(NC(C=CS(=O)(=O)c1ccccc1)CCc1ccccc1)C(Cc1ccccc1)NC(=O)N1CCOCC1
mbcd0016232,True,ClC1=CC2=C(NC3=C(C=CC=C3)C(=N2)N2CCNCC2)C=C1,Clc1ccc2c(c1)[NH+]=C(N1CC[NH2+]CC1)c1ccccc1N2
mbcd0002995,True,CNCCCN1C2=CC=CC=C2CCC2=C1C=CC=C2,C[NH2+]CCCN1c2ccccc2CCc2ccccc12
mbcd0002576,True,COC(=O)C1=C(C)NC(C)=C(C1C1=CC(=CC=C1)[N+]([O-])=O)C(=O)OCCN(C)CC1=CC=CC=C1,COC(=O)C1=C(C)NC(=C(C(=O)OCC[NH+](C)Cc2ccccc2)C1c1cccc([N+](=O)[O-])c1)C
mbcd0003142,True,C[C@H](CS)C(=O)N1CCC[C@H]1C(O)=O,CC(CS)C(=O)N1CCCC1C(=O)[O-]
mbcd0002337,False,CC(C)(C)C1=CC=C(C=C1)C(O)CCCN1CCC(CC1)C(O)(C1=CC=CC=C1)C1=CC=CC=C1,CC(C)(C)c1ccc(C(O)CCC[NH+]2CCC(C(O)(c3ccccc3)c3ccccc3)CC2)cc1
mbcd0003000,True,ClC1=CC=C2OC(=O)NC2=C1,O=c1[nH]c2cc(Cl)ccc2o1
mbcd0000099,True,COC1=CC=C2C(=O)C=C(OC2=C1)C1=CC(OC)=C(OC)C=C1,COc1ccc2c(=O)cc(c3ccc(OC)c(OC)c3)oc2c1
mbcd0000293,True,O[C@H](COC1=C2C=CC=NC2=CC=C1)CN1CCN(CC1)C1C2=C(CCC3=C1C=CC=C3)C=CC=C2,OC(COc1cccc2ncccc12)C[NH+]1CC[NH+](C2c3ccccc3CCc3ccccc23)CC1
mbcd0029344,True,COC1=CC=CC(=C1OC)C1=C(OC)C(=O)C2=C(OC)C(OC)=C(OC)C(OC)=C2O1,COc1cccc(c2oc3c(OC)c(OC)c(OC)c(OC)c3c(=O)c2OC)c1OC
mbcd0022796,True,COC1=C2C=CC(=O)OC2=CC2=C1C=CO2,COc1c2ccoc2cc2oc(=O)ccc12
mbcd0003154,False,CCCN(CCC)S(=O)(=O)C1=CC=C(C=C1)C(O)=O,CCCN(CCC)S(=O)(=O)c1ccc(C(=O)[O-])cc1
mbcd0000046,False,CCCCCCCCCCCCCCCC(=O)OC(CO)CO,CCCCCCCCCCCCCCCC(=O)OC(CO)CO
mbcd0024448,True,CCC(=O)C(CC(C)N(C)C)(C1=CC=CC=C1)C1=CC=CC=C1,CCC(=O)C(CC(C)[NH+](C)C)(c1ccccc1)c1ccccc1
mbcd0003975,False,CC(=O)O[C@H]1[C@@H](O)[C@H]2C(C)(C)CC[C@H](O)[C@]2(C)[C@@]2(O)C(=O)C[C@@](C)(O[C@]12C)C=C,C=CC1(C)CC(=O)C2(O)C(C)(O1)C(OC(=O)C)C(O)C1C(C)(C)CCC(O)C21C
mbcd0000680,False,O=C=NCCC1=CC=CC=C1,O=C=NCCc1ccccc1
mbcd0012513,True,COC(=O)NC1=NC2=CC=C(C=C2N1)C(=O)C1=CC=CC=C1,COC(=O)Nc1nc2ccc(C(=O)c3ccccc3)cc2[nH]1
mbcd0025844,True,COC1=CC=CC2=C1C(=O)C1=C(C(O)=C3C[C@](O)(C[C@H](O[C@H]4C[C@H](N)[C@H](O)[C@H](C)O4)C3=C1O)C(=O)CO)C2=O,COc1cccc2c1C(=O)c1c(O)c3c(c(O)c1C2=O)CC(O)(C(=O)CO)CC3OC1CC([NH3+])C(O)C(C)O1
mbcd0003058,True,C[C@]12CC(=O)[C@H]3[C@@H](CCC4=CC(=O)C=C[C@]34C)[C@@H]1CC[C@]2(O)C(=O)CO,CC12C=CC(=O)C=C1CCC1C2C(=O)CC2(C)C1CCC2(O)C(=O)CO
mbcd0000063,True,COC1=C(OC)C=C(C=C1)C1=C(O)C(=O)C2=CC=C(O)C=C2O1,COc1ccc(c2oc3cc(O)ccc3c(=O)c2O)cc1OC
mbcd0000082,True,CCCOC1=C(OCCC)C(OC)=C2C(=O)C=C(OC2=C1)C1=CC=CC=C1,CCCOc1cc2oc(c3ccccc3)cc(=O)c2c(OC)c1OCCC
mbcd0001058,True,COC(=O)C1=C(C)NC(C)=C(C1C1=C(C=CC=C1)[N+]([O-])=O)C(=O)OCC(C)C,COC(=O)C1=C(C)NC(=C(C(=O)OCC(C)C)C1c1ccccc1[N+](=O)[O-])C
mbcd0024931,True,FC1=CC=C(C=C1)[C@@H]1CCNC[C@H]1COC1=CC=C2OCOC2=C1,Fc1ccc(C2CC[NH2+]CC2COc2ccc3c(c2)OCO3)cc1
mbcd0003948,True,CCC(=O)N(C1CCN(CCC2=CC=CC=C2)CC1)C1=CC=CC=C1,CCC(=O)N(c1ccccc1)C1CC[NH+](CCc2ccccc2)CC1
mbcd0028099,True,OCC1=NC=C2CN=C(C3=C(F)C=CC=C3)C3=C(C=CC(Cl)=C3)N12,OCc1ncc2n1-c1ccc(Cl)cc1C(=NC2)c1ccccc1F
mbcd0003932,True,O=C1CC2(CCCC2)CC(=O)N1CCCCN1CCN(CC1)C1=NC=CC=N1,O=C1CC2(CCCC2)CC(=O)N1CCCC[NH+]1CCN(c2ncccn2)CC1
mbcd0005776,True,CC(C)N=C1C=C2N(C3=CC=C(Cl)C=C3)C3=CC=CC=C3N=C2C=C1NC1=CC=C(Cl)C=C1,CC(C)N=c1cc2-c(nc3c(n2c2ccc(Cl)cc2)cccc3)cc1Nc1ccc(Cl)cc1
mbcd0000048,True,COC[C@H]1O[C@@H]2O[C@@H]3[C@@H](COC)O[C@H](O[C@@H]4[C@@H](COC)O[C@H](O[C@@H]5[C@@H](COC)O[C@H](O[C@@H]6[C@@H](COC)O[C@H](O[C@@H]7[C@@H](COC)O[C@H](O[C@@H]8[C@@H](COC)O[C@H](O[C@H]1[C@H](O)[C@H]2OC)[C@H](OC)[C@H]8O)[C@H](OC)[C@H]7O)[C@H](OC)[C@H]6O)[C@H](OC)[C@H]5O)[C@H](OC)[C@H]4O)[C@H](OC)[C@H]3O,COCC1OC2OC3C(COC)OC(OC4C(COC)OC(OC5C(COC)OC(OC6C(COC)OC(OC7C(COC)OC(OC8C(COC)OC(OC1C(O)C2OC)C(OC)C8O)C(OC)C7O)C(OC)C6O)C(OC)C5O)C(OC)C4O)C(OC)C3O
mbcd0000823,True,CCOC(=O)[C@H](CCC1=CC=CC=C1)N[C@H]1CS[C@@H](CN(CC(O)=O)C1=O)C1=CC=CS1,CCOC(=O)C(CCc1ccccc1)[NH2+]C1CSC(c2cccs2)CN(CC(=O)[O-])C1=O
mbcd0000851,True,CCN(CC)CCSCC(=O)O[C@@H]1C[C@@](C)(C=C)[C@@H](O)[C@H](C)[C@]23CCC(=O)[C@H]2[C@]1(C)[C@H](C)CC3,C=CC1(C)CC(OC(=O)CSCC[NH+](CC)CC)C2(C)C(C)CCC3(CCC(=O)C23)C(C)C1O
mbcd0027925,True,CC(C)COCC(CN(CC1=CC=CC=C1)C1=CC=CC=C1)N1CCCC1,CC(C)COCC(CN(Cc1ccccc1)c1ccccc1)[NH+]1CCCC1
mbcd0001795,False,CC1=CC(=CC(C)=C1OC1=NC(NC2=CC=C(C=C2)C#N)=NC(N)=C1Br)C#N,Cc1cc(C#N)cc(C)c1Oc1nc(Nc2ccc(C#N)cc2)nc(N)c1Br
mbcd0002539,True,CN(C)C(=O)C(CCN1CCC(O)(CC1)C1=CC=C(Cl)C=C1)(C1=CC=CC=C1)C1=CC=CC=C1,CN(C)C(=O)C(CC[NH+]1CCC(O)(c2ccc(Cl)cc2)CC1)(c1ccccc1)c1ccccc1
mbcd0000558,True,CC(=O)O[C@@]1(CC[C@H]2[C@@H]3C=C(C)C4=CC(=O)CC[C@]4(C)[C@H]3CC[C@]12C)C(C)=O,CC(=O)OC1(C(=O)C)CCC2C3C=C(C)C4=CC(=O)CCC4(C)C3CCC12C
mbcd0001322,True,OCCN1CCN(CCC=C2C3=C(SC4=C2C=C(C=C4)C(F)(F)F)C=CC=C3)CC1,OCC[NH+]1CC[NH+](CCC=C2c3ccccc3Sc3ccc(C(F)(F)F)cc23)CC1
mbcd0003884,False,CCN(CC)CC(=O)NC1=C(C)C=CC=C1C,CC[NH+](CC)CC(=O)Nc1c(C)cccc1C
mbcd0003906,False,ClCCN(CCCl)P1(=O)NCCCO1,O=P1(N(CCCl)CCCl)NCCCO1
mbcd0002109,True,COC1=CC=C(CCN2CCC(CC2)NC2=NC3=CC=CC=C3N2CC2=CC=C(F)C=C2)C=C1,COc1ccc(CC[NH+]2CCC(Nc3nc4ccccc4n3Cc3ccc(F)cc3)CC2)cc1
mbcd0026438,True,CN1C=C2C[C@@H]3[C@H](C[C@@H](CNC(=O)OCC4=CC=CC=C4)CN3C)C3=C2C1=CC=C3,C[NH+]1CC(CNC(=O)OCc2ccccc2)CC2c3cccc4c3c(cn4C)CC12
mbcd0000323,False,CCOC(=O)[C@H](CCC1=CC=CC=C1)N[C@@H](C)C(=O)N(CC(O)=O)C1CC2=CC=CC=C2C1,CCOC(=O)C(CCc1ccccc1)[NH2+]C(C)C(=O)N(CC(=O)[O-])C1Cc2ccccc2C1
mbcd0000508,True,CCCCCCCCCC=CC=CC(=O)NCC(=O)N[C@@H]1[C@@H](O)[C@@H](O)[C@@H](NC2=C3NC=NC3=NC=N2)O[C@H]1[C@@H](O)CO,CCCCCCCCCC=CC=CC(=O)NCC(=O)NC1C(O)C(O)C(Nc2ncnc3nc[nH]c23)OC1C(O)CO
mbcd0026641,True,CCOP(=O)(NC(C)C)OC1=CC(C)=C(SC)C=C1,CCOP(=O)(NC(C)C)Oc1ccc(SC)c(C)c1
mbcd0000824,True,OC(=O)CN1C[C@H](SC[C@H](N[C@@H](CCC2=CC=CC=C2)C(O)=O)C1=O)C1=CC=CS1,O=C([O-])CN1CC(c2cccs2)SCC([NH2+]C(CCc2ccccc2)C(=O)[O-])C1=O
mbcd0028378,True,S=C=NC1=C2C=CC=CC2=CC=C1,S=C=Nc1cccc2ccccc12
mbcd0002488,True,CC(C)NCC(O)COC1=C2C=CC=CC2=CC=C1,CC(C)[NH2+]CC(O)COc1cccc2ccccc12
mbcd0026044,True,COC1=CC=C(CCN(C)CCCC(C#N)(C(C)C)C2=CC(OC)=C(OC)C(OC)=C2)C=C1OC,COc1ccc(CC[NH+](C)CCCC(C#N)(c2cc(OC)c(OC)c(OC)c2)C(C)C)cc1OC
mbcd0000062,True,COC1=CC=C2OC(=C(OC)C(=O)C2=C1)C1=CC(OC)=C(OC)C=C1,COc1ccc2oc(c3ccc(OC)c(OC)c3)c(OC)c(=O)c2c1
mbcd0003146,False,NC1=CC=C(C=C1)C(=O)NCC(O)=O,Nc1ccc(C(=O)NCC(=O)[O-])cc1
mbcd0001618,False,[O-][N+](=O)C1=CC2=C(NC(=O)CN=C2C2=CC=CC=C2)C=C1,O=C1CN=C(c2ccccc2)c2cc([N+](=O)[O-])ccc2N1
mbcd0022900,True,COC1=CC=NC(CS(=O)C2=NC3=CC(OC(F)F)=CC=C3N2)=C1OC,COc1ccnc(CS(=O)c2nc3cc(OC(F)F)ccc3[nH]2)c1OC
mbcd0001128,True,CCC1(NC(=O)N(C)C1=O)C1=CC=CC=C1,CCC1(c2ccccc2)NC(=O)N(C)C1=O
mbcd0003089,False,COC1=CC2=C(C[C@H]3[C@H]4CCCC[C@@]24CCN3C)C=C1,COc1ccc2c(c1)C13CCCCC1C(C2)[NH+](C)CC3
mbcd0001374,True,O[C@@H](CC[C@@H]1[C@H](N(C1=O)C1=CC=C(F)C=C1)C1=CC=C(O)C=C1)C1=CC=C(F)C=C1,O=C1C(CCC(O)c2ccc(F)cc2)C(c2ccc(O)cc2)N1c1ccc(F)cc1
mbcd0001893,True,COC1=CC=C(C=C1)C1=CC(=O)C2=C(OC)C(OC)=C(OC)C(OC)=C2O1,COc1ccc(c2cc(=O)c3c(OC)c(OC)c(OC)c(OC)c3o2)cc1
mbcd0017921,False,CCOC(=O)C1=C2CN(C)C(=O)C3=C(C=CC(F)=C3)N2C=N1,CCOC(=O)c1ncn2-c3c(C(=O)N(Cc12)C)cc(F)cc3
mbcd0002666,False,CNC(NCCSCC1=CC=C(CN(C)C)O1)=C[N+]([O-])=O,CNC(=C[N+](=O)[O-])NCCSCc1ccc(C[NH+](C)C)o1
mbcd0000673,True,CCC[C@H](N[C@@H](C)C(=O)N1[C@H]2CCCC[C@H]2C[C@H]1C(O)=O)C(O)=O,CCCC([NH2+]C(C)C(=O)N1C(C(=O)[O-])CC2CCCCC12)C(=O)[O-]
mbcd0026046,True,CC(C)C[C@@H]1N2C(=O)[C@](NC(=O)[C@H]3CN(C)[C@@H]4CC5=C(Br)NC6=CC=CC(=C56)C4=C3)(O[C@@]2(O)[C@@H]2CCCN2C1=O)C(C)C,CC(C)CC1C(=O)N2CCCC2C2(O)OC(NC(=O)C3C=C4c5cccc6[nH]c(Br)c(c56)CC4[NH+](C)C3)(C(C)C)C(=O)N12
mbcd0000348,True,C[C@H]1[C@H]2[C@H](CC3=CC=CC=C3)NC(=O)[C@]22OC(=O)CC[C@H](O)CCC[C@@H](C)CC=C[C@H]2[C@H](O)C1=C,C=C1C(C)C2C(Cc3ccccc3)NC(=O)C32OC(=O)CCC(O)CCCC(C)CC=CC3C1O
mbcd0002192,True,CCCCC1=C(C(=O)C2=CC(I)=C(OCCN(CC)CC)C(I)=C2)C2=CC=CC=C2O1,CCCCc1oc2ccccc2c1C(=O)c1cc(I)c(OCC[NH+](CC)CC)c(I)c1
mbcd0003024,False,COC1=CC2=NC(=NC(N)=C2C=C1OC)N1CCN(CC1)C(=O)C1=CC=CO1,COc1cc2nc(N3CCN(C(=O)c4ccco4)CC3)nc(N)c2cc1OC
mbcd0003888,True,CN1CCN(CC1)C1=NC2=C(NC3=C1C=CC=C3)C=CC(Cl)=C2,C[NH+]1CCN(C2=[NH+]c3cc(Cl)ccc3Nc3ccccc23)CC1
mbcd0002825,True,ClC1=CC(Cl)=C(COC(CN2C=CN=C2)C2=C(Cl)C=C(Cl)C=C2)C=C1,Clc1ccc(COC(Cn2ccnc2)c2ccc(Cl)cc2Cl)c(Cl)c1
mbcd0000171,True,CCOC(=O)CN(CCNC1=C2C(=O)C3=C(C=CC=C3)C3=C2C(C=C1)=NC=N3)CC(=O)OCC,CCOC(=O)C[NH+](CCNc1ccc2ncnc3-c4c(C(=O)c1c23)cccc4)CC(=O)OCC
mbcd0000025,True,CCCCCC=C/CC=C/CCCCCCCC(=O)OCC(O)CO,CCCCCC=CCC=CCCCCCCCC(=O)OCC(O)CO
mbcd0000552,True,COC1=CC(NS(C)(=O)=O)=CC=C1NC1=C2C=CC=CC2=NC2=CC=CC=C12,COc1cc(NS(=O)(=O)C)ccc1Nc1c2ccccc2nc2ccccc12
mbcd0003129,True,S=C=NCCC1=CC=CC=C1,S=C=NCCc1ccccc1
mbcd0026080,True,ClC1C=CC2C1C1(Cl)C(Cl)=C(Cl)C2(Cl)C1(Cl)Cl,ClC1=C(Cl)C2(Cl)C3C(Cl)C=CC3C1(Cl)C2(Cl)Cl
mbcd0000648,True,CC(C)C[C@H](NC(=O)OC(C)(C)C)[C@@H](O)C(=O)O[C@H]1[C@@H]2OC(=O)O[C@@]22[C@@H](OC(=O)C3=CC=CC=C3)[C@@H]3[C@@]4(CO[C@@H]4C[C@H](O)[C@@]3(C)C(=O)[C@H](OC(C)=O)C(=C1C)C2(C)C)OC(C)=O,CC(=O)OC1C(=O)C2(C)C(O)CC3OCC3(OC(=O)C)C2C(OC(=O)c2ccccc2)C23OC(=O)OC2C(OC(=O)C(O)C(CC(C)C)NC(=O)OC(C)(C)C)C(=C1C3(C)C)C
mbcd0002323,False,CC(C)(C)NC(=O)[C@@H]1CN(CC2=CN=CC=C2)CCN1C[C@@H](O)C[C@@H](CC1=CC=CC=C1)C(=O)N[C@@H]1[C@H](O)CC2=CC=CC=C12,CC(C)(C)NC(=O)C1C[NH+](Cc2cccnc2)CC[NH+]1CC(O)CC(Cc1ccccc1)C(=O)NC1c2ccccc2CC1O
mbcd0000695,True,C1CO1.CC1CO1,CC1CO1
mbcd0027835,True,O[C@H]([C@H]1CCCCN1)C1=C2C=CC=C(C2=NC(=C1)C(F)(F)F)C(F)(F)F,OC(c1cc(C(F)(F)F)nc2c(C(F)(F)F)cccc12)C1CCCC[NH2+]1
mbcd0000685,True,S=C=NCCCCCCC1=CC=CC=C1,S=C=NCCCCCCc1ccccc1
mbcd0000068,False,CC1=NC=C2C(O)N=C(C3=CC=CC=C3F)C3=C(C=CC(Cl)=C3)N12,Cc1ncc2n1-c1ccc(Cl)cc1C(=NC2O)c1ccccc1F
mbcd0026257,True,CCN(CC)CCCC(C)NC1=C2C=C(OC)C=CC2=NC2=CC(Cl)=CC=C12,CC[NH+](CC)CCCC(C)Nc1c2ccc(Cl)cc2nc2ccc(OC)cc12
mbcd0001416,True,CO[C@H]1C=CO[C@@]2(C)OC3=C(C2=O)C2=C(O)C(C=NN4CCN(C)CC4)=C(NC(=O)C(C)=C/C=C/[C@H](C)[C@H](O)[C@@H](C)[C@@H](O)[C@@H](C)[C@H](OC(C)=O)[C@@H]1C)C(O)=C2C(O)=C3C,COC1C=COC2(C)Oc3c(C)c(O)c4c(O)c(c(C=NN5CC[NH+](C)CC5)c(O)c4c3C2=O)NC(=O)C(=CC=CC(C)C(O)C(C)C(O)C(C)C(OC(=O)C)C1C)C
mbcd0002084,True,COC1=CC=C(C=C1OC)C1=CC(=O)C2=C(OC)C(OC)=C(OC)C=C2O1,COc1ccc(c2cc(=O)c3c(OC)c(OC)c(OC)cc3o2)cc1OC
mbcd0000772,False,CCC(C)(C)C(=O)O[C@H]1C[C@@H](C)C=C2C=C[C@H](C)[C@H](CC[C@@H](O)C[C@@H](O)CC(O)=O)[C@@H]12,CCC(C)(C)C(=O)OC1CC(C)C=C2C=CC(C)C(CCC(O)CC(O)CC(=O)[O-])C12
mbcd0027314,False,CNC1(CCCCC1=O)C1=C(Cl)C=CC=C1,C[NH2+]C1(c2ccccc2Cl)CCCCC1=O
mbcd0002493,True,ClC1=CC=CC=C1C(N1C=CN=C1)(C1=CC=CC=C1)C1=CC=CC=C1,Clc1ccccc1C(c1ccccc1)(c1ccccc1)n1ccnc1
mbcd0017104,True,CC(=O)N1CCN(CC1)C1=CC=C(OC[C@H]2CO[C@@](CN3C=CN=C3)(O2)C2=C(Cl)C=C(Cl)C=C2)C=C1,CC(=O)N1CCN(c2ccc(OCC3COC(Cn4ccnc4)(c4ccc(Cl)cc4Cl)O3)cc2)CC1
mbcd0000373,False,CC[C@H]1CN2CCC3=CC(OC)=C(OC)C=C3[C@@H]2C[C@@H]1C[C@H]1NCCC2=CC(OC)=C(OC)C=C12,CCC1C[NH+]2CCc3cc(OC)c(OC)cc3C2CC1CC1[NH2+]CCc2cc(OC)c(OC)cc12
mbcd0000166,True,COC(=O)C1C(C2=CC(=CC=C2)[N+]([O-])=O)C(C(=O)O[C@H]2CCN(CC3=CC=CC=C3)C2)=C(C)N=C1C,COC(=O)C1C(=NC(=C(C(=O)OC2CC[NH+](Cc3ccccc3)C2)C1c1cccc([N+](=O)[O-])c1)C)C
mbcd0030520,True,CCCCCCC=C/CCCCCCCC1=CC=CC(O)=C1C(O)=O,CCCCCCC=CCCCCCCCc1cccc(O)c1C(=O)[O-]
mbcd0000027,True,CCCCCCCCCCCCCC(=O)OCC(O)CO,CCCCCCCCCCCCCC(=O)OCC(O)CO
mbcd0000606,True,COC1=CC(=CC(OC)=C1OC)C(CCCNCCC1=CC(OC)=C(OC)C=C1)(C#N)C(C)C,COc1ccc(CC[NH2+]CCCC(C#N)(c2cc(OC)c(OC)c(OC)c2)C(C)C)cc1OC
mbcd0026145,True,ClC12C(=O)C3(Cl)C4(Cl)C1(Cl)C1(Cl)C2(Cl)C3(Cl)C4(Cl)C1(Cl)Cl,O=C1C2(Cl)C3(Cl)C4(Cl)C(Cl)(Cl)C5(Cl)C3(Cl)C1(Cl)C5(Cl)C24Cl
mbcd0000522,True,COP(=S)(OC1=CC(Cl)=C(Br)C=C1Cl)C1=CC=CC=C1,COP(=S)(Oc1cc(Cl)c(Br)cc1Cl)c1ccccc1
mbcd0001547,True,CC1=NC(NC2=NC=C(S2)C(=O)NC2=C(C)C=CC=C2Cl)=CC(=N1)N1CCN(CCO)CC1,Cc1nc(Nc2ncc(C(=O)Nc3c(C)cccc3Cl)s2)cc(N2CC[NH+](CCO)CC2)n1
mbcd0001018,True,CN1CCN(CC1)C1=NC2=C(NC3=C1C=C(C)S3)C=CC=C2,Cc1cc2c(s1)Nc1ccccc1[NH+]=C2N1CC[NH+](C)CC1
mbcd0030476,True,CN1CCN(CCCN2C3=C(SC4=C2C=CC=C4)C=CC=C3)CC1,C[NH+]1CC[NH+](CCCN2c3ccccc3Sc3ccccc23)CC1
mbcd0001229,True,CCC(=O)N(C1=CC=CC=C1)C1(COC)CCN(CCC2=CC=CS2)CC1,CCC(=O)N(c1ccccc1)C1(COC)CC[NH+](CCc2cccs2)CC1
mbcd0001226,False,OC1=C2O[C@H]3C(=O)CC[C@@]4(O)[C@H]5CC(C=C1)=C2[C@@]34CCN5CC1CC1,O=C1CCC2(O)C3Cc4ccc(O)c5c4C2(CC[NH+]3CC2CC2)C1O5
mbcd0000370,True,CC1=C(C(C2=CC(=CC=C2)[N+]([O-])=O)C(=C(C)N1)P1(=O)OCC(C)(C)CO1)C(=O)OCCN(CC1=CC=CC=C1)C1=CC=CC=C1,CC1=C(C(=O)OCCN(Cc2ccccc2)c2ccccc2)C(c2cccc([N+](=O)[O-])c2)C(=C(C)N1)P1(=O)OCC(C)(C)CO1
mbcd0000472,False,OC(=O)CNC(=O)C1=CC=CC=C1,O=C([O-])CNC(=O)c1ccccc1
mbcd0000889,True,CNC(C)CC1=C(Br)C=CC=C1,C[NH2+]C(C)Cc1ccccc1Br
mbcd0009152,True,OCCN1CCN(CCCN2C3=CC=CC=C3SC3=C2C=C(Cl)C=C3)CC1,OCC[NH+]1CC[NH+](CCCN2c3ccccc3Sc3ccc(Cl)cc23)CC1
mbcd0001324,True,CO[C@@H]1C[C@H](C[C@@H](C)[C@@H]2CC(=O)[C@H](C)C=C(C)[C@@H](O)[C@@H](OC)C(=O)[C@H](C)C[C@H](C)C=CC=CC=C(C)[C@H](C[C@@H]3CC[C@@H](C)[C@@](O)(O3)C(=O)C(=O)N3CCCC[C@H]3C(=O)O2)OC)CC[C@H]1O,COC1CC2CCC(C)C(O)(O2)C(=O)C(=O)N2CCCCC2C(=O)OC(C(C)CC2CCC(O)C(OC)C2)CC(=O)C(C)C=C(C)C(O)C(OC)C(=O)C(C)CC(C)C=CC=CC=C1C
mbcd0023577,False,OC(CN1C=NC=N1)(CN1C=NC=N1)C1=CC=C(F)C=C1F,OC(Cn1cncn1)(Cn1cncn1)c1ccc(F)cc1F
mbcd0000339,True,C=CCSCC=C,C=CCSCC=C
mbcd0030532,True,COC1=CC2=C(NC3=CC(OC)=C(Cl)C=C3Cl)C(=CN=C2C=C1OCCCN1CCN(C)CC1)C#N,COc1cc(Nc2c(C#N)cnc3cc(OCCC[NH+]4CC[NH+](C)CC4)c(OC)cc23)c(Cl)cc1Cl
mbcd0003925,True,CN(C)CCCN1C2=CC=CC=C2CCC2=CC=C(Cl)C=C12,C[NH+](C)CCCN1c2ccccc2CCc2ccc(Cl)cc12
mbcd0001725,True,NCC[C@H](OC1=CC=C(C=C1)C(F)(F)F)C1=CC=CC=C1,[NH3+]CCC(Oc1ccc(C(F)(F)F)cc1)c1ccccc1
mbcd0014705,True,CNCCCC1C2=CC=CC=C2C=CC2=CC=CC=C12,C[NH2+]CCCC1c2ccccc2C=Cc2ccccc12
mbcd0000703,True,CCC1NC(=O)C(NC(=O)C2=C(O)C=CC=N2)C(C)OC(=O)C(NC(=O)C2CC(=O)CCN2C(=O)C(CC2=CC=C(C=C2)N(C)C)N(C)C(=O)C2CCCN2C1=O)C1=CC=CC=C1,CCC1NC(=O)C(NC(=O)c2ncccc2O)C(C)OC(=O)C(c2ccccc2)NC(=O)C2CC(=O)CCN2C(=O)C(Cc2ccc(N(C)C)cc2)N(C)C(=O)C2CCCN2C1=O
mbcd0030478,True,CC1=C(CCN2CCC(CC2)C2=NOC3=CC(F)=CC=C23)C(=O)N2CC(O)CCC2=N1,Cc1nc2n(c(=O)c1CC[NH+]1CCC(c3noc4cc(F)ccc34)CC1)CC(O)CC2
mbcd0005183,False,COC1=CC=CC2=C1C(=O)C1=C(O)C3=C(C[C@](O)(C[C@@H]3O[C@H]3C[C@H](N)[C@H](O)[C@H](C)O3)C(C)=O)C(O)=C1C2=O,COc1cccc2c1C(=O)c1c(O)c3c(c(O)c1C2=O)CC(O)(C(=O)C)CC3OC1CC([NH3+])C(O)C(C)O1
mbcd0027677,False,NC1=C2C=CC=CC2=CC=C1,Nc1cccc2ccccc12
mbcd0000167,True,COC(=O)C1=C(C)NC(C)=C([C@@H]1C1=CC(=CC=C1)[N+]([O-])=O)C(=O)O[C@@H]1CCCN(CC2=CC=CC=C2)C1,COC(=O)C1=C(C)NC(=C(C(=O)OC2CCC[NH+](Cc3ccccc3)C2)C1c1cccc([N+](=O)[O-])c1)C
mbcd0001660,False,OCC(O)CO,OCC(O)CO
mbcd0027733,True,NC(=O)N1CCC(CC(=O)N2CCC(CC2)[C@H]2C3=C(CCC4=C2C(Br)=CC(Cl)=C4)C=C(Br)C=N3)CC1,NC(=O)N1CCC(CC(=O)N2CCC(C3c4ncc(Br)cc4CCc4cc(Cl)cc(Br)c34)CC2)CC1
mbcd0001204,False,CNS(=O)(=O)CC1=CC=C2NC=C(CCN(C)C)C2=C1,CNS(=O)(=O)Cc1ccc2[nH]cc(CC[NH+](C)C)c2c1
mbcd0003025,False,COC1=CC=C2N(C(=O)C3=CC=C(Cl)C=C3)C(C)=C(CC(O)=O)C2=C1,COc1ccc2c(c1)c(CC(=O)[O-])c(C)n2C(=O)c1ccc(Cl)cc1
mbcd0000804,True,CC(C)(C)NCC(O)COC1=CC=C(NC(=O)NC2CCCCC2)C=C1,CC(C)(C)[NH2+]CC(O)COc1ccc(NC(=O)NC2CCCCC2)cc1
mbcd0026632,True,CC1=C(C=CC=C1O)C(=O)N[C@@H](CSC1=CC=CC=C1)[C@H](O)CN1C[C@H]2CCCC[C@H]2C[C@H]1C(=O)NC(C)(C)C,Cc1c(O)cccc1C(=O)NC(CSc1ccccc1)C(O)C[NH+]1CC2CCCCC2CC1C(=O)NC(C)(C)C
mbcd0001021,True,COC1=CC=C2N=C(NC2=C1)S(=O)CC1=NC=C(C)C(OC)=C1C,COc1ccc2nc(S(=O)Cc3ncc(C)c(OC)c3C)[nH]c2c1
mbcd0000329,True,CCCCC1=C(C(=O)C2=CC(I)=C(OCCNCC)C(I)=C2)C2=CC=CC=C2O1,CCCCc1oc2ccccc2c1C(=O)c1cc(I)c(OCC[NH2+]CC)c(I)c1
mbcd0027062,False,COC1=C(OC)C=C(CCN(C)CCCC(C#N)(C(C)C)C2=CC(OC)=C(OC)C=C2)C=C1,COc1ccc(CC[NH+](C)CCCC(C#N)(c2ccc(OC)c(OC)c2)C(C)C)cc1OC
mbcd0030497,False,CCCCC(NC(=O)C(NC(=O)C(CC1=CN(CC2=CC=CC=C2)C=N1)NC(=O)C(NC(C)=O)C(C)OC(C)(C)C)C(C)OCC1=CC=CC=C1)C(=O)NC(CC(=O)OC(C)(C)C)C(=O)NCC(=O)NCC1=CC=CC=C1,CCCCC(NC(=O)C(NC(=O)C(Cc1cn(Cc2ccccc2)cn1)NC(=O)C(NC(=O)C)C(C)OC(C)(C)C)C(C)OCc1ccccc1)C(=O)NC(CC(=O)OC(C)(C)C)C(=O)NCC(=O)NCc1ccccc1
mbcd0000380,True,CC(C)[C@@H]1N2C(=O)[C@](NC(=O)[C@H]3CN(C)[C@@H]4CC5=CNC6=CC=CC(=C56)C4=C3)(O[C@@]2(O)[C@@H]2CCCN2C1=O)C(C)C,CC(C)C1C(=O)N2CCCC2C2(O)OC(NC(=O)C3C=C4c5cccc6[nH]cc(c56)CC4[NH+](C)C3)(C(C)C)C(=O)N12
mbcd0002823,True,COC1=CC=C(C=C1OC)[C@@](CCCN(C)CCC1=CC(OC)=C(OC)C=C1)(C#N)C(C)C,COc1ccc(CC[NH+](C)CCCC(C#N)(c2ccc(OC)c(OC)c2)C(C)C)cc1OC
mbcd0003109,True,C[C@H](CCC(=O)NCCS(O)(=O)=O)[C@H]1CC[C@H]2[C@@H]3CC[C@@H]4C[C@H](O)CC[C@]4(C)[C@H]3CC[C@]12C,CC(CCC(=O)NCCS(=O)(=O)[O-])C1CCC2C3CCC4CC(O)CCC4(C)C3CCC12C
mbcd0000535,True,COC1=C(OC)C(OC)=C(CN2CCN(CC2)C(C2=CC=C(F)C=C2)C2=CC=C(F)C=C2)C=C1,COc1ccc(C[NH+]2CC[NH+](C(c3ccc(F)cc3)c3ccc(F)cc3)CC2)c(OC)c1OC
mbcd0022555,True,C1OC2=C(O1)C=C(C=C2)[C@H]1OC[C@H]2[C@@H]1CO[C@H]2C1=CC2=C(OCO2)C=C1,c1cc2c(cc1C1OCC3C(c4ccc5c(c4)OCO5)OCC13)OCO2
mbcd0000399,True,COC1=C2OC3=CC=C(C[C@@H]4N(C)CCC5=CC(OC)=C(OC6=C7[C@H](CC(C=C1)=C2)N(C)CCC7=CC(OC)=C6O)C=C45)C=C3,COc1ccc2cc1Oc1ccc(cc1)CC1c3cc(c(OC)cc3CC[NH+]1C)Oc1c(O)c(OC)cc3c1C(C2)[NH+](C)CC3
mbcd0000805,True,COC1=C(OC)C=C(C=C1)C(O)CN1CCN(CC1)C(C1=CC=CC=C1)C1=CC=CC=C1,COc1ccc(C(O)C[NH+]2CC[NH+](C(c3ccccc3)c3ccccc3)CC2)cc1OC
mbcd0002635,False,C[C@]12C[C@H](O)[C@H]3[C@@H](CCC4=CC(=O)CC[C@]34C)[C@@H]1CC[C@]2(O)C(=O)CO,CC12CCC(=O)C=C1CCC1C2C(O)CC2(C)C1CCC2(O)C(=O)CO
mbcd0027402,True,CC(CCC(O)C(C)(C)O)=C/COC1=C2C=COC2=CC2=C1C=CC(=O)O2,CC(=CCOc1c2ccoc2cc2oc(=O)ccc12)CCC(O)C(C)(C)O
mbcd0000172,False,NCC1=CC=CC=C1,[NH3+]Cc1ccccc1
mbcd0025582,True,CCC1=NN(CCCN2CCN(CC2)C2=CC(Cl)=CC=C2)C(=O)N1CCOC1=CC=CC=C1,CCc1nn(CCC[NH+]2CCN(c3cccc(Cl)c3)CC2)c(=O)n1CCOc1ccccc1
mbcd0001505,True,C[C@]12CC[C@H]3[C@@H](CCC4=C3C=CC(OC(=O)N(CCCl)CCCl)=C4)[C@@H]1CC[C@@H]2O,CC12CCC3c4ccc(OC(=O)N(CCCl)CCCl)cc4CCC3C1CCC2O
mbcd0000584,True,CC[C@]1(CC[C@@H](O1)[C@]1(C)CC[C@]2(C[C@H](O)[C@@H](C)[C@H](O2)[C@@H](C)[C@@H](OC)[C@H](C)C(O)=O)O1)[C@@H]1O[C@H](C[C@@H]1C)[C@H]1O[C@@](O)(CO)[C@H](C)C[C@@H]1C,CCC1(C2OC(C3OC(O)(CO)C(C)CC3C)CC2C)CCC(C2(C)CCC3(CC(O)C(C)C(C(C)C(OC)C(C)C(=O)[O-])O3)O2)O1
mbcd0028790,True,CC[C@H](C)[C@@H]1N2C(=O)[C@](NC(=O)[C@H]3CN(C)[C@@H]4CC5=CNC6=CC=CC(=C56)C4=C3)(O[C@@]2(O)[C@@H]2CCCN2C1=O)C(C)C.CC(C)C[C@@H]1N2C(=O)[C@](NC(=O)[C@H]3CN(C)[C@@H]4CC5=CNC6=CC=CC(=C56)C4=C3)(O[C@@]2(O)[C@@H]2CCCN2C1=O)C(C)C,CCC(C)C1C(=O)N2CCCC2C2(O)OC(NC(=O)C3C=C4c5cccc6[nH]cc(c56)CC4[NH+](C)C3)(C(C)C)C(=O)N12
mbcd0000024,True,CCCCCCCCCCCC(=O)OCC(O)CO,CCCCCCCCCCCC(=O)OCC(O)CO
mbcd0003061,False,NCCCC[C@H](N[C@@H](CCC1=CC=CC=C1)C(O)=O)C(=O)N1CCC[C@H]1C(O)=O,[NH3+]CCCCC([NH2+]C(CCc1ccccc1)C(=O)[O-])C(=O)N1CCCC1C(=O)[O-]
mbcd0000311,False,CC[C@@H]1NC(=O)[C@H]([C@H](O)[C@H](C)CC=CC)N(C)C(=O)[C@H](C(C)C)N(C)C(=O)[C@H](CC(C)C)N(C)C(=O)[C@H](CC(C)C)N(C)C(=O)[C@@H](C)NC(=O)[C@H](C)NC(=O)[C@H](CC(C)C)N(C)C(=O)[C@H](C(C)C)NC(=O)[C@H](CC(C)C)N(C)C(=O)CN(C)C1=O,CC=CCC(C)C(O)C1C(=O)NC(CC)C(=O)N(C)CC(=O)N(C)C(CC(C)C)C(=O)NC(C(C)C)C(=O)N(C)C(CC(C)C)C(=O)NC(C)C(=O)NC(C)C(=O)N(C)C(CC(C)C)C(=O)N(C)C(CC(C)C)C(=O)N(C)C(C(C)C)C(=O)N1C
mbcd0025580,True,COC1=CC(OC)=C2C(=O)C(OC)=C(OC2=C1)C1=CC=C(OC)C(OC)=C1,COc1cc(OC)c2c(=O)c(OC)c(c3ccc(OC)c(OC)c3)oc2c1
mbcd0030523,True,CC1(C)OC2=C(C=C1)C1=C(C[C@@H](CO1)C1=C(O)C=C(O)C=C1)C=C2,CC1(C)C=Cc2c(ccc3c2OCC(c2ccc(O)cc2O)C3)O1
mbcd0003074,True,COC1=C(C=C(Cl)C=C1)C(=O)NCCC1=CC=C(C=C1)S(=O)(=O)NC(=O)NC1CCCCC1,COc1ccc(Cl)cc1C(=O)NCCc1ccc(S(=O)(=O)NC(=O)NC2CCCCC2)cc1
mbcd0002207,True,COC1=CC=C(CCNCCCC(C#N)(C(C)C)C2=CC(OC)=C(OC)C=C2)C=C1OC,COc1ccc(CC[NH2+]CCCC(C#N)(c2ccc(OC)c(OC)c2)C(C)C)cc1OC
mbcd0002494,False,CN(C)C(=O)CCSC(SCCC(O)=O)C1=CC(C=CC2=CC=C3C=CC(Cl)=CC3=N2)=CC=C1,CN(C)C(=O)CCSC(SCCC(=O)[O-])c1cccc(C=Cc2ccc3ccc(Cl)cc3n2)c1
mbcd0000837,True,OC1=C(Cl)C(Cl)=C(O)C(Cl)=C1Cl,Oc1c(Cl)c(Cl)c(O)c(Cl)c1Cl
mbcd0002298,True,COC1=CC=C(C=C1OC)[C@](CCCN(C)CCC1=CC(OC)=C(OC)C=C1)(C#N)C(C)C,COc1ccc(CC[NH+](C)CCCC(C#N)(c2ccc(OC)c(OC)c2)C(C)C)cc1OC
mbcd0000498,True,Cl.COC1=CC2=C(SCCN(C2)C(=O)CCN2CCC(CC3=CC=CC=C3)CC2)C=C1,COc1ccc2c(c1)CN(C(=O)CC[NH+]1CCC(Cc3ccccc3)CC1)CCS2
mbcd0000033,False,CCCCCCCCCCCCCCCC(=O)OCC(CO)OC(=O)CCCCCCCCCCCCCCC,CCCCCCCCCCCCCCCC(=O)OCC(CO)OC(=O)CCCCCCCCCCCCCCC
mbcd0000679,False,NCCC1=CC=CC=C1,[NH3+]CCc1ccccc1
mbcd0001050,True,C[C@H]1O[C@H](C[C@H](O)[C@@H]1O)O[C@H]1[C@@H](O)C[C@H](O[C@H]2[C@@H](O)C[C@H](O[C@H]3CC[C@@]4(C)[C@H](CC[C@@H]5[C@@H]4C[C@@H](O)[C@]4(C)[C@H](CC[C@]54O)C4=CC(=O)OC4)C3)O[C@@H]2C)O[C@@H]1C,CC1OC(OC2C(O)CC(OC3C(O)CC(OC4CCC5(C)C(CCC6C5CC(O)C5(C)C(C7=CC(=O)OC7)CCC65O)C4)OC3C)OC2C)CC(O)C1O
mbcd0000871,False,CCCCCCCCCCCCCCCC(=O)OCC(COC(=O)CCCCCCCCCCCCCCC)OC(=O)CCCCCCCCCCCCCCC,CCCCCCCCCCCCCCCC(=O)OCC(COC(=O)CCCCCCCCCCCCCCC)OC(=O)CCCCCCCCCCCCCCC
mbcd0026585,True,CC(C)[C@@H]1NC(=O)[C@H](C)OC(=O)[C@H](NC(=O)[C@H](OC(=O)[C@@H](NC(=O)[C@H](C)OC(=O)[C@H](NC(=O)[C@H](OC(=O)[C@@H](NC(=O)[C@H](C)OC(=O)[C@H](NC(=O)[C@H](OC1=O)C(C)C)C(C)C)C(C)C)C(C)C)C(C)C)C(C)C)C(C)C)C(C)C,CC1OC(=O)C(C(C)C)NC(=O)C(C(C)C)OC(=O)C(C(C)C)NC(=O)C(C)OC(=O)C(C(C)C)NC(=O)C(C(C)C)OC(=O)C(C(C)C)NC(=O)C(C)OC(=O)C(C(C)C)NC(=O)C(C(C)C)OC(=O)C(C(C)C)NC1=O
mbcd0018598,True,CCCCNC1=CC=C(C=C1)C(=O)OCCN(C)C,CCCCNc1ccc(C(=O)OCC[NH+](C)C)cc1
mbcd0000334,True,N[C@H]1CC[C@@H](C2=CC(Cl)=C(Cl)C=C2)C2=CC=CC=C12,[NH3+]C1CCC(c2ccc(Cl)c(Cl)c2)c2ccccc12
mbcd0003872,False,CC(=O)NC1=CC=C(O)C=C1,CC(=O)Nc1ccc(O)cc1
mbcd0001345,True,CO[C@]12CC[C@@]3(C[C@@H]1[C@](C)(O)C(C)(C)C)[C@H]1CC4=C5C(O[C@@H]2[C@@]35CCN1CC1CC1)=C(O)C=C4,COC12CCC3(CC1C(C)(O)C(C)(C)C)C1Cc4ccc(O)c5c4C3(CC[NH+]1CC1CC1)C2O5
mbcd0000088,True,C[C@]12C[C@H](O)[C@H]3[C@@H](C[C@H](O)C4=CC(=O)CC[C@]34C)[C@@H]1CC[C@]2(O)C(=O)CO,CC12CCC(=O)C=C1C(O)CC1C2C(O)CC2(C)C1CCC2(O)C(=O)CO
mbcd0000357,True,CC[C@H](C)[C@H](NC(=O)[C@@H](C[C@H](O)[C@H](CC(C)C)NC(=O)[C@H](CC1=CN=CN1)N(C)C(=O)[C@H](CC1=CC=CC=C1)NC(=O)[C@@H]1CCCN1C(=O)OC(C)(C)C)C(C)C)C(=O)NCC1=CC=CC=N1,CCC(C)C(NC(=O)C(CC(O)C(CC(C)C)NC(=O)C(Cc1cnc[nH]1)N(C)C(=O)C(Cc1ccccc1)NC(=O)C1CCCN1C(=O)OC(C)(C)C)C(C)C)C(=O)NCc1ccccn1
mbcd0024687,True,CN1CCCC(CC1)N1N=C(CC2=CC=C(Cl)C=C2)C2=CC=CC=C2C1=O,C[NH+]1CCCC(n2nc(Cc3ccc(Cl)cc3)c3ccccc3c2=O)CC1
mbcd0003217,True,OC1=CC(O)=C2C(=O)C=C(OC2=C1)C1=CC(O)=C(O)C=C1,O=c1cc(c2ccc(O)c(O)c2)oc2cc(O)cc(O)c12
mbcd0026443,True,S=C=NCC1=CC=CC=C1,S=C=NCc1ccccc1
mbcd0003011,True,CCOC(=O)C1=C(C)NC(C)=C(C1C1=CC=CC(Cl)=C1Cl)C(=O)OC,CCOC(=O)C1=C(C)NC(=C(C(=O)OC)C1c1cccc(Cl)c1Cl)C
mbcd0024640,True,COC1=CC=C(C=C1)C(CN(C)C)C1(O)CCCCC1,COc1ccc(C(C[NH+](C)C)C2(O)CCCCC2)cc1
mbcd0002885,True,CN1CCN(CCCN2C3=CC=CC=C3SC3=CC=C(C=C23)C(F)(F)F)CC1,C[NH+]1CC[NH+](CCCN2c3ccccc3Sc3ccc(C(F)(F)F)cc23)CC1
mbcd0001938,True,CC(C)[C@H](NC(=O)N(C)CC1=CSC(=N1)C(C)C)C(=O)N[C@H](C[C@H](O)[C@H](CC1=CC=CC=C1)NC(=O)OCC1=CN=CS1)CC1=CC=CC=C1,CC(C)c1nc(CN(C)C(=O)NC(C(=O)NC(Cc2ccccc2)CC(O)C(Cc2ccccc2)NC(=O)OCc2cncs2)C(C)C)cs1
mbcd0001777,True,OC1(CCN(CCCC(=O)C2=CC=C(F)C=C2)CC1)C1=CC=C(Cl)C=C1,O=C(CCC[NH+]1CCC(O)(c2ccc(Cl)cc2)CC1)c1ccc(F)cc1
mbcd0000269,True,OC(=O)[C@H](CCC1=CC=CC=C1)N[C@H]1CCCN2CCC[C@H](N2C1=O)C(O)=O,O=C([O-])C(CCc1ccccc1)[NH2+]C1CCCN2CCCC(C(=O)[O-])N2C1=O
mbcd0004171,True,OC1=CC=C(CCC(=O)C2=C(O)C=C(O)C=C2O)C=C1,O=C(CCc1ccc(O)cc1)c1c(O)cc(O)cc1O
mbcd0000553,True,COC(=O)C1C(C2=CC(=CC=C2)[N+]([O-])=O)C(C(=O)OCCN2CCN(CC2)C(C2=CC=CC=C2)C2=CC=CC=C2)=C(C)N=C1C,COC(=O)C1C(=NC(=C(C(=O)OCC[NH+]2CC[NH+](C(c3ccccc3)c3ccccc3)CC2)C1c1cccc([N+](=O)[O-])c1)C)C
mbcd0000815,True,C[C@H](CCC(=O)NCCS(O)(=O)=O)[C@H]1CC[C@H]2[C@@H]3[C@H](O)C[C@@H]4C[C@H](O)CC[C@]4(C)[C@H]3CC[C@]12C,CC(CCC(=O)NCCS(=O)(=O)[O-])C1CCC2C3C(O)CC4CC(O)CCC4(C)C3CCC12C
mbcd0003930,True,COC1=C(OC)C=C2C(N)=NC(=NC2=C1)N1CCN(CC1)C(=O)C1COC2=C(O1)C=CC=C2,COc1cc2nc(N3CCN(C(=O)C4COc5ccccc5O4)CC3)nc(N)c2cc1OC
mbcd0003882,True,COC1=C(NS(C)(=O)=O)C=CC(NC2=C3C=CC=CC3=NC3=CC=CC=C23)=C1,COc1cc(Nc2c3ccccc3nc3ccccc23)ccc1NS(=O)(=O)C
mbcd0000601,True,CNCC(C1=CC=C(OC)C=C1)C1(O)CCCCC1,C[NH2+]CC(c1ccc(OC)cc1)C1(O)CCCCC1
mbcd0003021,True,CCOC(=O)N1CCC(CC1)=C1C2=CC=C(Cl)C=C2CCC2=CC=CN=C12,CCOC(=O)N1CCC(=C2c3ccc(Cl)cc3CCc3cccnc23)CC1
mbcd0001892,True,CC(=O)[C@H]1CC[C@H]2[C@@H]3CCC4=CC(=O)CC[C@]4(C)[C@H]3CC[C@]12C,CC(=O)C1CCC2C3CCC4=CC(=O)CCC4(C)C3CCC12C
mbcd0003913,True,CN(C)CCCN1C2=C(SC3=C1C=CC=C3)C=CC=C2,C[NH+](C)CCCN1c2ccccc2Sc2ccccc12
mbcd0027333,False,CCCCC1=NC(Cl)=C(CO)N1CC1=CC=C(C=C1)C1=C(C=CC=C1)C1=NN=NN1,CCCCc1nc(Cl)c(CO)n1Cc1ccc(c2ccccc2C2=[N-]N=NN2)cc1
mbcd0001470,True,C[C@H]1COC2=C3N1C=C(C(O)=O)C(=O)C3=CC(F)=C2N1CCN(C)CC1,CC1COc2c(N3CC[NH+](C)CC3)c(F)cc3c(=O)c(C(=O)[O-])cn1c23
mbcd0000721,True,CC=CC[C@@H](C)C(=O)[C@H]1C(=O)N[C@@H](C(C)C)C(=O)N(C)CC(=O)N(C)[C@@H](CC(C)C)C(=O)N[C@@H](C(C)C)C(=O)N(C)[C@@H](CC(C)C)C(=O)N[C@@H](C)C(=O)N[C@H](C)C(=O)N(C)[C@@H](CC(C)C)C(=O)N(C)[C@@H](CC(C)C)C(=O)N(C)[C@@H](C(C)C)C(=O)N1C,CC=CCC(C)C(=O)C1C(=O)NC(C(C)C)C(=O)N(C)CC(=O)N(C)C(CC(C)C)C(=O)NC(C(C)C)C(=O)N(C)C(CC(C)C)C(=O)NC(C)C(=O)NC(C)C(=O)N(C)C(CC(C)C)C(=O)N(C)C(CC(C)C)C(=O)N(C)C(C(C)C)C(=O)N1C
mbcd0003120,False,OC1=CC(O)=C2C(OC(=C(O)C2=O)C2=CC=C(O)C(O)=C2)=C1,O=c1c(O)c(c2ccc(O)c(O)c2)oc2cc(O)cc(O)c12
mbcd0003923,False,CC[N+](CC)(CC)CC,CC[N+](CC)(CC)CC
mbcd0002985,False,NC(=O)N1C2=CC=CC=C2C=CC2=C1C=CC=C2,NC(=O)N1c2ccccc2C=Cc2ccccc12
mbcd0003135,True,CCOC(=O)C1=C(C)NC(C)=C(C1C1=CC(=CC=C1)[N+]([O-])=O)C(=O)OC,CCOC(=O)C1=C(C)NC(=C(C(=O)OC)C1c1cccc([N+](=O)[O-])c1)C
mbcd0001251,False,CN1[C@H]2C[C@@H](C[C@@H]1[C@H]1O[C@@H]21)OC(=O)[C@H](CO)C1=CC=CC=C1,C[NH+]1C2CC(OC(=O)C(CO)c3ccccc3)CC1C1OC21
mbcd0003076,False,OC1=CC=C(C=C1)[C@@H]1CC(=O)C2=C(O1)C=C(O)C=C2O,O=C1CC(c2ccc(O)cc2)Oc2cc(O)cc(O)c12
mbcd0000337,True,COC(=O)C1=C(C)NC(C)=C([C@@H]1C1=CC(=CC=C1)[N+]([O-])=O)C(=O)OCCCN1CCC(CC1)(C1=CC=CC=C1)C1=CC=CC=C1,COC(=O)C1=C(C)NC(=C(C(=O)OCCC[NH+]2CCC(c3ccccc3)(c3ccccc3)CC2)C1c1cccc([N+](=O)[O-])c1)C
mbcd0027729,False,CCOC1=NC2=CC=CC(C(=O)OC(C)OC(=O)OC3CCCCC3)=C2N1CC1=CC=C(C=C1)C1=C(C=CC=C1)C1=NNN=N1,CCOc1nc2cccc(C(=O)OC(C)OC(=O)OC3CCCCC3)c2n1Cc1ccc(c2ccccc2C2=NNN=[N-]2)cc1
mbcd0000923,True,COCCCCC(=N/OCCN)C1=CC=C(C=C1)C(F)(F)F,COCCCCC(=NOCC[NH3+])c1ccc(C(F)(F)F)cc1
mbcd0014953,False,CCCSC1=CC=C2N=C(NC(=O)OC)NC2=C1,CCCSc1ccc2nc(NC(=O)OC)[nH]c2c1
mbcd0002104,True,COC1=CC(NC(=O)C2=CN=C3C=CC=CC3=C2)=C(C=C1OC)C(=O)NC1=CC=C(CCN2CCC3=CC(OC)=C(OC)C=C3C2)C=C1,COc1cc2c(cc1OC)C[NH+](CCc1ccc(NC(=O)c3cc(OC)c(OC)cc3NC(=O)c3cnc4ccccc4c3)cc1)CC2
mbcd0000631,False,ClC1=CC2=C(NC(=O)CN=C2C2=CC=CC=C2)C=C1,O=C1CN=C(c2ccccc2)c2cc(Cl)ccc2N1
mbcd0001644,False,C1=CC=C(C=C1)[P+](C1=CC=CC=C1)(C1=CC=CC=C1)C1=CC=CC=C1,c1ccc([P+](c2ccccc2)(c2ccccc2)c2ccccc2)cc1
mbcd0003088,False,CCN(CC)CCCC(C)NC1=C2C=CC(Cl)=CC2=NC=C1,CC[NH+](CC)CCCC(C)Nc1ccnc2cc(Cl)ccc12
mbcd0003937,True,CN1C[C@@H](C=C2[C@H]1CC1=CNC3=CC=CC2=C13)C(=O)N[C@]1(C)O[C@@]2(O)[C@@H]3CCCN3C(=O)[C@H](CC3=CC=CC=C3)N2C1=O,C[NH+]1CC(C(=O)NC2(C)OC3(O)C4CCCN4C(=O)C(Cc4ccccc4)N3C2=O)C=C2c3cccc4[nH]cc(c34)CC12
mbcd0000035,False,CCCCCCCCCCCCCCCC(=O)OCC(O)COC(=O)CCCCCCCCCCCCCCC,CCCCCCCCCCCCCCCC(=O)OCC(O)COC(=O)CCCCCCCCCCCCCCC
mbcd0027670,True,OCCOCCN1CCN(CC1)C1=NC2=CC=CC=C2SC2=CC=CC=C12,OCCOCC[NH+]1CCN(C2=[NH+]c3ccccc3Sc3ccccc23)CC1
mbcd0003498,True,CCOC(=O)[C@H](CCC1=CC=CC=C1)N[C@@H](C)C(=O)N1CCC[C@H]1C(O)=O,CCOC(=O)C(CCc1ccccc1)[NH2+]C(C)C(=O)N1CCCC1C(=O)[O-]
mbcd0002089,False,CC=C(C)C(=O)OC[C@@]1(O)[C@@H]2CC[C@]3(C)[C@H](OC(=O)C(C)=C/C)[C@@H]4O[C@@H]4C(=C)[C@H]3[C@@H]2OC1=O,C=C1C2OC2C(OC(=O)C(=CC)C)C2(C)CCC3C(OC(=O)C3(O)COC(=O)C(=CC)C)C12
mbcd0000154,True,CC(C)C1=C(C(=O)NC2=CC=CC=C2)C(=C(N1CC[C@@H]1C[C@@H](O)CC(=O)O1)C1=CC=C(F)C=C1)C1=CC=CC=C1,CC(C)c1c(C(=O)Nc2ccccc2)c(c2ccccc2)c(c2ccc(F)cc2)n1CCC1CC(O)CC(=O)O1
mbcd0003116,True,OC1=CC=C(C=C1)C1=COC2=CC(O)=CC(O)=C2C1=O,O=c1c(c2ccc(O)cc2)coc2cc(O)cc(O)c12
mbcd0000642,False,CC[C@H]1CC[C@H]2O[C@@]3(CC[C@@H](C)[C@@H](C[C@H](C)O)O3)[C@H](C)[C@@H](OC(=O)C=C[C@@H](C)[C@H](O)[C@@H](C)C(=O)[C@@H](C)[C@H](O)[C@@H](C)C(=O)[C@@](C)(O)[C@H](O)[C@@H](C)CC=CC=C1)[C@H]2C,CCC1C=CC=CCC(C)C(O)C(C)(O)C(=O)C(C)C(O)C(C)C(=O)C(C)C(O)C(C)C=CC(=O)OC2C(C)C(CC1)OC1(CCC(C)C(CC(C)O)O1)C2C
mbcd0000470,True,Cl[C@H]1[C@H]2O[C@H]2[C@H]2[C@@H]1[C@@]1(Cl)C(Cl)=C(Cl)[C@]2(Cl)C1(Cl)Cl,ClC1=C(Cl)C2(Cl)C3C4OC4C(Cl)C3C1(Cl)C2(Cl)Cl
mbcd0000193,True,COC1=CC=C(Cl)C=C1C(=O)NCCC1=CC=C(C=C1)S(=O)(=O)NC(NC1CCC(C)CC1)=NC#N,COc1ccc(Cl)cc1C(=O)NCCc1ccc(S(=O)(=O)NC(=[NH+]C#N)NC2CCC(C)CC2)cc1
mbcd0030435,True,CCN1CCCC1CNC(=O)C1=CC(=C(N)C=C1OC)S(=O)(=O)CC,CC[NH+]1CCCC1CNC(=O)c1cc(S(=O)(=O)CC)c(N)cc1OC
mbcd0001682,False,CN(C)CC=C(C1=CC=C(Br)C=C1)C1=CN=CC=C1,C[NH+](C)CC=C(c1ccc(Br)cc1)c1cccnc1
mbcd0000247,True,COC1=C2OC3=CC=C(C[C@@H]4N(C)CCC5=CC6=C(OCO6)C(OC6=C(OC)C=C7CCN(C)[C@H](CC(C=C1)=C2)C7=C6)=C45)C=C3,COc1ccc2cc1Oc1ccc(cc1)CC1c3c(cc4c(c3Oc3cc5c(cc3OC)CC[NH+](C)C5C2)OCO4)CC[NH+]1C
mbcd0025634,True,CC1(C)[C@@H](O)CC[C@@]2(C)[C@H]1CC[C@]1(C)[C@@H]2C(=O)C=C2[C@@H]3C[C@](C)(CC[C@]3(C)CC[C@@]12C)C(O)=O,CC1(C(=O)[O-])CCC2(C)CCC3(C)C(=CC(=O)C4C5(C)CCC(O)C(C)(C)C5CCC34C)C2C1
mbcd0003026,True,COC1=CC=C(C=C1)C1=COC2=CC(O)=CC(O)=C2C1=O,COc1ccc(c2coc3cc(O)cc(O)c3c2=O)cc1
mbcd0001658,False,CCCCCCCCCCCCCCCC(O)=O,CCCCCCCCCCCCCCCC(=O)[O-]
mbcd0003094,True,CC(=O)S[C@@H]1CC2=CC(=O)CC[C@]2(C)[C@H]2CC[C@@]3(C)[C@@H](CC[C@@]33CCC(=O)O3)[C@H]12,CC(=O)SC1CC2=CC(=O)CCC2(C)C2CCC3(C)C(CCC43CCC(=O)O4)C12
mbcd0003875,True,CC(C)NCC(O)COC1=CC=C(CC(N)=O)C=C1,CC(C)[NH2+]CC(O)COc1ccc(CC(=O)N)cc1
mbcd0027129,True,CS(=O)(=O)CCNCC1=NC(=CS1)C1=CC=C2N=CN=C(NC3=CC=C(OCC4=CC=CC(F)=C4)C(Cl)=C3)C2=C1,CS(=O)(=O)CC[NH2+]Cc1nc(c2ccc3ncnc(Nc4ccc(OCc5cccc(F)c5)c(Cl)c4)c3c2)cs1
mbcd0000060,True,COC1=CC(=CC(OC)=C1OC)C1=C(O)C(=O)C2=C(O)C=C(O)C=C2O1,COc1cc(c2oc3cc(O)cc(O)c3c(=O)c2O)cc(OC)c1OC
mbcd0020385,True,CNCCCC12CCC(C3=CC=CC=C13)C1=C2C=CC=C1,C[NH2+]CCCC12CCC(c3ccccc13)c1ccccc21
mbcd0030522,True,COC1=CC(C[C@H]2COC(=O)[C@@H]2CC2=CC(OC)=C(O)C=C2)=CC=C1O,COc1cc(CC2COC(=O)C2Cc2ccc(O)c(OC)c2)ccc1O
mbcd0000261,True,CCOP(=S)(OCC)OC1=CC(Cl)=C(SC)C=C1Cl,CCOP(=S)(OCC)Oc1cc(Cl)c(SC)cc1Cl
mbcd0001030,True,CC(=O)[C@@]1(O)CC[C@H]2[C@@H]3C=C(C)C4=CC(=O)CC[C@]4(C)[C@H]3CC[C@]12C,CC(=O)C1(O)CCC2C3C=C(C)C4=CC(=O)CCC4(C)C3CCC12C
mbcd0000029,True,CCCCCCCCCCCCCCCC(=O)OCC(O)CO,CCCCCCCCCCCCCCCC(=O)OCC(O)CO
mbcd0001797,False,CC(C)(C(O)=O)C1=CC=C(C=C1)C(O)CCCN1CCC(CC1)C(O)(C1=CC=CC=C1)C1=CC=CC=C1,CC(C)(C(=O)[O-])c1ccc(C(O)CCC[NH+]2CCC(C(O)(c3ccccc3)c3ccccc3)CC2)cc1
mbcd0002385,False,CC=C(C)C(=O)O[C@H]1C[C@](C)(O)[C@H]2CC=C(C)[C@H]2[C@@H]2OC(=O)[C@H](C)[C@H]12,CC=C(C)C(=O)OC1CC(C)(O)C2CC=C(C)C2C2OC(=O)C(C)C12
mbcd0000692,True,O=C(C=CC=CC1=CC2=C(OCO2)C=C1)N1CCCCC1,O=C(C=CC=Cc1ccc2c(c1)OCO2)N1CCCCC1
mbcd0001664,False,C[C@H](CCC(=O)NCCS(O)(=O)=O)[C@H]1CC[C@H]2[C@@H]3[C@H](O)C[C@@H]4C[C@H](O)CC[C@]4(C)[C@H]3C[C@H](O)[C@]12C,CC(CCC(=O)NCCS(=O)(=O)[O-])C1CCC2C3C(O)CC4CC(O)CCC4(C)C3CC(O)C12C
mbcd0001941,True,CO[C@H]1[C@@H](C[C@@H]2CN3CCC4=C(NC5=CC(OC)=CC=C45)[C@H]3C[C@@H]2[C@@H]1C(=O)OC)OC(=O)C1=CC(OC)=C(OC)C(OC)=C1,COC(=O)C1C2CC3c4[nH]c5cc(OC)ccc5c4CC[NH+]3CC2CC(OC(=O)c2cc(OC)c(OC)c(OC)c2)C1OC
mbcd0001731,True,CN(C)CCCN1C2=C(SC3=C1C=C(C=C3)C(F)(F)F)C=CC=C2,C[NH+](C)CCCN1c2ccccc2Sc2ccc(C(F)(F)F)cc12
mbcd0000542,False,CC[C@H](C)C(=O)O[C@H]1C[C@@H](C)C=C2C=C[C@H](C)[C@H](CC[C@@H](O)C[C@@H](O)CC(O)=O)[C@@H]12,CCC(C)C(=O)OC1CC(C)C=C2C=CC(C)C(CCC(O)CC(O)CC(=O)[O-])C12
mbcd0015049,False,NC(=N)N1CCC2=C(C1)C=CC=C2,[NH2+]=C(N)N1CCc2ccccc2C1
mbcd0001735,False,CC1=NC=C2CN=C(C3=C(F)C=CC=C3)C3=C(C=CC(Cl)=C3)N12,Cc1ncc2n1-c1ccc(Cl)cc1C(=NC2)c1ccccc1F
mbcd0003897,True,OCCN1CCN(CCCN2C3=C(SC4=C2C=C(C=C4)C(F)(F)F)C=CC=C3)CC1,OCC[NH+]1CC[NH+](CCCN2c3ccccc3Sc3ccc(C(F)(F)F)cc23)CC1
mbcd0003893,True,CC1=C(CCN2CCC(CC2)C2=NOC3=CC(F)=CC=C23)C(=O)N2CCCCC2=N1,Cc1nc2n(c(=O)c1CC[NH+]1CCC(c3noc4cc(F)ccc34)CC1)CCCC2
mbcd0022804,False,CC(C)=CCCC(C)=CCOC1=C2C=COC2=CC2=C1C=CC(=O)O2,CC(=CCCC(=CCOc1c2ccoc2cc2oc(=O)ccc12)C)C
mbcd0026179,True,CN1C[C@@H](C[C@H]2[C@H]1CC1=CNC3=CC=CC2=C13)C(=O)N[C@]1(C)O[C@@]2(O)[C@@H]3CCCN3C(=O)[C@H](CC3=CC=CC=C3)N2C1=O,C[NH+]1CC(C(=O)NC2(C)OC3(O)C4CCCN4C(=O)C(Cc4ccccc4)N3C2=O)CC2c3cccc4[nH]cc(c34)CC12
mbcd0028961,True,CC(C)C[C@@H]1N2C(=O)[C@](NC(=O)[C@@H]3C[C@H]4[C@@H](CC5=CNC6=CC=CC4=C56)N(C)C3)(O[C@@]2(O)[C@@H]2CCCN2C1=O)C(C)C,CC(C)CC1C(=O)N2CCCC2C2(O)OC(NC(=O)C3CC4c5cccc6[nH]cc(c56)CC4[NH+](C)C3)(C(C)C)C(=O)N12
mbcd0003877,True,CN(C)CCCC1(OCC2=C1C=CC(=C2)C#N)C1=CC=C(F)C=C1,C[NH+](C)CCCC1(c2ccc(F)cc2)OCc2cc(C#N)ccc12
mbcd0030477,True,C(CN1CCNCC1)CN1C2=C(SC3=C1C=CC=C3)C=CC=C2,c1ccc2c(c1)Sc1ccccc1N2CCC[NH+]1CC[NH2+]CC1
mbcd0000615,True,C[C@@H]1O[C@@H](O[C@@H]2[C@@H](O)[C@H](O)[C@@H](CO)O[C@H]2OC2=CC(O)=C3C(=O)C[C@H](OC3=C2)C2=CC=C(O)C=C2)[C@H](O)[C@H](O)[C@H]1O,CC1OC(OC2C(Oc3cc(O)c4c(c3)OC(c3ccc(O)cc3)CC4=O)OC(CO)C(O)C2O)C(O)C(O)C1O
mbcd0003100,True,OCCN(CCO)C1=NC(N2CCCCC2)=C2N=C(N=C(N3CCCCC3)C2=N1)N(CCO)CCO,OCCN(CCO)c1nc(N2CCCCC2)c2nc(N(CCO)CCO)nc(N3CCCCC3)c2n1
mbcd0002422,False,COC1=CC=C2C(NC3=C2C[C@@H]2N([C@H]3C=C(C)C)C(=O)[C@@H]3CCCN3C2=O)=C1,COc1ccc2c3c([nH]c2c1)C(C=C(C)C)N1C(=O)C2CCCN2C(=O)C1C3
mbcd0022617,True,COC1=CC(=CC=C1O)[C@@H]1OC2=CC(=CC=C2O[C@H]1CO)[C@H]1OC2=C(C(O)=CC(O)=C2)C(=O)[C@@H]1O.COC1=C(O)C=CC(=C1)[C@H]1OC2=CC(=CC=C2O[C@@H]1CO)[C@H]1OC2=CC(O)=CC(O)=C2C(=O)[C@@H]1O,COc1cc(C2Oc3cc(C4Oc5cc(O)cc(O)c5C(=O)C4O)ccc3OC2CO)ccc1O
mbcd0000023,True,CCCCCCCC(=O)OCC(O)CO,CCCCCCCC(=O)OCC(O)CO
mbcd0003898,False,CN(C)CCCN1C2=CC=CC=C2CCC2=C1C=CC=C2,C[NH+](C)CCCN1c2ccccc2CCc2ccccc12
mbcd0003879,True,CN1C=NC2=C1C(=O)N(C)C(=O)N2C,Cn1c(=O)c2c(ncn2C)n(C)c1=O
mbcd0003881,True,CC(CN(C)C)CN1C2=C(CCC3=C1C=CC=C3)C=CC=C2,CC(C[NH+](C)C)CN1c2ccccc2CCc2ccccc12
mbcd0002723,True,CN1CC[C@@]23[C@H]4OC5=C2C(C[C@@H]1[C@H]3C=C[C@@H]4O)=CC=C5O,C[NH+]1CCC23c4c5ccc(O)c4OC2C(O)C=CC3C1C5
mbcd0002820,True,COCC(=O)O[C@]1(CCN(C)CCCC2=NC3=CC=CC=C3N2)CCC2=CC(F)=CC=C2[C@@H]1C(C)C,COCC(=O)OC1(CC[NH+](C)CCCc2nc3ccccc3[nH]2)CCc2cc(F)ccc2C1C(C)C
mbcd0000759,True,FC1=CC=C(C=C1)C(CNC1CCN(CC1)C1=NC(NCC=C)=NC(NCC=C)=N1)C1=CC=C(F)C=C1,C=CCNc1nc(NCC=C)nc(N2CCC([NH2+]CC(c3ccc(F)cc3)c3ccc(F)cc3)CC2)n1
mbcd0002340,True,CN(C)CCCN1C2=CC=CC=C2SC2=CC=C(Cl)C=C12,C[NH+](C)CCCN1c2ccccc2Sc2ccc(Cl)cc12
mbcd0007312,True,CN(C)C1=NC=C2N=CN=C(NC3=CC=C4N(CC5=CC=CC=C5)N=CC4=C3)C2=C1,CN(C)c1cc2c(Nc3ccc4c(cnn4Cc4ccccc4)c3)ncnc2cn1
mbcd0000474,False,CCOC1=CC=C(C=C1)C1=NC2=CC=C(C=C2N1)C1=NC2=CC(=CC=C2N1)N1CCN(C)CC1,CCOc1ccc(c2nc3ccc(c4nc5cc(N6CC[NH+](C)CC6)ccc5[nH]4)cc3[nH]2)cc1
mbcd0027018,True,COC1=CC=C2N=CC=C([C@H](O)[C@H]3C[C@@H]4CC[N@]3C[C@@H]4C=C)C2=C1,C=CC1C[NH+]2CCC1CC2C(O)c1ccnc2ccc(OC)cc12
mbcd0000349,True,CC(C)[C@@]1(NC(=O)[C@@H]2C[C@H]3[C@@H](CC4=CNC5=CC=CC3=C45)N(C)C2)O[C@@]2(O)[C@@H]3CCCN3C(=O)[C@H](CC3=CC=CC=C3)N2C1=O,CC(C)C1(NC(=O)C2CC3c4cccc5[nH]cc(c45)CC3[NH+](C)C2)OC2(O)C3CCCN3C(=O)C(Cc3ccccc3)N2C1=O
mbcd0003113,False,OC(=O)CC1=C(NC2=C(Cl)C=CC=C2Cl)C=CC=C1,O=C([O-])Cc1ccccc1Nc1c(Cl)cccc1Cl
mbcd0007511,False,COC(=O)C1=C(C)NC(C)=C(C1C1=C(C=CC=C1)[N+]([O-])=O)C(=O)OC,COC(=O)C1=C(C)NC(=C(C(=O)OC)C1c1ccccc1[N+](=O)[O-])C
mbcd0001214,True,CCN(CC)CCN1C2=C(C=C(Cl)C=C2)C(=NCC1=O)C1=C(F)C=CC=C1,CC[NH+](CC)CCN1C(=O)CN=C(c2ccccc2F)c2cc(Cl)ccc12
mbcd0001918,True,FC1=CC=C(C=C1)C(CCCN1CCC(CC1)N1C(=O)NC2=CC=CC=C12)C1=CC=C(F)C=C1,O=c1[nH]c2ccccc2n1C1CC[NH+](CCCC(c2ccc(F)cc2)c2ccc(F)cc2)CC1
mbcd0003126,False,CC[C@H](C)C(=O)O[C@H]1C[C@H](O)C=C2C=C[C@H](C)[C@H](CC[C@@H](O)C[C@@H](O)CC(O)=O)[C@@H]12,CCC(C)C(=O)OC1CC(O)C=C2C=CC(C)C(CCC(O)CC(O)CC(=O)[O-])C12
mbcd0027279,True,ClC1=C(Cl)C2(Cl)C3COS(=O)OCC3C1(Cl)C2(Cl)Cl,O=S1OCC2C(CO1)C1(Cl)C(=C(Cl)C2(Cl)C1(Cl)Cl)Cl
mbcd0002048,True,COC1=C(OC)C=C(C=C1)C1=C(OC)C(=O)C2=C(OC)C(OC)=C(OC)C(OC)=C2O1,COc1ccc(c2oc3c(OC)c(OC)c(OC)c(OC)c3c(=O)c2OC)cc1OC
mbcd0000051,False,CCCC1=C(C)C(C(O)=O)=C(CCC(O)=O)O1,CCCc1oc(CCC(=O)[O-])c(C(=O)[O-])c1C
mbcd0001583,True,COC1=CC=C2SC3=C(C=CC=C3)N(C[C@H](C)CN(C)C)C2=C1,COc1ccc2c(c1)N(CC(C)C[NH+](C)C)c1ccccc1S2
mbcd0001316,True,CO[C@@H]1C[C@@H](CC[C@H]1O)C=C(/C)[C@H]1OC(=O)[C@@H]2CCCCN2C(=O)C(=O)[C@]2(O)O[C@@H]([C@H](C[C@H]2C)OC)[C@H](C[C@@H](C)CC(C)=C[C@@H](CC=C)C(=O)C[C@H](O)[C@H]1C)OC,C=CCC1C=C(C)CC(C)CC(OC)C2OC(O)(C(=O)C(=O)N3CCCCC3C(=O)OC(C(=CC3CCC(O)C(OC)C3)C)C(C)C(O)CC1=O)C(C)CC2OC
mbcd0004720,True,OC1=C(O)C(O)=C2C(=O)C=C(OC2=C1)C1=CC=CC=C1,O=c1cc(c2ccccc2)oc2cc(O)c(O)c(O)c12
mbcd0002466,False,COC1=CC(=CC(OC)=C1O)[C@H]1[C@@H]2[C@H](COC2=O)[C@H](O[C@@H]2O[C@@H]3CO[C@@H](C)O[C@H]3[C@H](O)[C@H]2O)C2=CC3=C(OCO3)C=C12,COc1cc(C2c3cc4c(cc3C(OC3OC5COC(C)OC5C(O)C3O)C3COC(=O)C23)OCO4)cc(OC)c1O
mbcd0019625,True,CCOC(=O)C1=CC=C(N)C=C1,CCOC(=O)c1ccc(N)cc1
mbcd0017980,False,OC(=O)C1=CN(C2CC2)C2=CC(N3CCNCC3)=C(F)C=C2C1=O,O=C([O-])c1cn(C2CC2)c2cc(N3CC[NH2+]CC3)c(F)cc2c1=O
mbcd0000998,False,CO[C@]12[C@H]3N[C@H]3CN1C1=C([C@H]2COC(N)=O)C(=O)C(N)=C(C)C1=O,COC12C(COC(=O)N)C3=C(C(=O)C(=C(N)C3=O)C)N1CC1[NH2+]C21
mbcd0025591,True,CC[C@H](C)C(=O)O[C@H]1C[C@@H](C)C=C2C=C[C@H](C)[C@H](CC[C@@H]3C[C@@H](O)CC(=O)O3)[C@@H]12,CCC(C)C(=O)OC1CC(C)C=C2C=CC(C)C(CCC3CC(O)CC(=O)O3)C12
mbcd0009726,False,NC1=C2CCCCC2=NC2=CC=CC=C12,Nc1c2c(nc3ccccc13)CCCC2
mbcd0002981,False,OCCNCCNC1=CC=C(NCCNCCO)C2=C1C(=O)C1=C(O)C=CC(O)=C1C2=O,O=C1c2c(O)ccc(O)c2C(=O)c2c(NCC[NH2+]CCO)ccc(NCC[NH2+]CCO)c12
mbcd0003243,False,COC1=C(OC)C=C(C=C1)C1=CC(=O)C2=C(OC)C(OC)=C(OC)C(OC)=C2O1,COc1ccc(c2cc(=O)c3c(OC)c(OC)c(OC)c(OC)c3o2)cc1OC
mbcd0026844,True,COC1=C(OC)C=C(C=C1)C1=CC(=O)C2=CC=CC=C2O1,COc1ccc(c2cc(=O)c3ccccc3o2)cc1OC
mbcd0001690,True,CC1=CN(C=N1)C1=CC(NC(=O)C2=CC(NC3=NC(=CC=N3)C3=CC=CN=C3)=C(C)C=C2)=CC(=C1)C(F)(F)F,Cc1cn(c2cc(NC(=O)c3ccc(C)c(Nc4nccc(c5cccnc5)n4)c3)cc(C(F)(F)F)c2)cn1
mbcd0003928,False,CN(C)C(=O)OC1=CC=CC(=C1)[N+](C)(C)C,CN(C)C(=O)Oc1cccc([N+](C)(C)C)c1
mbcd0000937,False,CC[C@H]1OC(=O)[C@H](C)[C@@H](O[C@H]2C[C@@](C)(OC)[C@@H](O)[C@H](C)O2)[C@H](C)[C@@H](O[C@@H]2O[C@H](C)C[C@@H]([C@H]2O)N(C)C)[C@](C)(O)C[C@@H](C)C(=O)[C@H](C)[C@@H](O)[C@]1(C)O,CCC1OC(=O)C(C)C(OC2CC(C)(OC)C(O)C(C)O2)C(C)C(OC2OC(C)CC([NH+](C)C)C2O)C(C)(O)CC(C)C(=O)C(C)C(O)C1(C)O
mbcd0028193,True,CCOP(=S)(OCC)OC1=C(Cl)C=C(Cl)C(Cl)=N1,CCOP(=S)(OCC)Oc1nc(Cl)c(Cl)cc1Cl
mbcd0003001,False,C[C@]12CC[C@H]3[C@@H](CCC4=CC(=O)CC[C@]34C)[C@@H]1CC[C@@H]2O,CC12CCC(=O)C=C1CCC1C2CCC2(C)C(O)CCC12
mbcd0014496,False,C[C@H](CC1=CC=CC=C1)N(C)CC#C,C#CC[NH+](C)C(C)Cc1ccccc1
mbcd0001042,False,CCCC(C)(COC(N)=O)COC(N)=O,CCCC(C)(COC(=O)N)COC(=O)N
mbcd0006203,False,COC1=CC=C2C(NC3=C(C)N=CC=C23)=C1,COc1ccc2c(c1)[nH]c1c(C)nccc21
mbcd0001668,False,CC(C)CCC[C@@H](C)[C@H]1CC[C@H]2[C@@H]3CC=C4C[C@@H](O)CC[C@]4(C)[C@H]3CC[C@]12C,CC(C)CCCC(C)C1CCC2C3CC=C4CC(O)CCC4(C)C3CCC12C
mbcd0000028,True,CCCCCCCCC=C/CCCCCCCC(=O)OCC(O)CO,CCCCCCCCC=CCCCCCCCC(=O)OCC(O)CO
mbcd0002241,True,CC(C)[C@H](N1CCCNC1=O)C(=O)N[C@H](C[C@H](O)[C@H](CC1=CC=CC=C1)NC(=O)COC1=C(C)C=CC=C1C)CC1=CC=CC=C1,Cc1cccc(C)c1OCC(=O)NC(Cc1ccccc1)C(O)CC(Cc1ccccc1)NC(=O)C(C(C)C)N1CCCNC1=O
mbcd0000764,True,CC[C@H](C)[C@@H]1N(C)C(=O)[C@H]([C@@H](C)CC)N(C)C(=O)[C@H](CC(=O)OC(C)(C)C)N(C)C(=O)[C@@H](NC(=O)[C@H](C(C)C)N(C)C(=O)[C@@H]2CCCCN2C(=O)[C@H](C)OC(=O)[C@H](CC2=CC=C(OC)C=C2)NC(=O)[C@H](C(C)C)N(C)C(=O)CNC1=O)C(C)C,CCC(C)C1C(=O)N(C)C(C(C)CC)C(=O)NCC(=O)N(C)C(C(C)C)C(=O)NC(Cc2ccc(OC)cc2)C(=O)OC(C)C(=O)N2CCCCC2C(=O)N(C)C(C(C)C)C(=O)NC(C(C)C)C(=O)N(C)C(CC(=O)OC(C)(C)C)C(=O)N1C
mbcd0000600,True,CCCC[C@H](NC(=O)[C@H](CC(C)C)NC(=O)[C@H](CC(C)C)NC(C)=O)C=O,CCCCC(C=O)NC(=O)C(CC(C)C)NC(=O)C(CC(C)C)NC(=O)C
mbcd0002384,False,CC=C(C)C(=O)O[C@@H]1[C@@H]2O[C@@H]2C(=C)[C@H]2[C@@H]3OC(=O)[C@](C)(OC(=O)C(C)=C/C)[C@@H]3CC[C@]12C,C=C1C2OC2C(OC(=O)C(=CC)C)C2(C)CCC3C(OC(=O)C3(C)OC(=O)C(=CC)C)C12
mbcd0025827,False,CCC1=C[C@@H]2C[N@](C1)CC1=C(NC3=CC=CC=C13)[C@@](C2)(C(=O)OC)C1=CC2=C(C=C1OC)N(C)[C@@H]1[C@]22CCN3CC=C[C@](CC)([C@@H]23)[C@@H](OC(C)=O)[C@]1(O)C(=O)OC,CCC1=CC2C[NH+](C1)Cc1c([nH]c3ccccc13)C(C(=O)OC)(c1cc3c(cc1OC)N(C)C1C(O)(C(=O)OC)C(OC(=O)C)C4(CC)C=CC[NH+]5CCC31C45)C2
mbcd0000034,True,O=C1C2=CC=CC=C2N(CCCN2C3=CC=CC=C3C(=O)C3=CC=CC=C23)C2=CC=CC=C12,O=c1c2ccccc2n(CCCn2c3ccccc3c(=O)c3ccccc23)c2ccccc12
mbcd0028144,False,CN1CCC[C@@H]1CC1=CNC2=CC=C(CCS(=O)(=O)C3=CC=CC=C3)C=C12,C[NH+]1CCCC1Cc1c[nH]c2ccc(CCS(=O)(=O)c3ccccc3)cc12
mbcd0000746,True,[Cl-].COC(=O)C1=CC=CC=C1C1=C2C=CC(N)=CC2=[O+]C2=CC(N)=CC=C12,COC(=O)c1ccccc1c1c2ccc(N)cc2[o+]c2cc(N)ccc12
mbcd0000242,True,CCN(CC)C(=O)NC1=CC(C(C)=O)=C(OCC(O)CNC(C)(C)C)C=C1,CCN(CC)C(=O)Nc1ccc(OCC(O)C[NH2+]C(C)(C)C)c(C(=O)C)c1
mbcd0000133,False,O=C=NC1=C2C=CC=CC2=CC=C1,O=C=Nc1cccc2ccccc12
mbcd0001711,False,CN(C)CC(C1=CC=C(O)C=C1)C1(O)CCCCC1,C[NH+](C)CC(c1ccc(O)cc1)C1(O)CCCCC1
mbcd0001533,True,CC(C)(C)NC(=O)[C@@H]1C[C@@H]2CCCC[C@@H]2CN1C[C@@H](O)[C@H](CC1=CC=CC=C1)NC(=O)[C@H](CC(N)=O)NC(=O)C1=CC=C2C=CC=CC2=N1,CC(C)(C)NC(=O)C1CC2CCCCC2C[NH+]1CC(O)C(Cc1ccccc1)NC(=O)C(CC(=O)N)NC(=O)c1ccc2ccccc2n1
mbcd0000084,True,COC1=CC(=CC(OC)=C1OC)C1=CC(=O)C2=C(OC)C(OC)=C(OC)C=C2O1,COc1cc(c2cc(=O)c3c(OC)c(OC)c(OC)cc3o2)cc(OC)c1OC
mbcd0000031,True,CCCCCCCCCCCCCCCCCC(=O)OCC(O)CO,CCCCCCCCCCCCCCCCCC(=O)OCC(O)CO
mbcd0016573,True,CCOP(=S)(OCC)OC1=CC=C(C=C1)[N+]([O-])=O,CCOP(=S)(OCC)Oc1ccc([N+](=O)[O-])cc1
mbcd0001135,False,CC[C@]1(O)C[C@@H]2C[N@](C1)CCC1=C(NC3=CC=CC=C13)[C@@](C2)(C(=O)OC)C1=CC2=C(C=C1OC)N(C=O)[C@@H]1[C@]22CCN3CC=C[C@](CC)([C@@H]23)[C@@H](OC(C)=O)[C@]1(O)C(=O)OC,CCC1(O)CC2C[NH+](CCc3c([nH]c4ccccc34)C(C(=O)OC)(c3cc4c(cc3OC)N(C=O)C3C(O)(C(=O)OC)C(OC(=O)C)C5(CC)C=CC[NH+]6CCC43C56)C2)C1
mbcd0001633,True,CN[C@@H]1C[C@H]2O[C@@](C)([C@@H]1OC)N1C3=CC=CC=C3C3=C1C1=C(C4=CC=CC=C4N21)C1=C3CNC1=O,C[NH2+]C1CC2OC(C)(C1OC)n1c3ccccc3c3c4c(c5c6ccccc6n2c5c13)C(=O)NC4
mbcd0003059,True,OC1=CC(O)=C(C=C1)C1=C(O)C(=O)C2=C(O)C=C(O)C=C2O1,O=c1c(O)c(c2ccc(O)cc2O)oc2cc(O)cc(O)c12
mbcd0004758,True,OC1=CC(O)=C2C(OC(=C(O)C2=O)C2=CC=CC=C2)=C1,O=c1c(O)c(c2ccccc2)oc2cc(O)cc(O)c12
mbcd0001517,False,CC[C@H]1OC(=O)[C@H](C)[C@@H](O[C@H]2C[C@@](C)(OC)[C@@H](O)[C@H](C)O2)[C@H](C)[C@@H](O[C@@H]2O[C@H](C)C[C@@H]([C@H]2O)N(C)C)[C@@](C)(C[C@@H](C)C(=O)[C@H](C)[C@@H](O)[C@]1(C)O)OC,CCC1OC(=O)C(C)C(OC2CC(C)(OC)C(O)C(C)O2)C(C)C(OC2OC(C)CC([NH+](C)C)C2O)C(C)(OC)CC(C)C(=O)C(C)C(O)C1(C)O
mbcd0002889,True,CCC(=C(/C1=CC=CC=C1)C1=CC=C(OCCN(C)C)C=C1)C1=CC=CC=C1,CCC(=C(c1ccccc1)c1ccc(OCC[NH+](C)C)cc1)c1ccccc1
mbcd0000289,True,COC1=CC2=C(CN(CC2)C2=NC(NCCC3=CC(OC)=C(OC)C=C3)=NC3=CC(OC)=C(OC)C=C23)C=C1OC,COc1ccc(CCNc2nc(N3CCc4cc(OC)c(OC)cc4C3)c3cc(OC)c(OC)cc3n2)cc1OC
mbcd0028263,True,CO[C@H]1C[C@H](O[C@H]2[C@H](C)[C@@H](O[C@@H]3O[C@H](C)C[C@@H]([C@H]3OC(C)=O)N(C)C)[C@@H](C)C[C@@]3(CO3)C(=O)[C@H](C)[C@@H](OC(C)=O)[C@@H](C)[C@@H](C)OC(=O)[C@@H]2C)O[C@@H](C)[C@@H]1OC(C)=O,COC1CC(OC2C(C)C(=O)OC(C)C(C)C(OC(=O)C)C(C)C(=O)C3(CO3)CC(C)C(OC3OC(C)CC([NH+](C)C)C3OC(=O)C)C2C)OC(C)C1OC(=O)C
mbcd0001120,True,CC[C@H](C)C[C@H](C)CCCCCCCCC(=O)N[C@H]1C[C@@H](O)[C@@H](NCCN)NC(=O)[C@@H]2[C@@H](O)CCN2C(=O)[C@@H](NC(=O)[C@@H](NC(=O)[C@@H]2C[C@@H](O)CN2C(=O)[C@@H](NC1=O)[C@@H](C)O)[C@H](O)[C@@H](O)C1=CC=C(O)C=C1)[C@H](O)CCN,CCC(C)CC(C)CCCCCCCCC(=O)NC1CC(O)C([NH2+]CC[NH3+])NC(=O)C2C(O)CCN2C(=O)C(C(O)CC[NH3+])NC(=O)C(C(O)C(O)c2ccc(O)cc2)NC(=O)C2CC(O)CN2C(=O)C(C(C)O)NC1=O
mbcd0001111,False,CN=C(NCCSCC1=C(C)NC=N1)NC#N,C[NH+]=C(NC#N)NCCSCc1nc[nH]c1C
mbcd0001094,False,CCCCCC1=CC2=C([C@@H]3C=C(C)CC[C@H]3C(C)(C)O2)C(O)=C1,CCCCCc1cc(O)c2c(c1)OC(C)(C)C1CCC(=CC21)C
mbcd0001808,False,COC1=C2NC3=C(C=CC=C3C(=O)C2=CC=C1)C(=O)NC1=CC=C(CCN2CCC3=CC(OC)=C(OC)C=C3C2)C=C1,COc1cc2c(cc1OC)C[NH+](CCc1ccc(NC(=O)c3cccc4c(=O)c5cccc(OC)c5[nH]c34)cc1)CC2
mbcd0002994,True,CC(C)[C@@]1(NC(=O)[C@H]2CN(C)[C@@H]3CC4=CNC5=CC=CC(=C45)C3=C2)O[C@@]2(O)[C@@H]3CCCN3C(=O)[C@H](CC3=CC=CC=C3)N2C1=O,CC(C)C1(NC(=O)C2C=C3c4cccc5[nH]cc(c45)CC3[NH+](C)C2)OC2(O)C3CCCN3C(=O)C(Cc3ccccc3)N2C1=O
mbcd0000087,True,COC1=CC=C(C=C1)C1=CC(=O)C2=C(OC)C=C(OC)C=C2O1,COc1ccc(c2cc(=O)c3c(OC)cc(OC)cc3o2)cc1
mbcd0014045,True,ClC1=CC=C2N(C3CCN(CCCN4C(=O)NC5=CC=CC=C45)CC3)C(=O)NC2=C1,O=c1[nH]c2ccccc2n1CCC[NH+]1CCC(n2c(=O)[nH]c3cc(Cl)ccc23)CC1
mbcd0000303,True,COC1=C(O)C=CC(C=CC(=O)CC(=O)C=CC2=CC(OC)=C(O)C=C2)=C1,COc1cc(C=CC(=O)CC(=O)C=Cc2ccc(O)c(OC)c2)ccc1O
mbcd0000416,True,CC(C)C(NC1=C(Cl)C=C(C=C1)C(F)(F)F)C(=O)OC(C#N)C1=CC(OC2=CC=CC=C2)=CC=C1,CC(C)C(Nc1ccc(C(F)(F)F)cc1Cl)C(=O)OC(C#N)c1cccc(Oc2ccccc2)c1
mbcd0001151,False,CC[C@]1(O)C[C@@H]2C[N@](C1)CCC1=C(NC3=CC=CC=C13)[C@@](C2)(C(=O)OC)C1=C(OC)C=C2N(C)[C@@H]3[C@]4(CCN5CC=C[C@](CC)([C@@H]45)[C@@H](OC(C)=O)[C@]3(O)C(=O)OC)C2=C1,CCC1(O)CC2C[NH+](CCc3c([nH]c4ccccc34)C(C(=O)OC)(c3cc4c(cc3OC)N(C)C3C(O)(C(=O)OC)C(OC(=O)C)C5(CC)C=CC[NH+]6CCC43C56)C2)C1
mbcd0001092,False,COC1=CC2=C(C=CN=C2C=C1)[C@@H](O)[C@@H]1C[C@@H]2CC[N@]1C[C@@H]2C=C,C=CC1C[NH+]2CCC1CC2C(O)c1ccnc2ccc(OC)cc12
mbcd0002383,True,CC(C)CN(C[C@@H](O)[C@H](CC1=CC=CC=C1)NC(=O)O[C@H]1CCOC1)S(=O)(=O)C1=CC=C(N)C=C1,CC(C)CN(CC(O)C(Cc1ccccc1)NC(=O)OC1CCOC1)S(=O)(=O)c1ccc(N)cc1
mbcd0000022,True,CCCCCCCCCC(=O)OCC(O)CO,CCCCCCCCCC(=O)OCC(O)CO
mbcd0000768,True,CC(=O)O[C@@H]1[C@H](OC(C)=O)[C@](C)(O)[C@@]23C[C@@H]([C@H](OC(=O)C4=CC=CC=C4)[C@H](OC(=O)C4=CC=CC=C4)[C@]2(C)[C@H]1OC(=O)C1=CC=CC=C1)C(C)(C)O3,CC(=O)OC1C(OC(=O)C)C(C)(O)C23CC(C(OC(=O)c4ccccc4)C(OC(=O)c4ccccc4)C2(C)C1OC(=O)c1ccccc1)C(C)(C)O3
mbcd0003121,True,CC1=C(CS(=O)C2=NC3=CC=CC=C3N2)N=CC=C1OCC(F)(F)F,Cc1c(OCC(F)(F)F)ccnc1CS(=O)c1nc2ccccc2[nH]1
mbcd0001532,False,CC(=O)O[C@@H]1C2=C(C)[C@H](C[C@@](O)([C@@H](OC(=O)C3=CC=CC=C3)[C@@H]3[C@@]4(CO[C@@H]4C[C@H](O)[C@@]3(C)C1=O)OC(C)=O)C2(C)C)OC(=O)[C@H](O)[C@@H](NC(=O)C1=CC=CC=C1)C1=CC=CC=C1,CC(=O)OC1C(=O)C2(C)C(O)CC3OCC3(OC(=O)C)C2C(OC(=O)c2ccccc2)C2(O)CC(OC(=O)C(O)C(NC(=O)c3ccccc3)c3ccccc3)C(=C1C2(C)C)C
mbcd0003083,False,NC12CC3CC(CC(C3)C1)C2,[NH3+]C12CC3CC(CC(C3)C1)C2
mbcd0003081,True,CN(C)CCC=C1C2=C(CCC3=C1C=CC=C3)C=CC=C2,C[NH+](C)CCC=C1c2ccccc2CCc2ccccc12
mbcd0000341,True,COP(=S)(OC)OC1=C(Cl)C=C(C=C1)[N+]([O-])=O,COP(=S)(OC)Oc1ccc([N+](=O)[O-])cc1Cl
mbcd0001369,True,ClC1=CC2=C(C=C1)C(=C1CCNCC1)C1=NC=CC=C1CC2,Clc1ccc2c(c1)CCc1cccnc1C2=C1CC[NH2+]CC1
mbcd0026732,True,COC1=C(OCCNCC(O)COC2=C3C(NC4=CC=CC=C34)=CC=C2)C=CC=C1,COc1ccccc1OCC[NH2+]CC(O)COc1cccc2[nH]c3ccccc3c12
mbcd0002959,False,C[C@@H]1C[C@H]2[C@@H]3CCC4=CC(=O)C=C[C@]4(C)[C@@]3(F)[C@@H](O)C[C@]2(C)[C@@]1(O)C(=O)CO,CC1CC2C3CCC4=CC(=O)C=CC4(C)C3(F)C(O)CC2(C)C1(O)C(=O)CO
mbcd0001277,True,CCC[C@H](N[C@@H](C)C(=O)N1[C@H]2CCCC[C@H]2C[C@H]1C(O)=O)C(=O)OCC,CCCC([NH2+]C(C)C(=O)N1C(C(=O)[O-])CC2CCCCC12)C(=O)OCC
mbcd0001287,False,OC(CCN1CCCCC1)(C1CC2CC1C=C2)C1=CC=CC=C1,OC(CC[NH+]1CCCCC1)(c1ccccc1)C1CC2C=CC1C2
mbcd0000312,True,C[C@H]1[C@H]2[C@H](CC3=CC=CC=C3)NC(=O)[C@]22OC(=O)OC=C[C@@](C)(O)C(=O)[C@@H](C)CC=C[C@H]2[C@@H]2O[C@]12C,CC1CC=CC2C3OC3(C)C(C)C3C(Cc4ccccc4)NC(=O)C23OC(=O)OC=CC(C)(O)C1=O
mbcd0017644,False,CCCCNC(=O)NS(=O)(=O)C1=CC=C(C)C=C1,CCCCNC(=O)NS(=O)(=O)c1ccc(C)cc1
mbcd0026093,True,CC(C)C1=C(C(=O)NC2=CC=CC=C2)C(=C(N1CC[C@@H](O)C[C@@H](O)CC(O)=O)C1=CC=C(F)C=C1)C1=CC=CC=C1,CC(C)c1c(C(=O)Nc2ccccc2)c(c2ccccc2)c(c2ccc(F)cc2)n1CCC(O)CC(O)CC(=O)[O-]
mbcd0003115,False,COC1=CC(CC2=C(N)N=C(N)N=C2)=CC(OC)=C1OC,COc1cc(Cc2cnc(N)nc2N)cc(OC)c1OC
mbcd0000030,True,CCCCCCC=C/CCCCCCCC(=O)OCC(O)CO,CCCCCCC=CCCCCCCCC(=O)OCC(O)CO
mbcd0027319,True,CCN(CC)CCNC(=O)C1=C(C)NC(C=C2/C(=O)NC3=C2C=C(F)C=C3)=C1C,CC[NH+](CC)CCNC(=O)c1c(C)[nH]c(C=C2C(=O)Nc3ccc(F)cc23)c1C
mbcd0022892,True,CN[C@H]1CC[C@@H](C2=CC=C(Cl)C(Cl)=C2)C2=C1C=CC=C2,C[NH2+]C1CCC(c2ccc(Cl)c(Cl)c2)c2ccccc12
mbcd0003962,False,CCOC1=NC2=CC=CC(C(O)=O)=C2N1CC1=CC=C(C=C1)C1=CC=CC=C1C1=NN=NN1,CCOc1nc2cccc(C(=O)[O-])c2n1Cc1ccc(c2ccccc2C2=[N-]N=NN2)cc1
mbcd0000661,False,OCC(O)CO.CCCCCCCCCCCCCCCC(O)=O,CCCCCCCCCCCCCCCC(=O)[O-]
mbcd0025599,True,C[C@@H](CO)NC(=O)[C@H]1CN(C)[C@@H]2CC3=CNC4=CC=CC(=C34)C2=C1,CC(CO)NC(=O)C1C=C2c3cccc4[nH]cc(c34)CC2[NH+](C)C1
mbcd0001172,False,CO[C@H]1C[C@@H](O[C@@H](C)[C@@H]1O)O[C@H]1[C@H](C)O[C@H](C[C@@H]1OC)O[C@H]1[C@@H](C)C=CC=C2/CO[C@@H]3[C@H](O)C(C)=C[C@@H](C(=O)O[C@H]4C[C@@H](CC=C1/C)O[C@@]1(CC[C@H](C)[C@@H](C(C)C)O1)C4)[C@]23O.CC[C@H](C)[C@H]1O[C@@]2(CC[C@@H]1C)O[C@@H]1CC=C(C)[C@@H](O[C@@H]3O[C@@H](C)[C@H](O[C@@H]4O[C@@H](C)[C@H](O)[C@@H](OC)C4)[C@@H](OC)C3)[C@@H](C)C=CC=C3/CO[C@@H]4[C@H](O)C(C)=C[C@@H](C(=O)O[C@@H](C1)C2)[C@]34O,CCC(C)C1OC2(CCC1C)CC1CC(CC=C(C)C(OC3CC(OC)C(OC4CC(OC)C(O)C(C)O4)C(C)O3)C(C)C=CC=C3COC4C(O)C(=CC(C(=O)O1)C34O)C)O2
mbcd0002667,False,COC1=C(OC)C(OC)=C2C(CC[C@H](NC(C)=O)C3=CC(=O)C(OC)=CC=C23)=C1,COc1cc2c(-c3ccc(OC)c(=O)cc3C(NC(=O)C)CC2)c(OC)c1OC
mbcd0002338,True,COC1=CC=C(C=C1)[C@@H]1SC2=C(C=CC=C2)N(CCN(C)C)C(=O)[C@@H]1OC(C)=O,COc1ccc(C2Sc3ccccc3N(CC[NH+](C)C)C(=O)C2OC(=O)C)cc1
mbcd0000843,True,COC1=C2OC3=CC=C(C[C@@H]4N(C)CCC5=CC(OC)=C(OC6=C7[C@H](CC(C=C1)=C2)N(C)CCC7=CC(OC)=C6OC)C=C45)C=C3,COc1ccc2cc1Oc1ccc(cc1)CC1c3cc(c(OC)cc3CC[NH+]1C)Oc1c(OC)c(OC)cc3c1C(C2)[NH+](C)CC3
mbcd0000463,False,CC(C)C[C@@H](NC(=O)[C@H](C)NC(=O)CNC(=O)[C@@H](NC=O)C(C)C)C(=O)N[C@@H](C)C(=O)N[C@H](C(C)C)C(=O)N[C@@H](C(C)C)C(=O)N[C@H](C(C)C)C(=O)N[C@@H](CC1=CNC2=CC=CC=C12)C(=O)N[C@H](CC(C)C)C(=O)N[C@@H](CC1=CC=CC=C1)C(=O)N[C@H](CC(C)C)C(=O)N[C@@H](CC1=CNC2=CC=CC=C12)C(=O)N[C@H](CC(C)C)C(=O)N[C@@H](CC1=CNC2=CC=CC=C12)C(=O)NCCO.CCC(C)[C@H](NC=O)C(=O)NCC(=O)N[C@@H](C)C(=O)N[C@H](CC(C)C)C(=O)N[C@@H](C)C(=O)N[C@H](C(C)C)C(=O)N[C@@H](C(C)C)C(=O)N[C@H](C(C)C)C(=O)N[C@@H](CC1=CNC2=CC=CC=C12)C(=O)N[C@H](CC(C)C)C(=O)N[C@@H](CC1=CC=CC=C1)C(=O)N[C@H](CC(C)C)C(=O)N[C@@H](CC1=CNC2=CC=CC=C12)C(=O)N[C@H](CC(C)C)C(=O)N[C@@H](CC1=CNC2=CC=CC=C12)C(=O)NCCO.CC(C)C[C@@H](NC(=O)[C@H](C)NC(=O)CNC(=O)[C@@H](NC=O)C(C)C)C(=O)N[C@@H](C)C(=O)N[C@H](C(C)C)C(=O)N[C@@H](C(C)C)C(=O)N[C@H](C(C)C)C(=O)N[C@@H](CC1=CNC2=CC=CC=C12)C(=O)N[C@H](CC(C)C)C(=O)N[C@@H](CC1=CC=C(O)C=C1)C(=O)N[C@H](CC(C)C)C(=O)N[C@@H](CC1=CNC2=CC=CC=C12)C(=O)N[C@H](CC(C)C)C(=O)N[C@@H](CC1=CNC2=CC=CC=C12)C(=O)NCCO.CCC(C)[C@H](NC=O)C(=O)NCC(=O)N[C@@H](C)C(=O)N[C@H](CC(C)C)C(=O)N[C@@H](C)C(=O)N[C@H](C(C)C)C(=O)N[C@@H](C(C)C)C(=O)N[C@H](C(C)C)C(=O)N[C@@H](CC1=CNC2=CC=CC=C12)C(=O)N[C@H](CC(C)C)C(=O)N[C@@H](CC1=CC=C(O)C=C1)C(=O)N[C@H](CC(C)C)C(=O)N[C@@H](CC1=CNC2=CC=CC=C12)C(=O)N[C@H](CC(C)C)C(=O)N[C@@H](CC1=CNC2=CC=CC=C12)C(=O)NCCO.CC(C)C[C@@H](NC(=O)[C@H](C)NC(=O)CNC(=O)[C@@H](NC=O)C(C)C)C(=O)N[C@@H](C)C(=O)N[C@H](C(C)C)C(=O)N[C@@H](C(C)C)C(=O)N[C@H](C(C)C)C(=O)N[C@@H](CC1=CNC2=CC=CC=C12)C(=O)N[C@H](CC(C)C)C(=O)N[C@@H](CC1=CNC2=CC=CC=C12)C(=O)N[C@H](CC(C)C)C(=O)N[C@@H](CC1=CNC2=CC=CC=C12)C(=O)N[C@H](CC(C)C)C(=O)N[C@@H](CC1=CNC2=CC=CC=C12)C(=O)NCCO.CCC(C)[C@H](NC=O)C(=O)NCC(=O)N[C@@H](C)C(=O)N[C@H](CC(C)C)C(=O)N[C@@H](C)C(=O)N[C@H](C(C)C)C(=O)N[C@@H](C(C)C)C(=O)N[C@H](C(C)C)C(=O)N[C@@H](CC1=CNC2=CC=CC=C12)C(=O)N[C@H](CC(C)C)C(=O)N[C@@H](CC1=CNC2=CC=CC=C12)C(=O)N[C@H](CC(C)C)C(=O)N[C@@H](CC1=CNC2=CC=CC=C12)C(=O)N[C@H](CC(C)C)C(=O)N[C@@H](CC1=CNC2=CC=CC=C12)C(=O)NCCO,CCC(C)C(NC=O)C(=O)NCC(=O)NC(C)C(=O)NC(CC(C)C)C(=O)NC(C)C(=O)NC(C(=O)NC(C(=O)NC(C(=O)NC(Cc1c[nH]c2ccccc12)C(=O)NC(CC(C)C)C(=O)NC(Cc1c[nH]c2ccccc12)C(=O)NC(CC(C)C)C(=O)NC(Cc1c[nH]c2ccccc12)C(=O)NC(CC(C)C)C(=O)NC(Cc1c[nH]c2ccccc12)C(=O)NCCO)C(C)C)C(C)C)C(C)C
mbcd0000190,True,COC1=CC(=CC(OC)=C1OC)C(=O)C(=O)N1CCCC[C@H]1C(=O)OC(CCCC1=CN=CC=C1)CCCC1=CN=CC=C1,COc1cc(C(=O)C(=O)N2CCCCC2C(=O)OC(CCCc2cccnc2)CCCc2cccnc2)cc(OC)c1OC
mbcd0000547,True,Cl.Cl.Cl.O[C@@H](COC1=CC=CC2=NC=CC=C12)CN1CCN(CC1)[C@@H]1C2=CC=CC=C2[C@@H]2[C@H](C3=CC=CC=C13)C2(F)F,OC(COc1cccc2ncccc12)C[NH+]1CC[NH+](C2c3ccccc3C3C(c4ccccc24)C3(F)F)CC1
mbcd0001194,True,CCC(C)(C)C(=O)O[C@H]1C[C@@H](C)C=C2C=C[C@H](C)[C@H](CC[C@@H]3C[C@@H](O)CC(=O)O3)[C@@H]12,CCC(C)(C)C(=O)OC1CC(C)C=C2C=CC(C)C(CCC3CC(O)CC(=O)O3)C12
mbcd0002822,True,COCCC1=CC=C(OCC(O)CNC(C)C)C=C1,COCCc1ccc(OCC(O)C[NH2+]C(C)C)cc1
mbcd0000089,False,C[C@]12CC[C@H]3[C@@H](C[C@@H](O)C4=CC(=O)CC[C@]34C)[C@@H]1CC[C@@H]2O,CC12CCC(=O)C=C1C(O)CC1C2CCC2(C)C(O)CCC12
mbcd0000726,True,COC1=CC=C2N=C3C=C(Cl)C=CC3=C(NC3=CC(CN4CCCC4)=C(O)C(CN4CCCC4)=C3)C2=N1,COc1ccc2nc3cc(Cl)ccc3c(Nc3cc(C[NH+]4CCCC4)c(O)c(C[NH+]4CCCC4)c3)c2n1
mbcd0001716,True,COC(=O)C1=C(NC(C)=C(C1C1=CC(=CC=C1)[N+]([O-])=O)C(=O)OC(C)C)C#N,COC(=O)C1=C(C#N)NC(=C(C(=O)OC(C)C)C1c1cccc([N+](=O)[O-])c1)C
mbcd0030521,True,CCCCCCC=C/CCCCCCCCCC1=C(C(O)=O)C(O)=CC=C1,CCCCCCC=CCCCCCCCCCc1cccc(O)c1C(=O)[O-]
mbcd0000593,True,OC(COC1=C2C=CC=NC2=CC=C1)CN1CCN(CC1)C1C2=C(CCC3=C1C=CC=C3)C=CC=C2,OC(COc1cccc2ncccc12)C[NH+]1CC[NH+](C2c3ccccc3CCc3ccccc23)CC1
mbcd0021323,True,COC1=CC=C(Cl)C=C1C(=O)NCCC1=CC=C(C=C1)S(=O)(=O)NC(NC#N)=NC1CCCCC1,COc1ccc(Cl)cc1C(=O)NCCc1ccc(S(=O)(=O)NC(=[NH+]C2CCCCC2)NC#N)cc1
mbcd0001372,False,CC(C)[C@H]1NC(=O)[C@@H](NC(=O)C2=C3N=C4C(OC3=C(C)C=C2)=C(C)C(=O)C(N)=C4C(=O)N[C@H]2[C@@H](C)OC(=O)[C@H](C(C)C)N(C)C(=O)CN(C)C(=O)[C@@H]3CCCN3C(=O)[C@H](NC2=O)C(C)C)[C@@H](C)OC(=O)[C@H](C(C)C)N(C)C(=O)CN(C)C(=O)[C@@H]2CCCN2C1=O,Cc1c2-c(nc3c(o2)c(C)ccc3C(=O)NC2C(=O)NC(C(C)C)C(=O)N3CCCC3C(=O)N(C)CC(=O)N(C)C(C(C)C)C(=O)OC2C)c(C(=O)NC2C(=O)NC(C(C)C)C(=O)N3CCCC3C(=O)N(C)CC(=O)N(C)C(C(C)C)C(=O)OC2C)c(N)c1=O
mbcd0002191,False,CCC(C)N1N=CN(C1=O)C1=CC=C(C=C1)N1CCN(CC1)C1=CC=C(OCC2COC(CN3C=NC=N3)(O2)C2=C(Cl)C=C(Cl)C=C2)C=C1,CCC(C)n1ncn(c2ccc(N3CCN(c4ccc(OCC5COC(Cn6cncn6)(c6ccc(Cl)cc6Cl)O5)cc4)CC3)cc2)c1=O
mbcd0002507,True,CC(C)NCC(O)COC1=CC=C(CCNC(=O)NC(C)C)C=C1,CC(C)[NH2+]CC(O)COc1ccc(CCNC(=O)NC(C)C)cc1
mbcd0001056,True,CNC(=O)C1=NC=CC(OC2=CC=C(NC(=O)NC3=CC(=C(Cl)C=C3)C(F)(F)F)C=C2)=C1,CNC(=O)c1cc(Oc2ccc(NC(=O)Nc3ccc(Cl)c(C(F)(F)F)c3)cc2)ccn1
mbcd0025573,False,OC1=CC=C(C=C1)[N+]([O-])=O,O=[N+]([O-])c1ccc(O)cc1
mbcd0003773,True,CON=C(/C(=O)N[C@H]1[C@H]2SCC(CSC3=NC(=O)C(=O)NN3C)=C(N2C1=O)C(O)=O)C1=CSC(N)=N1,CON=C(C(=O)NC1C(=O)N2C(=C(CSc3nc(=O)c(=O)[nH]n3C)CSC12)C(=O)[O-])c1csc(N)n1
mbcd0001568,False,CCOC(=O)[C@H](CCC1=CC=CC=C1)N[C@H]1CCCN2CCC[C@H](N2C1=O)C(O)=O,CCOC(=O)C(CCc1ccccc1)[NH2+]C1CCCN2CCCC(C(=O)[O-])N2C1=O
mbcd0026101,True,CCN1N=NN(CCN2CCC(COC)(CC2)N(C(=O)CC)C2=CC=CC=C2)C1=O,CCC(=O)N(c1ccccc1)C1(COC)CC[NH+](CCn2nnn(CC)c2=O)CC1
mbcd0000723,False,COC1=CC=C(C[C@H](N)C(=O)N[C@@H]2[C@@H](CO)O[C@H]([C@@H]2O)N2C=NC3=C(N=CN=C23)N(C)C)C=C1,COc1ccc(CC([NH3+])C(=O)NC2C(CO)OC(n3cnc4c(N(C)C)ncnc34)C2O)cc1
mbcd0028157,False,CC[C@H]1OC(=O)[C@H](C)[C@@H](O[C@H]2C[C@@](C)(OC)[C@@H](O)[C@H](C)O2)[C@H](C)[C@@H](O[C@@H]2O[C@H](C)C[C@@H]([C@H]2O)N(C)C)[C@](C)(O)C[C@@H](C)CN(C)[C@H](C)[C@@H](O)[C@]1(C)O,CCC1OC(=O)C(C)C(OC2CC(C)(OC)C(O)C(C)O2)C(C)C(OC2OC(C)CC([NH+](C)C)C2O)C(C)(O)CC(C)C[NH+](C)C(C)C(O)C1(C)O
mbcd0002988,False,O=C1C(CCS(=O)C2=CC=CC=C2)C(=O)N(N1C1=CC=CC=C1)C1=CC=CC=C1,O=C1C(CCS(=O)c2ccccc2)C(=O)N(c2ccccc2)N1c1ccccc1
mbcd0028580,True,CCOC(=O)C1=C(COCCN)NC(C)=C(C1C1=C(Cl)C=CC=C1)C(=O)OC,CCOC(=O)C1=C(COCC[NH3+])NC(=C(C(=O)OC)C1c1ccccc1Cl)C
mbcd0000127,True,CC(CC(OC(C)=O)C1OC1(C)C)C1=C2C[C@H](O)C3[C@@]4(C)CCC(=O)C(C)(C)C4CC[C@]3(C)[C@@]2(C)CC1,CC(=O)OC(CC(C)C1=C2CC(O)C3C4(C)CCC(=O)C(C)(C)C4CCC3(C)C2(C)CC1)C1OC1(C)C
mbcd0000086,True,COC1=CC(OC)=C2C(=O)C=C(OC2=C1)C1=CC(OC)=C(OC)C(OC)=C1,COc1cc(OC)c2c(=O)cc(c3cc(OC)c(OC)c(OC)c3)oc2c1
