smiles,label
CC#CC1(O)CCC2C3CCC4=CC(=O)CCC4=C3C(c3ccc(N(C)C)cc3)CC12C,False
Cc1cc(=O)n(c2ccccc2)n1C,False
CC(CN1c2ccccc2Sc2ccccc12)[NH+](C)C,False
C[NH2+]CCC(Oc1ccc(C(F)(F)F)cc1)c1ccccc1,False
Nc1nnc(c2cccc(Cl)c2Cl)c(N)n1,True
COc1cc2cc(C(=O)N3CC(CCl)c4ccc(NCC[NH3+])cc34)[nH]c2c(OC)c1OC,False
c1cc2c3c(c1)c1cc4c(cc1c[n+]3CC2)OCO4,True
COc1cc(C(=O)NC2CCc3cc(OC)c(OC)c(OC)c3-c3ccc(OC)c(=O)cc23)cc(OC)c1OC,True
CC(O)C1C(=O)N2C(=C(SC3C[NH2+]C(C(=O)Nc4cccc(C(=O)[O-])c4)C3)C(C)C12)C(=O)[O-],False
C[NH+](C)CCC=C1c2ccccc2Sc2ccc(Cl)cc12,False
Cc1nccn1CC1CCc2c(c3ccccc3n2C)C1=O,True
CCCCCCCCCCSCC(CO)NC(=O)C=Cc1c(C)[nH]c(=O)[nH]c1=O,True
CC(O)(CS(=O)(=O)c1ccc(F)cc1)C(=O)Nc1ccc(C#N)c(C(F)(F)F)c1,True
C[n+]1c(C=CC=C2N(Cc3ccc(CCl)cc3)c3cc(Cl)c(Cl)cc3N2Cc2ccc(CCl)cc2)oc2ccccc12,True
CC(=CCc1cc(C(=O)C=Cc2ccc(O)c(O)c2)c(O)cc1O)C,False
CC(O)(C=CC1CC=CC(=O)O1)C(CC(O)C=CC=CC=CCO)OP(=O)([O-])[O-],False
C[NH+](C)CCC=C1c2ccccc2COc2ccccc12,False
COc1cc(CNc2ccc(SC)cc2)cc(OC)c1OC,False
COC(=O)C1C2CC3c4[nH]c5cc(OC)ccc5c4CC[NH+]3CC2CC(OC(=O)c2cc(OC)c(OC)c(OC)c2)C1OC,True
C=CCOc1ccccc1OCC(O)C[NH2+]C(C)C,False
COP(=S)(OC)SCN1C(=O)c2ccccc2C1=O,False
C=CC1(C)CC(O)C2C(=C)C(=O)OC2C1C(=C)C=O,False
Clc1ccc(C2CN3CC[NH+]=C3c3ccccc23)cc1,True
O=C(NC(C=CS(=O)(=O)c1ccccc1)CCc1ccccc1)C(Cc1ccccc1)NC(=O)N1CCOCC1,True
CC(=O)OC1CCC2(C)C(=CCC3C4Cc5cnn(c6ccc(F)cc6)c5NC4(C)CCC23)C1,False
C[NH2+]CCCN1c2ccccc2CCc2ccccc12,False
COC(=O)C1=C(C)NC(=C(C(=O)OCC[NH+](C)Cc2ccccc2)C1c1cccc([N+](=O)[O-])c1)C,False
CC(C)(C)[NH2+]CC(O)COc1cccc2c1CC(O)C(O)C2,True
CC(CS)C(=O)N1CCCC1C(=O)[O-],False
COc1cc2c(cc1OC)C[NH+](CCCC1=CCCc3c(OC)cccc13)CC2,True
CCC1C[NH+]2CCc3cc(OC)c(OC)cc3C2CC1CC1c2cc(OC)c(OC)cc2CCN1C(=O)C(Cc1c[nH]c2ccccc12)NC(=O)OC(C)(C)C,False
CC(C)(C)c1ccc(C(O)CCC[NH+]2CCC(C(O)(c3ccccc3)c3ccccc3)CC2)cc1,True
[NH2+]=C(N)NN=Cc1c(Cl)cccc1Cl,False
CCOC(=O)C1C(=NC(=C(C(=O)OCCNC(=O)CCc2ccc(O)c(I)c2)C1c1ccccc1C(F)(F)F)C)C,True
C[NH+](C)CCCCN1CCc2c(n(C)c3ccccc23)C1=O,False
C#Cc1cccc(n2c(O)ccc2O)c1,False
CCCCCC(O)C=CC1C=CC(=O)C1CC=CCCCC(=O)[O-],True
CC(C)[NH+]1CCC(N(C(=O)Cc2ccccc2)c2ccc(Cl)cc2)CC1,False
CC(=O)C1(O)Cc2c(O)c3c(c(O)c2C(OC2CC([NH3+])C(O)C(C)O2)C1)C(=O)c1c(OCc2ccccc2)cccc1C3=O,False
CC(Nc1cc(c2c(c3cccc(C(F)(F)F)c3)nc(C3CC[NH2+]CC3)n2C)ccn1)c1ccccc1,True
CC(=O)c1sc2c(c1OC(=O)c1ccc(Cl)cc1Cl)c(=O)n(c1ccccc1)c(=S)n2c1ccccc1,False
O=[N+]([O-])C(F)(C[NH+](COC[NH+](CC(F)([N+](=O)[O-])[N+](=O)[O-])CC(F)([N+](=O)[O-])[N+](=O)[O-])CC(F)([N+](=O)[O-])[N+](=O)[O-])[N+](=O)[O-],False
C[NH+](C)CCn1c(=O)c2ccc(NCC[NH2+]CCO)c3c(=O)c4cc(O)ccc4n(c1=O)c23,True
CCC1(O)C(=O)OCc2c1cc1-c3c(Cn1c2=O)cc1ccccc1n3,False
CC(=O)CC(c1ccccc1)c1c(O)c2ccccc2oc1=O,False
COC1CC(OC2C(O)CC(OC3C(O)CC(OC4CCC5(C)C(CCC6C5CC(O)C5(C)C(C7=CC(=O)OC7)CCC65O)C4)OC3C)OC2C)OC(C)C1O,True
CCC(=O)C(CC(C)[NH+](C)C)(c1ccccc1)c1ccccc1,False
CCc1cccc2cc(C(O)C[NH2+]C(C)(C)C)oc12,False
CC[NH+](CC)CCOc1ccc(C(=C(Cl)c2ccccc2)c2ccccc2)cc1,True
C[NH+](C)CC1CCCC1=O,False
C#CC1(O)CCC2C3CCC4=CC(=O)CCC4C3CCC12C,False
CON=C1CC2(CC3CC(CC=C(C)CC(C)C=CC=C4COC5C(O)C(=CC(C(=O)O3)C45O)C)O2)OC(C(=CC(C)C)C)C1C,True
COC(=O)Nc1nc2ccc(C(=O)c3ccccc3)cc2[nH]1,False
CC(CCc1ccccc1)[NH2+]CC(O)c1ccc(O)c(C(=O)N)c1,True
CC[NH+](CCCl)CCNc1c2ccccc2nc2ccc(OC)cc12,False
COc1cccc2c1C(=O)c1c(O)c3c(c(O)c1C2=O)CC(O)(C(=O)CO)CC3OC1CC(O)C(O)C(C)O1,True
CC(=O)OCC1OC(n2c3c(cc(C#N)c2=S)CCCCCC3)C(OC(=O)C)C(OC(=O)C)C1OC(=O)C,False
COC1C(OC(=O)C)CC(=O)OC(C)CC=CC=CC(O)C(C)CC(CC=O)C1OC1OC(C)C(OC2CC(C)(O)C(OC(=O)CC(C)C)C(C)O2)C([NH+](C)C)C1O,False
COc1ccccc1COc1ccccc1CCc1ccccc1,False
COc1cccc2c1C(=O)c1c(O)c3c(c(O)c1C2=O)CC(O)(C(=O)CO)CC3OC1CC([NH3+])C(O)C(C)O1,True
CC12C=CC(=O)C=C1CCC1C2C(=O)CC2(C)C1CCC2(O)C(=O)CO,True
C[NH+]1CC2CC1CN2c1cc2c(cc1F)c(=O)c(C(=O)[O-])cn2C1CC1,True
CN(C)c1ccc(C=c2c3ccccc3n3c2cc(c2ccc(Cl)cc2)[n+]3C)cc1,True
NC(=O)Nc1ccccc1C(=O)c1ccccc1,False
CCCCCCCCCC=C1CCC(C[NH+]2CCOCC2)C1=O,False
CC(C)[NH2+]CC(O)COc1cccc2ccccc12,False
c1cc(Cn2cnc3ccccc23)cc(C2=NNN=[N-]2)c1,False
CCc1c2c(-c3cc4c(c(=O)n3C2)COC(=O)C4(O)CC)nc2ccc(OC(=O)N3CCC([NH+]4CCCCC4)CC3)cc12,True
COC(=O)C=C(C)[O-]P(=O)(OC)OC,False
CC(CCC(=O)NCCC[N+](C)(C)CCCS(=O)(=O)[O-])C1CCC2C3C(O)CC4CC(O)CCC4(C)C3CC(O)C12C,False
O=C([O-])c1cc(N=Nc2ccc(S(=O)(=O)Nc3ccccn3)cc2)ccc1O,False
COc1ccc(C[NH2+]CC[NH+](CC=C(C)CCC=C(C)CCC=C(C)CCC=C(C)CCC=C(C)CCC=C(C)CCC=C(C)CCC=C(C)CCC=C(C)C)Cc2ccc(OC)c(OC)c2)cc1OC,True
COc1cc(C2c3cc4c(cc3C(O)C3COC(=O)C23)OCO4)cc(OC)c1OC,False
Clc1cccc(Cl)c1NC1=[NH+]CCN1,False
Fc1ccc(C2CC[NH2+]CC2COc2ccc3c(c2)OCO3)cc1,False
COc1ccc2c(c1)C(CCC[NH+]1CCc3cc(OC)c(OC)cc3C1)CCC2,True
CC(C)Nc1cccnc1N1CCN(C(=O)c2cc3cc(NS(=O)(=O)C)ccc3[nH]2)CC1,True
O=C1CC2(CCCC2)CC(=O)N1CCCC[NH+]1CCN(c2ncccn2)CC1,False
C=CC(=O)N1CC(=Cc2ccc(Cl)cc2)C(=O)C(=Cc2ccc(Cl)cc2)C1,False
Nc1cccc2c1CN(C1CCC(=O)NC1=O)C2=O,True
C[NH+]1CC[NH+](CC(=O)N2c3ccccc3C(=O)Nc3cccnc23)CC1,True
Cc1c2ccc3ccccc3c2c[n+]2ccccc12,True
CC(C)(C)NC(=O)C1C[NH+](Cc2cc3ccccc3o2)CC[NH+]1CC(O)CC(Cc1ccccc1)C(=O)NC1c2ccccc2CC1O,True
COc1ccc2c(c1)CCC=C2CCC[NH+]1CCc2cc(OC)c(OC)cc2C1,True
CC(OC1OCC[NH+](Cc2nc(=O)[nH][nH]2)C1c1ccc(F)cc1)c1cc(C(F)(F)F)cc(C(F)(F)F)c1,True
CCNc1nc(Cl)nc(NC(C)C)n1,False
COC(=O)C([NH3+])CS,False
CCn1nc(Cc2ccccc2)cc1C1CC[NH+](CC2CC([NH+](C)C(C(=O)[O-])C(C)C)CC2c2cccc(F)c2)CC1,True
CC(C)COCC(CN(Cc1ccccc1)c1ccccc1)[NH+]1CCCC1,True
CC(C)CC(NC(=O)C(Cc1ccccc1)NC(=O)c1cnccn1)B(O)O,True
COc1cc2c(-c3ccc(SC)c(=O)cc3C(NC(=O)C)CC2)c(OC(=O)C)c1OC(=O)C,True
COC12CCC3(CC1C(C)(O)C(C)(C)C)C1Cc4ccc(O)c5c4C3(CC[NH2+]1)C2O5,True
CC(=CC=CC=C(C)C=CC=C(C)C(=O)OC1OC(COC2OC(CO)C(O)C(O)C2O)C(O)C(O)C1O)C=CC=C(C)C(=O)OC1CC(COC2OC(CO)C(O)C(O)C2O)C(O)C(O)C1O,True
CN1C(=O)C(NC(=O)c2cc3ccccc3[nH]2)N=C(c2ccccc2)c2ccccc12,False
O=c1cc(c2ccccc2)oc2ccccc12,False
[NH3+]C(Cc1ccc(O)c(O)c1)C(=O)[O-],False
COc1cc2c3c(-c4cc5c(cc4C3=O)OCO5)n(C)c(=O)c2cc1OC,False
O=C(C=Cc1ccc(O)cc1)CC(=O)C=Cc1ccc(O)cc1,False
C[N+]1(C)CC(=CC=Cc2ccccc2)C(=O)C(=CC=Cc2ccccc2)C1,True
COc1cc(C=Cc2ccc(C)cc2)cc(OC)c1OC,False
N#Cc1c2-c3c(CCc2c(c2cccs2)n(C2OC(CO)C(O)C(O)C2O)c1=S)cccc3,False
CC12CCC(=O)C=C1C(O)CC1C2C(O)CC2(C)C1CCC2(O)C(=O)CO,True
COc1cc2c(Nc3ccc(Br)cc3F)ncnc2cc1OCC1CC[NH+](C)CC1,False
Cc1cc(C#N)cc(C)c1Oc1nc(Nc2ccc(C#N)cc2)nc(N)c1Br,False
O=C(c1ccc(OCC[NH+]2CCCCC2)cc1)c1c(c2ccc(O)cc2)sc2cc(O)ccc12,True
CCC(CO)Nc1nc(NCc2ccccc2)c2ncn(C(C)C)c2n1,True
O=C1Nc2ccc(Cl)cc2C(C#CC2CC2)(C(F)(F)F)O1,False
CC(=O)OC1CC(C)(C)C(=C=CC(=CC=CC(=CC=CC=C(C)C=CC=C(C)C(=O)CC23OC2(C)CC(O)CC3(C)C)C)C)C(C)(O)C1,True
CN(C)C(=O)C(CC[NH+]1CCC(O)(c2ccc(Cl)cc2)CC1)(c1ccccc1)c1ccccc1,True
CCCCCCCCCCCCCCCCCC[NH+](C)CC(COP(=O)([O-])OCC[N+](C)(C)C)OC,False
CCC(C(=O)N)N1CCCC1=O,False
CC[NH+](CC)CC(=O)Nc1c(C)cccc1C,False
CC(=O)OCOC(=O)C[NH+](CC(=O)OCOC(=O)C)Cc1cc2c(cc1OC(=O)C)Oc1cc(OC(=O)C)c(C[NH+](CC(=O)OCOC(=O)C)CC(=O)OCOC(=O)C)cc1C12OC(=O)c2ccccc12,True
CCCCC(C)C(OC(=O)CC(CC(=O)[O-])C(=O)[O-])C(CC(C)CC(O)CCCCC(O)CC(O)C(C)[NH3+])OC(=O)CC(CC(=O)[O-])C(=O)[O-],False
O=P1(N(CCCl)CCCl)NCCCO1,False
C[NH2+]CCC=C1c2ccccc2CCc2ccccc12,False
[NH2+]=C(N)NC(=O)Cc1c(Cl)cccc1Cl,False
C#CC1(O)CCC2C3CCc4cc(O)ccc4C3CCC12C,True
O=C(NCC[NH+]1CCN(c2cccc3c2OCC(CO)O3)CC1)c1ccc(F)cc1,True
CCCCCCCCCC=CCCC=CC(O)C([NH3+])CO,True
CC(C)C(=O)OCC(=O)C12OC(C3CCCCC3)OC1CC1C3CCC4=CC(=O)C=CC4(C)C3C(O)CC21C,True
C[NH+]1CC2c3ccccc3Oc3ccc(Cl)cc3C2C1,True
COc1ccc(CC[NH+]2CCC(Nc3nc4ccccc4n3Cc3ccc(F)cc3)CC2)cc1,True
c1ccc2c(c1)cc1ccc3cccc4ccc2c1c34,False
CC(=CC(=O)OC1C2C(=CC(O)C(=O)C2(C)C2C3(O)OCC42C(CC(=O)OC14)C(C)C3O)C)C,True
C[NH+]1CC(CNC(=O)OCc2ccccc2)CC2c3cccc4c3c(cn4C)CC12,False
C[NH+](C)CCC(c1ccccc1)c1ccccn1,False
C[NH2+]CCC(Oc1ccccc1C)c1ccccc1,True
C=CC1CC1(NC(=O)C1CC(Oc2cc(c3ccccc3)nc3cc(OC)ccc23)CN1C(=O)C(NC(=O)OC(C)(C)C)C(C)(C)C)C(=O)[O-],True
C(=NNC1=[NH+]CCN1)c1c2ccccc2c(C=NNC2=[NH+]CCN2)c2ccccc12,True
CS(=O)(=O)N1CC[NH+](C2C[NH+](CCC3(c4ccc(Cl)c(Cl)c4)CCC(=O)N(CC4CC4)C3)C2)CC1,True
COc1ccc(C2C(=C(c3ccccc3)N(C3OC(COC(=O)C)C(OC(=O)C)C(OC(=O)C)C3OC(=O)C)C(=S)C2C#N)C(=O)C)cc1,False
FC(F)(F)c1ccc(N2CC[NH2+]CC2)nc1Cl,True
COc1ccc(CC[NH+](C)CCCC(C#N)(c2cc(OC)c(OC)c(OC)c2)C(C)C)cc1OC,True
CCC(=C(c1ccc(OCC[NH+](C)C)cc1)c1cccc(O)c1)c1ccccc1,True
O=C1CN=C(c2ccccc2)c2cc([N+](=O)[O-])ccc2N1,False
C[NH+](C)CCNC(=O)c1ccc2c3c(-c4ccccc4Nc13)nn2CC[NH+](C)C,True
S=C1C(=[NH+]c2ccccc2)N(c2ccccc2)C(=[N+]=c2ccccn2Cc2ccccc2)N1c1ccccc1,False
COc1ccnc(CS(=O)c2nc3cc(OC(F)F)ccc3[nH]2)c1OC,True
Nc1nc2c(ncn2COCCO)c(=O)[nH]1,False
CCCCCC(=O)NC(c1ccccc1)C(O)C(=O)OC1CC2(O)C(OC(=O)c3ccccc3)C3C4(OC(=O)C)COC4CC(OC4OCC(O)C(O)C4O)C3(C)C(=O)C(O)C(=C1C)C2(C)C,True
CC1(C)CCC(=C(C[NH+]2CCN(c3ccc(C(=O)NS(=O)(=O)c4ccc(NC(CC[NH+]5CCOCC5)CSc5ccccc5)c(S(=O)(=O)C(F)(F)F)c4)cc3)CC2)C1)c1ccc(Cl)cc1,True
C=C1C(C)C2C(Cc3ccccc3)NC(=O)C32C(OC(=O)C)C=CC(C)(O)C(=O)C(C)CC=CC3C1O,False
CC(=O)OCC1OC(n2c(C)c(C(=O)C)c(c3ccco3)c(C#N)c2=S)C(OC(=O)C)C(OC(=O)C)C1OC(=O)C,False
COc1cc(OC)cc(c2cc(=O)c3cc4c(cc3[nH]2)OCO4)c1,False
O=C1C(CCC(O)c2ccc(F)cc2)C(c2ccc(O)cc2)N1c1ccc(F)cc1,True
C[NH+](C)CCOC(C)(c1ccccc1)c1ccccn1,False
C[NH+](C)CCC(CSc1ccccc1)Nc1ccc(S(=O)(=O)NC(=O)c2ccc(N3CC[NH+](Cc4ccccc4c4ccc(Cl)cc4)CC3)cc2)cc1[N+](=O)[O-],True
CCOC(=O)c1ncn2-c3c(C(=O)N(Cc12)C)cc(F)cc3,False
CC(=O)CCCC(C)C1OC(C2(C)CCC(=O)O2)CC2C(CSc3ccccc3)C(=O)OC12,False
CNC(=C[N+](=O)[O-])NCCSCc1ccc(C[NH+](C)C)o1,False
Cc1ccc(C(=CC[NH+]2CCCC2)c2cccc(C=CC(=O)N3CCCC3)n2)cc1,True
Cn1cc(C(=O)C2CCc3nc[nH]c3C2)c2ccccc12,True
O=C(C=Cc1ccc(O)c(O)c1)c1ccc(O)cc1O,False
COc1ccc2cc3-c4c(CC[n+]3cc2c1OC)cc1c(c4)OCO1,True
CSCCC(C(=O)N)N(C)C(=O)C(Cc1ccccc1)NC(=O)CNC(=O)C(C)NC(=O)C([NH3+])Cc1ccc(O)cc1,True
CC(C)CC1C(=O)N2CCCC2C2(O)OC(NC(=O)C3C=C4c5cccc6[nH]c(Br)c(c56)CC4[NH+](C)C3)(C(C)C)C(=O)N12,False
C=C1C(C)C2C(Cc3ccccc3)NC(=O)C32OC(=O)CCC(O)CCCC(C)CC=CC3C1O,True
COc1cc(C2c3cc4c(cc3C([NH+](C)C)C3COC(=O)C23)OCO4)cc(OC)c1OC,False
COc1cc2nc(N3CCN(C(=O)c4ccc(N=[N+]=[N-])c(I)c4)CC3)nc(N)c2cc1OC,True
N#Cc1cc2c(n(C3OC(CO)C(O)C(O)C3O)c1=S)CCCCCC2,False
O=c1c(Cc2ccccc2)nc2-n1cc([nH]c2Cc1ccccc1)c1ccc(O)cc1,True
CC1CN(c2c(F)c(N)c3c(=O)c(C(=O)[O-])cn(C4CC4)c3c2F)CC(C)[NH2+]1,True
COC(=O)C12OCC34C(CC5C(C)C(=O)C(=O)CC5(C)C3C(O)C1O)OC(=O)C(OC(=O)C=C(C)C(C)C)C24,True
CC(C)c1oc(=O)cc2c1C(O)C1OC(=O)C3(C)C(O)C4OC4C2(C)C13,True
COc1cc2nc(N3CCN(C(=O)c4ccco4)CC3)nc(N)c2cc1OC,True
C[NH+]1CCN(C2=[NH+]c3cc(Cl)ccc3Nc3ccccc23)CC1,False
CC(=O)Nc1cc2c3c(cccc3c1)C(=O)N(CC[NH+](C)C)C2=O,False
CCOc1cc2c(cc1O)CCC1C2CCC2(C)C([NH3+])CCC12,False
Cc1ccc(C(=CC[NH+]2CCCC2)c2cccc(C=CC(=O)OC(C)C)n2)cc1,False
ClC1C(Cl)C(Cl)C(Cl)C(Cl)C1Cl,False
Cc1nc(N)ccc1CNC(=O)Cn1c(C)cnc(NCCc2ccccc2)c1=O,True
CCCCCCCCCCS(=O)CC(CO)NC(=O)C=Cc1c(C)[nH]c(=O)[nH]c1=O,True
COC1C(O)CC(OC2C(O)CC(OC3C(O)CC(OC4CCC5(C)C(CCC6C5CC(O)C5(C)C(C7=CC(=O)OC7)CCC65O)C4)OC3C)OC2C)OC1C,True
COC1CC(OC2C(C)OC(OC3C(=CCC4CC(CC5(C=CC(C)C(C6CCCCC6)O5)O4)OC(=O)C4C=C(C)C(O)C5OCC(=CC=CC3C)C45O)C)CC2OC)OC(C)C1O,True
CC(=O)OC1C(=O)C2(C)C(OC(=O)CCC(=O)[O-])CC3OCC3(OC(=O)C)C2C(OC(=O)c2ccccc2)C2(O)CC(OC(=O)C(OC(=O)CCC(=O)[O-])C(NC(=O)c3ccccc3)c3ccccc3)C(=C1C2(C)C)C,True
O=c1[nH]c(=O)n(C2OC(CO)C(O)C2O)cc1F,False
COc1ccc2c(=O)c(c3cc(OC)c(OC)cc3OC)coc2c1,False
S=C=NCCc1ccccc1,False
Nc1nc(N)nc(N)n1,False
CC(=O)OCOC(=O)CCc1cc2c(cc1OCOC(=O)C)Oc1cc(OCOC(=O)C)c(CCC(=O)OCOC(=O)C)cc1C12OC(=O)c2cc(C(=O)OCOC(=O)C)ccc12,False
CC(NC(=O)C([NH3+])Cc1ccc(O)cc1)C(=O)NCC(=O)N(C)C(Cc1ccccc1)C(=O)NCCO,True
CC(C)(C)NC(=O)C1C[NH+](Cc2cccnc2)CC[NH+]1CC(O)CC(Cc1ccccc1)C(=O)NC1c2ccccc2CC1O,True
CC1(C)SC2C(NC(=O)C([NH3+])c3ccc(O)cc3)C(=O)N2C1C(=O)[O-],True
OC(c1cc(C(F)(F)F)nc2c(C(F)(F)F)cccc12)C1CCCC[NH2+]1,True
CC1(C)SSC(C)(C)C(NC(=O)C([NH3+])Cc2ccc(O)cc2)C(=O)NCC(=O)NC(Cc2ccccc2)C(=O)NC1C(=O)[O-],True
COc1ccc(CC(C=O)NC(=O)C(NC(=O)C(Cc2ccc(OC)cc2)NC(=O)Cc2cccc3ccccc23)C(C)C)cc1,True
COC1C=COC2(C)Oc3c(C)c(O)c4c(O)c(c(C=NN5CC[NH+](C)CC5)c(O)c4c3C2=O)NC(=O)C(=CC=CC(C)C(O)C(C)C(O)C(C)C(OC(=O)C)C1C)C,True
CCOC(=O)C1C(=NC(=C(C(=O)OCCNC(=O)c2ccc(N=[N+]=[N-])cc2)C1c1ccccc1C(F)(F)F)C)C,True
CC(C)(C)[NH2+]CC(O)COc1ccccc1C#N,True
CCC(C)(C)C(=O)OC1CC(C)C=C2C=CC(C)C(CCC(O)CC(O)CC(=O)[O-])C12,True
Clc1ccc(C(c2ccccc2Cl)C(Cl)Cl)cc1,False
COc1ccc2c3c([nH]c2c1)C1CC2C(CC(O)C(OC)C2C(=O)[O-])C[NH+]1CC3,False
COc1cc(C(C#N)(CCC[NH+](C)CCc2cccc(N=[N+]=[N-])c2)C(C)C)cc(OC)c1OC,True
CC1C=CC=CC=CC=CC=CCCC=CC(OC2OC(C)C(O)C([NH3+])C2O)CC2OC(O)(CC(O)CC(O)C(O)CCC(O)CC(O)CC(=O)OC(C)C(C)C1C)CC(O)C2C(=O)[O-],True
COCOc1ccc2c(c1)C1OC(=O)OC31CCC(=C(CO2)C3(C)C)C,True
COc1ccc(C=Cc2cc(OC)c(OC)c(OC)c2)cc1OCC(=O)[O-],False
COc1cc2c(cc1OC)C[NH+](CCCC1CCCc3cc(OC)c(OC)cc13)CC2,True
COc1ccc(Cc2c(c3ccc(C)cc3)n[nH]c(=O)c2c2c(c3ccccc3)[nH]n(c3ccccc3)c2=O)cc1,False
ClC1(Cl)C2(Cl)C3(Cl)C4(Cl)C(Cl)(Cl)C5(Cl)C3(Cl)C1(Cl)C5(Cl)C24Cl,False
Cc1cc2c(c3c1c1ccccc1n3C)C(=O)C=CC2=O,False
CC1CC(C)C(=O)C(C(O)CC2CC(=O)NC(=O)C2)C1,False
C=CC1CC1(NC(=O)C1CC(Oc2cc(c3ccccc3)nc3cc(OC)ccc23)CN1C(=O)C(NC(=O)OC(C)(C)C)C(C)(C)C)C(=O)NC#N,True
CNC(=C[N+](=O)[O-])NCCSCc1csc(C[NH+](C)C)n1,True
COc1ccc(Cc2cc(OC)c(OC)c(OC)c2)cc1O,False
C[NH2+]C1(c2ccccc2Cl)CCCCC1=O,False
Clc1ccccc1C(c1ccccc1)(c1ccccc1)n1ccnc1,False
CC(=O)N1CCN(c2ccc(OCC3COC(Cn4ccnc4)(c4ccc(Cl)cc4Cl)O3)cc2)CC1,False
CCC1C[NH+]2CCc3cc(OC)c(OC)cc3C2CC1CC1[NH2+]CCc2cc(OC)c(OC)cc12,True
COc1cc(C#CC(=O)OC2CCC([NH+](C)C3CCC(OC(=O)c4cc(OC)c(OC)c(OC)c4)CC3)CC2)cc(OC)c1OC,True
CCCS(=O)(=O)Nc1ccc(F)c(C(=O)c2c[nH]c3ncc(c4ccc(Cl)cc4)cc23)c1F,True
Cc1ccc(NC(=O)c2ccc(C[NH+]3CC[NH+](C)CC3)cc2)cc1Nc1nccc(c2cccnc2)n1,True
COc1cccc2c1C(=O)c1c(O)c3c(c(O)c1C2=O)CC(O)(C(=O)C)CC3OC1CC(n2cc(CCCCO)nn2)C(O)C(C)O1,False
CCOC(=O)CNC(=O)N(CC)C12CC3CC(CC(C3)C1)C2,False
CC1C(c2ccc3c(c2)OCO3)c2cc3c(cc2OC1[NH+]1CCOCC1)OCO3,False
COCC(C#N)[NH2+]C1CC(OC2CC(O)(C(=O)CO)Cc3c(O)c4c(c(O)c23)C(=O)c2c(OC)cccc2C4=O)OC(C)C1O,True
C=CC1(C)OC(=O)N(c2cc(Cl)cc(Cl)c2)C1=O,False
CN(N=Cc1cccc2cccnc12)c1ccc([N+](=O)[O-])cc1[N+](=O)[O-],False
COP(=S)(Oc1cc(Cl)c(Br)cc1Cl)c1ccccc1,False
C=CC1CC1(NC(=O)C1CC(Oc2cc(c3ccccc3)nc3cc(OC)ccc23)CN1C(=O)C(NC(=O)OC(C)(C)C)C(C)(C)C)C(=O)NNC(=O)c1ccccc1,True
O=C1c2cccc(NCC[NH2+]CCO)c2C(=O)c2cccc(NCC[NH2+]CCO)c12,True
Cc1nc(Nc2ncc(C(=O)Nc3c(C)cccc3Cl)s2)cc(N2CC[NH+](CCO)CC2)n1,True
CC=C(CCC(C)C1CCC2C3CC=C4CC(O)CCC4(C)C3CCC12C)C(C)C,False
CC1C(=O)C(C)C(c2ccccc2)[NH+](C)C1c1ccccc1,False
CCOP(=O)(OCC)Oc1nc(Cl)c(Cl)cc1Cl,True
Cc1cc2c(s1)Nc1ccccc1[NH+]=C2N1CC[NH+](C)CC1,True
C[n+]1c2ccccc2n2c3ccccc3c(NCCC[NH+]3CCOCC3)c(C#N)c12,True
CCC(=O)N(c1ccccc1)C1(COC)CC[NH+](CCc2cccs2)CC1,False
Clc1ccc(c2cc(Cl)c(Cl)c(Cl)c2)cc1Cl,True
O=C(Nc1ccc(OCCO)c(F)c1)c1c[nH]c2c1C(=O)CCC2,True
O=C1CCC2(O)C3Cc4ccc(O)c5c4C2(CC[NH+]3CC2CC2)C1O5,False
CC(=O)OC1=CC(n2cc(F)c(=O)[nH]c2=O)OC(C)C1=O,False
Cc1cccc(C)c1OCC(C)[NH3+],False
CCC12C=CC[NH+]3CCC4(c5cc(C6(C(=O)OC)CC7C[NH+](CCc8c6[nH]c6ccccc86)CC6CCCC76)c(OC)cc5N(C)C4C(O)(C(=O)OC)C1OC(=O)C)C23,True
COc1ccc2c(c1)CCCC2CCC[NH+]1CCc2cc(OC)c(OC)cc2C1,True
CC([NH2+]C(C)(C)C)C(O)c1cccc(Cl)c1,True
Cc1nnc2n1-c1sc(CCC(=O)N3CCOCC3)cc1C(=NC2)c1ccccc1Cl,True
CCCCOC(=O)C(C)Oc1ccc(Oc2ccc(C(F)(F)F)cn2)cc1,False
O=C1c2ccccc2C(=O)c2c1ccc1conc21,False
CCCCCCCCCCCCCC=CC(O)C([NH3+])CO,False
COC(=O)C1=C(C)NC(=C(C(=O)OC(C)C)C1c1cccc2nonc12)C,False
O=C1Cc2cc(CC[NH+]3CCN(c4nsc5ccccc45)CC3)c(Cl)cc2N1,True
CCC1C[NH+]2CCc3cc(OC)c(OC)cc3C2CC1CC1[NH2+]CCc2cc(O)c(OC)cc12,True
CCn1cc(C(=O)[O-])c(=O)c2cc(F)c(N3CC[NH2+]C(C)C3)c(F)c12,False
CC(=O)OC1Cc2ccccc2N(C(=O)N)c2ccccc12,True
OCC[NH+]1CC[NH+](CCCN2c3ccccc3Sc3ccc(Cl)cc23)CC1,False
OC(CC[NH+]1CCCC1)(c1ccccc1)C1CCCCC1,False
Cc1c2ccn(CC[NH+]3CCCCC3)cc2c(C)c2c1[nH+]c1ccc(O)cc21,True
COC1CC2CCC(C)C(O)(O2)C(=O)C(=O)N2CCCCC2C(=O)OC(C(C)CC2CCC(O)C(OC)C2)CC(=O)C(C)C=C(C)C(O)C(OC)C(=O)C(C)CC(C)C=CC=CC=C1C,False
CC(=O)OCC(CCn1cnc2cnc(N)nc12)COC(=O)C,True
OC(Cn1cncn1)(Cn1cncn1)c1ccc(F)cc1F,False
COc1cccc2c1C(=O)c1c(O)c3c(c(O)c1C2=O)CC(O)(C(=NNC(=O)c1ccccc1)C)CC3OC1CC([NH3+])C(O)C(C)O1,True
COc1cc(Nc2c(C#N)cnc3cc(OCCC[NH+]4CC[NH+](C)CC4)c(OC)cc23)c(Cl)cc1Cl,False
C[NH+]1CCC23c4c5ccc(O)c4OC2C(OC2OC(C(=O)[O-])C(O)C(O)C2O)C=CC3C1C5,True
COC(=O)C1C(O)C2(O)c3c(OC)cc(OC4OC(C(O)CO)COC4OC)cc3OC2(c2ccc(OC)cc2)C1c1ccccc1,True
C[NH+](C)CCCN1c2ccccc2CCc2ccc(Cl)cc12,False
C=CC1CC1(NC(=O)C1CC(Oc2cc(c3ccccc3)nc3cc(OC)ccc23)CN1C(=O)C(NC(=O)OC(C)(C)C)C(C)(C)C)C(=O)NNC(=O)Cc1ccccc1,True
CC(=O)OC1C(=O)OC2CC3C(=CC(O)C(=O)C3(C)C3C4(O)OCC23C1C(C)C4O)C,True
Cn1c(O)c(C(=O)Nc2ccc([N+](=O)[O-])cc2)c(=O)n(C)c1=S,False
COc1cc2c(cc1Oc1c(Oc3c(O)c(OC)cc4c3C(CC(C)C)[NH+](C)CC4)c(OC)cc3c1C(CC(C)C)[NH+](C)CC3)C(CC(C)C)[NH+](C)CC2,True
COc1ccc2nc3c([N+](=O)[O-])ccc4c3c(c2c1)N(CCC[NH+](C)C)C(=S)N4CCC[NH+](C)C,False
Cc1c(F)c(N2CC[NH2+]C(C)C2)cc2c1c(=O)c(C(=O)[O-])cn2C1CC1,True
CN(C)c1ccc(C=CC=c2c3ccccc3n3c2cc(c2ccccc2)[n+]3C)cc1,True
[NH2+]=C(N)Nc1ccc(C(=O)Oc2ccc3cc(C(=[NH2+])N)ccc3c2)cc1,False
C[NH2+]CCCC1c2ccccc2C=Cc2ccccc12,True
CCC1NC(=O)C(NC(=O)c2ncccc2O)C(C)OC(=O)C(c2ccccc2)NC(=O)C2CC(=O)CCN2C(=O)C(Cc2ccc(N(C)C)cc2)N(C)C(=O)C2CCCN2C1=O,True
C[NH+](C)CCc1c[nH]c2ccc(CC3COC(=O)N3)cc12,True
Cc1nc2n(c(=O)c1CC[NH+]1CCC(c3noc4cc(F)ccc34)CC1)CC(O)CC2,True
Nc1nc(NC2CC2)c2ncn(C3C=CC(CO)C3)c2n1,True
C[NH2+]CCCC(C#N)(c1ccc(OC)c(OC)c1)C(C)C,True
C=CC1CC1(NC(=O)C1CC(Oc2cc(c3ccccc3)nc3cc(OC)ccc23)CN1C(=O)C(NC(=O)OC(C)(C)C)C(C)(C)C)C(=O)NNc1ccccc1,True
CC12CCC(=O)C=C1CCC1C2CCC2(C)C1CCC2(O)C(=O)CO,False
COc1cccc2c1C(=O)c1c(O)c3c(c(O)c1C2=O)CC(O)(C(=O)C)CC3OC1CC([NH3+])C(O)C(C)O1,True
N#Cc1c(=O)c2cc([N+](=O)[O-])ccc2n2c1[nH]c1ccccc21,False
CC(=O)Oc1ccccc1C(=O)[O-],False
Cc1ccc(C=C2C[NH2+]CC(=Cc3ccc(C)cc3)C2=O)cc1,False
COC(=O)C12C(=O)C=CC(=O)C1C1C(=CC2COC(=O)C)OC2OC3(CCCCC3)OC12,False
COc1cccc2c1C(=O)c1c(O)c3c(c(O)c1C2=O)CC(O)(C(=O)C)CC3OC1CC(n2cc(CCO)nn2)C(O)C(C)O1,False
CCCCCCCCCCCCCCCC(=O)OC(COC(=O)CCCCCNc1ccc([N+](=O)[O-])c2nonc12)COP(=O)([O-])OCC([NH3+])C(=O)[O-],True
C=C(NC(=O)C(=C)NC(=O)c1csc(C2=NC3c4csc(n4)C4NC(=O)c5csc(n5)C(C(C)(O)C(C)O)NC(=O)C5CSC(=N5)C(=CC)NC(=O)C(C(C)O)NC(=O)c5csc(n5)C3(CC2)NC(=O)C(C)NC(=O)C(=C)NC(=O)C(C)NC(=O)C(C(C)CC)[NH2+]C2C=Cc3c(C(C)O)cc(nc3C2O)C(=O)OC4C)n1)C(=O)N,True
CNS(=O)(=O)Cc1ccc2[nH]cc(CC[NH+](C)C)c2c1,False
COc1ccc2c(c1)c(CC(=O)[O-])c(C)n2C(=O)c1ccc(Cl)cc1,False
COc1cc(C2c3[nH]c4ccccc4c3C(Nc3ccc([N+](=O)[O-])cc3)C3COC(=O)N23)cc(OC)c1O,True
CC(C)(C)[NH2+]CC(O)COc1ccc(NC(=O)NC2CCCCC2)cc1,True
Cc1c(O)cccc1C(=O)NC(CSc1ccccc1)C(O)C[NH+]1CC2CCCCC2CC1C(=O)NC(C)(C)C,True
Cc1ccc(N(CC(=O)[O-])CC(=O)[O-])c(OCCOc2cc(c3c4-c(cc(=O)c(c4)Cl)oc4cc(O)c(Cl)cc34)ccc2N(CC(=O)[O-])CC(=O)[O-])c1,False
CCCC(=O)OC(COC(=O)CC)COP(=O)([O-])OCC([NH3+])C(=O)Nc1ccc([N+](=O)[O-])c2nonc12,True
CC(=Cc1csc(C)n1)C1CC2OC2(C)CCCC(C)C(O)C(C)C(=O)C(C)(C)C(O)CC(=O)N1,True
Cc1cc(C)nc(NS(=O)(=O)c2ccc(NC(=O)COC(=O)c3cccc4c(=O)c5ccccc5[nH]c34)cc2)n1,False
COc1ccc2nc(S(=O)Cc3ncc(C)c(OC)c3C)[nH]c2c1,True
C=CCc1ccccc1OCC(O)C[NH2+]C(C)C,False
COc1ccc(CC[NH+](C)CCCC(C#N)(c2ccc(OC)c(OC)c2)C(C)C)cc1OC,False
CC12C=CC(=O)C=C1CCC1C3CC4OC(C5CCCCC5)OC4(C(=O)CO)C3(C)CC(O)C21C,True
CC(=CC(=O)OC1C2C(=CC(O)C(O)C2(C)C2C3(O)OCC42C(CC(=O)OC14)C(C)C3O)C)C,True
COc1cccc2c1C(CO)[NH+]1C(C#N)C3CC(C(=O)[O-])C(C1C2)[NH+]3C,False
COC(=O)Nc1nc2ccc(Sc3ccccc3)cc2[nH]1,False
CC(=O)Nc1ccc(OCC(O)C[NH2+]C(C)C)cc1,False
O=C([O-])c1ccc2c(c1)C(=O)OC12c2ccc(O)cc2Oc2cc(O)ccc12,False
C=CC(=O)N1CC(=Cc2ccc(F)cc2)C(=O)C(=Cc2ccc(F)cc2)C1,False
COc1cc(C=CC(=O)OC2CCC([NH+](C)C3CCC(OC(=O)c4cc(OC)c(OC)c(OC)c4)CC3)CC2)cc(OC)c1OC,True
CC(=O)C(=Cc1cn(C)c(=O)n(C)c1=O)C(=O)C,False
CC[NH+](CC)CCn1ccc2c(C)c3[nH+]c4ccc(O)cc4c3c(C)c2c1,True
COc1cc2cc(C3=NNC(=O)CC3C)sc2cc1OC,False
CC1C2C(C=C3C4CCC5Cc6nc7c(nc6CC5(C)C4CC(O)C23CO)CC2CCC3C4=CC5OC6(OC(C)(CO)CC6O)C(C)C5(O)C4(C)C(O)CC3C2(C)C7)OC21CCC(C)(C)O2,False
CC(C)(C)c1nc2c(o1)C(=Nc1ccc(F)cc1)c1ccccc1C2=O,False
CCC(C)C1OC2(C=CC1C)CC1CC(CC=C(C)C(OC3CC(OC)C(OC4CC(OC)C(O)C(C)O4)C(C)O3)C(C)C=CC=C3COC4C(O)C(=CC(C(=O)O1)C34O)C)O2,True
CC([NH3+])C(=O)NC1C2C(C(=O)CC(O)C2O)C(=O)OC1(C)C(Cl)Cl,True
COc1c(OC(=O)C)c(OC(=O)C)cc2c1-c1ccc(SC)c(=O)cc1C(NC(=O)C)CC2,True
CN(C)c1ccc2c(c3ccccc3)c3ccc(N(C)C)cc3[s+]c2c1,True
O=c1c(Cc2ccc3ccccc3c2)nc2-n1cc([nH]c2Cc1ccccc1)c1ccc(O)cc1,False
CCC(=C(CC)c1ccc(O)cc1)c1ccc(O)cc1,True
N#CC1CCCN1C(=O)C[NH2+]C12CC3CC(CC(O)(C3)C1)C2,True
O=C(Nc1ccncc1)C(=O)c1cn(Cc2ccc(Cl)cc2)c2ccccc12,False
CC12CCC(=O)C=C1CCC1C2C(O)CC2(C)C1CCC2(O)C(=O)CO,True
CCCCCCCCCC=CCCCCC(O)C([NH3+])CO,True
Cc1ccnc2c1NC(=O)c1cccnc1N2C1CC1,False
CCOC(=O)C=C(C(=O)OCC)n1ccc(=O)n(Cc2cnnn2COCCOC(=O)C)c1=O,False
CCC1C(=O)Nc2ccc(F)cc2N1C(=O)OC(C)C,False
COc1ccc(N(C)S(=O)(=O)C)cc1C[NH2+]C1CCC[NH2+]C1c1ccccc1,True
C=CC1CC1(NC(=O)C1CC(Oc2cc(c3ccccc3)nc3cc(OC)ccc23)CN1C(=O)C(NC(=O)OC(C)(C)C)C(C)(C)C)C(=O)NS(=O)(=O)c1ccccc1,True
CN1C(=O)COc2c(C(=O)NC3C[NH+]4CCC3CC4)cc(Cl)cc12,True
CN1C(=C([O-])c2ccccc2S1(=O)=O)C(=O)Nc1ccccn1,False
CC(=O)OC(C)(C)C=CC(=O)C(C)(O)C1C(O)CC2(C)C3CC=C4C(CC(=O)C(O)C4(C)C)C3(CO)C(=O)CC12C,False
CCN(CC)c1ccc(C=C2C[N+](C)(C)CC(=Cc3ccc(N(CC)CC)cc3)C2=O)cc1,True
OCCO[P+]1(OCCO)n2c3ccc2C(=C2C=CC(=N2)C(=c2ccc(=C(c4ccccc4)C4=NC(=C3c3ccccc3)C=C4)n12)c1ccccc1)c1ccccc1,True
COc1ccc2c(c1)c[n+](C)c1c3cc(OC)c(OC)cc3ccc21,True
CCc1nn(CCC[NH+]2CCN(c3cccc(Cl)c3)CC2)c(=O)n1CCOc1ccccc1,False
CC(C)c1cccc(C(C)C)c1NC(=O)C[NH+](CC(=O)[O-])CC(=O)[O-],False
CCCC(=O)Oc1c2ccsc2c(OC(=O)CCC)c2ccsc12,False
CCC1(C2OC(C3OC(O)(CO)C(C)CC3C)CC2C)CCC(C2(C)CCC3(CC(O)C(C)C(C(C)C(OC)C(C)C(=O)[O-])O3)O2)O1,True
CC1COc2c(N3CC[NH+](C)CC3)c(F)cc3c(=O)c(C(=O)[O-])cn1c23,True
C=CC[NH+]1CCC23c4c5ccc(O)c4OC2C(=O)CCC3(O)C1C5,False
C[NH+]1CCN(c2c(Cl)cc(Cl)c3[nH]c4ccccc4c(=O)c23)CC1,False
CC=CCC(C)C(O)C1C(=O)NC(CC)C(=O)N(C)CC(=O)N(C)C(CC(C)C)C(=O)NC(C(C)C)C(=O)N(C)C(CC(C)C)C(=O)NC(C)C(=O)NC(C)C(=O)N(C)C(CC(C)C)C(=O)N(C)C(CC(C)C)C(=O)N(C)C(C(C)C)C(=O)N1C,True
CC(=O)N(C)c1ccc(Nc2cc(C)nc3ccc4[nH]cnc4c23)cc1,True
CNC(=O)ON(C(=O)C)C(=O)NC,False
CCC1OC(=O)C(C)C(OC2CC(C)(OC)C(O)C(C)O2)C(C)C(OC2OC(C)CC([NH+](C)C)C2O)C(C)(O)CC(C)C(=NOCOCCOC)C(C)C(O)C1(C)O,True
CCOC(=O)C1C(=O)C(C(=O)OCC)C(c2ccccc2)[NH+](C)C1c1ccccc1,False
Cc1ccc(C)c(NC(=O)CCC(=NNC(=O)c2c(O)ccc3ccccc23)C(C)C(=O)c2ccc(O)cc2)c1,False
Cc1cc(c2ccc(N=Nc3c(S(=O)(=O)[O-])cc4cc(S(=O)(=O)[O-])cc(N)c4c3O)c(C)c2)ccc1N=Nc1c(S(=O)(=O)[O-])cc2cc(S(=O)(=O)[O-])cc(N)c2c1O,False
CCOC(=O)C1(c2ccccc2)CC[NH+](C)CC1,False
CC12CCC(=O)C=C1CCC1C3CCC(O)(C(=O)CO)C3(C)CC(O)C21F,False
O=C(C=Cc1ccccc1)c1ccccc1,False
CN1C(=O)CN=C(c2ccccc2)c2cc(Cl)ccc12,False
COc1cc2c(cc1OC)C1C[NH+](C)CCC1N=C2c1ccc(NS(=O)(=O)c2ccc(C)cc2)cc1,True
CCCCSCC(NC(=O)C=Cc1c(C)[nH]c(=O)[nH]c1=O)C(=O)OC,True
COc1cc(C2c3cc4c(cc3CC3COC(=O)C23)OCO4)cc(OC)c1OC,False
CC(C)c1nc(N(C)S(=O)(=O)C)nc(c2ccc(F)cc2)c1C=CC(O)CC(O)CC(=O)[O-],True
COc1ccc(Cl)cc1C(=O)NCCc1ccc(S(=O)(=O)NC(=O)NC2CCCCC2)cc1,False
CCCCCCCCCCCCCCCC(O)C([NH3+])CO,True
CCC(=C(c1ccccc1)c1ccc(OCC[NH2+]C)cc1)c1ccccc1,False
COC(=O)C([NH3+])CSCC=C(C)CCC=C(C)CCC=C(C)C,True
COc1cc2c(cc1OC)C(SC)C(=O)N(Cc1cccc(OC)c1OC)CC2,False
CC(C[NH+]1CC(=O)NC(=O)C1)[NH+]1CC(=O)NC(=O)C1,False
CC(C)Cc1ccc(C(C)C(=O)[O-])cc1,False
CCN1CC(CC[NH+]2CCOCC2)C(c2ccccc2)(c2ccccc2)C1=O,False
CCCc1nc(C(C)(C)O)c(C(=O)[O-])n1Cc1ccc(c2ccccc2C2=[N-]N=NN2)cc1,False
[NH3+]Cc1ccc(O)c(O)c1O,False
COc1ccc(CC[NH2+]CCCC(C#N)(c2ccc(OC)c(OC)c2)C(C)C)cc1OC,True
CCn1cc(C(=O)[O-])c(=O)c2cc(F)c(N3CC[NH2+]CC3)nc12,False
COc1cccc(c2c3ccc(N(C)C)cc3[s+]c3cc(N(C)C)ccc23)c1,True
CCCCOc1cc(C(=O)NCC[NH+](CC)CC)c2ccccc2n1,False
CC=C1C(=O)CC2C3CCC4=CC(=O)CCC4(C)C3CCC12C,True
c1ccc(P(c2ccccc2)c2ccccc2)cc1,True
COc1cccc2c1C(=O)c1c(O)c3c(c(O)c1C2=O)CC(O)(C(=O)C)CC3OC1CC(n2cc(CO)nn2)C(O)C(C)O1,False
N#Cc1cc2c(n(C3OC(CO)C(O)C(O)C3O)c1=S)CCCC2,False
CC(=CCCC(=CCc1c(O)cc(O)c2c(=O)cc(c3ccccc3)oc12)C)C,False
C[NH2+]C1C(O)C(C)(OC2C([NH3+])CC([NH3+])C(OC3CC(C(C)O)C(O)C(O)C3[NH3+])C2O)OCC1(C)O,True
CC(=CCc1c(O)cc(O)c2c(=O)cc(c3ccccc3)oc12)C,False
CC(=O)OC1C(=O)C2(C)C(O)CC3OCC3(OC(=O)C)C2C(OC(=O)c2ccccc2)C2(O)CC(OC(=O)C(O)C(NC(=O)C(C)(C)C)c3ccccc3)C(=C1C2(C)C)C,True
COC(=O)C1=C(C(=O)Nc2cccnc2Cl)N(c2ccc(OC)cc2[N+](=O)[O-])C(=CC1c1ccc(OC)cc1OC)c1ccc(C)cc1,False
CC1OC(OC2C(O)CC(OC3C(O)CC(OC4CCC5(C)C(CCC6C5CC(O)C5(C)C(C7=CC(=O)OC7)CCC65O)C4)OC3C)OC2C)CC(O)C1O,True
N#Cc1ccc(Cn2cncc2C[NH+]2CCN(c3cccc(Cl)c3)C(=O)C2)cc1,True
COC(C(=O)C(O)C(C)O)C1Cc2cc3cc(OC4CC(OC5CC(O)C(OC)C(C)O5)C(OC(=O)C)C(C)O4)c(C)c(O)c3c(O)c2C(=O)C1OC1CC(OC2CC(OC3CC(C)(O)C(OC(=O)C)C(C)O3)C(O)C(C)O2)C(O)C(C)O1,True
CCC(=C(c1ccc(O)cc1)c1ccc(OCC[NH+](C)C)cc1)c1ccccc1,False
CC(C)n1c(C=CC(O)CC(O)CC(=O)[O-])c(c2ccc(F)cc2)c2ccccc12,True
Oc1ccc2ccccc2c1OCc1nnc(CCCCCCCCc2nnc(COc3c(O)ccc4ccccc34)n2Nc2ccccc2)n1Nc1ccccc1,False
CC1OC(=O)C(C(C)C)NC(=O)C(C(C)C)OC(=O)C(C(C)C)NC(=O)C(C)OC(=O)C(C(C)C)NC(=O)C(C(C)C)OC(=O)C(C(C)C)NC(=O)C(C)OC(=O)C(C(C)C)NC(=O)C(C(C)C)OC(=O)C(C(C)C)NC1=O,True
CC(C)(C)OC(=O)C[NH+]1CC[NH+](CC(=O)N2CCN(C(=O)OCc3ccccc3)CC2)CC[NH+](CC(=O)OC(C)(C)C)CC[NH+](CC(=O)N2CCN(C(=O)OCc3ccccc3)CC2)CC1,True
O=c1c(Cc2ccc(F)cc2)nc2-n1cc([nH]c2Cc1ccccc1)c1ccc(O)cc1,True
[NH3+]C1CCC(c2ccc(Cl)c(Cl)c2)c2ccccc12,True
COCOc1cccc2c1C1OC(=O)OC31CCC(=C(CO2)C3(C)C)C,True
CC(C)CN(CC(O)C(Cc1ccccc1)NC(=O)OC1COC2OCCC12)S(=O)(=O)c1ccc(N)cc1,True
Cn1c(=O)c(COc2cccc3ccccc23)nc2ccccc12,True
CC(=O)Nc1ccc(O)cc1,False
CC(=O)OC1C(=O)C2(C)C(O)CC3OCC3(OC(=O)C)C2C(OC(=O)c2ccccc2)C2(O)CC(OC(=O)C(O)C(NC(=O)c3ccccc3)c3ccccc3C)C(=C1C2(C)C)C,True
COc1cc(C2Oc3cc(c4oc5c(CC=C(C)C)c(O)cc(O)c5c(=O)c4O)ccc3OC2CO)ccc1O,False
COC12CCC3(CC1C(C)(O)C(C)(C)C)C1Cc4ccc(O)c5c4C3(CC[NH+]1CC1CC1)C2O5,False
Cc1cccn2c(=O)c(C3=[N-]N=NN3)cnc12,True
COc1cc2c(-c3ccc(OC)c(=O)cc3C([NH3+])CC2)c(OC)c1OC,False
COC(=O)C1c2cc3c(c(O)c2C(OC)CC1(C)O)C(=O)c1c(O)cc2c(c1C3=O)OC1OC2(C)C(O)C([NH+](C)C)C1O,True
CC(=O)Oc1cc2c(cc1OC(=O)C)OCC(c1ccc(C)cc1)C2,False
CC(C)OC(=O)OCOP(=O)(COC(C)Cn1cnc2c(N)ncnc12)OCOC(=O)OC(C)C,True
CCCCCCCCC[n+]1cccc(C2C(=C(C)N=C(C)C2C(=O)OCC)C(=O)OCC)c1,True
CCC(=C(c1ccc(O)cc1)c1ccc(OCC[NH2+]C)cc1)c1ccccc1,True
CCC[NH2+]CCOc1ccc(NC(=O)c2c[nH]c3c2C(=O)CCC3)cc1F,True
Cc1cc2nc(C=C(C(F)(F)F)C(F)(F)F)sc2cc1C,False
CCn1c(SCc2nnc(Nc3ccccc3)s2)nc2ccccc2c1=O,False
CN(C)c1ccc(N=C2C=CC(=C(C#N)C#N)c3ccccc23)cc1,False
CCC12C=CC[NH+]3CCC4(c5ccc(OC)cc5N(C)C4C(O)(C(=O)OC)C1OC(=O)C)C23,False
CNC(=O)c1cccc2c(Nc3ccc(NS(=O)(=O)C)cc3OC)c3cccc(C)c3nc12,False
C=C1C(=O)OCC2C(=CC3C(C)C(=CC123)C)C(=O)[O-],False
COc1cc(C=CC(=O)CC(=O)C=Cc2ccc(O)cc2)ccc1O,False
CC12CCC3c4ccc(O)cc4CCC3C1CC(O)C2O,True
Cn1c2ccccc2[n+]2c3ccccc3c(NCCCn3ccnc3)c(C#N)c12,True
Cc1c2cc[n+](C)cc2c(C)c2c1sc1ccccc21,True
CCC(C)C1C(=O)OC(C(C)C)C(=O)N(C)C(C(C)C)C(=O)OC(C(C)C)C(=O)N(C)C(C(C)C)C(=O)OC(C(C)C)C(=O)N1C,True
C=CC1CC1(NC(=O)C1CC(Oc2cc(c3ccccc3)nc3cc(OC)ccc23)CN1C(=O)C(NC(=O)OC(C)(C)C)C(C)(C)C)c1nnc(c2ccccc2)o1,True
COc1cccc(COc2ccccc2CCc2ccccc2)c1OC,False
COc1ccc(c2nc(N)c(C#N)c3-c4c(SCCc23)ccc(C)c4)cc1OC,False
COc1cccc(C2c3cc4c(cc3OC([NH+]3CCCC3)C2C)OCO4)c1O,False
COc1cc2c(cc1OC)C[NH+](CCCC1CCCc3c(OC)cccc13)CC2,True
CC(=O)OC1C(=O)C2(C)C(O)CC3OCC3(OC(=O)C)C2C(OC(=O)C2CCCCC2)C2(O)CC(OC(=O)C(O)C(NC(=O)OC(C)(C)C)c3ccccc3)C(=C1C2(C)C)C,True
O=C([O-])C1OC(Oc2ccc(C3Sc4cc(OC5OC(C(=O)[O-])C(O)C(O)C5O)ccc4C3C(=O)c3ccc(OCC[NH+]4CCCCC4)cc3)cc2)C(O)C(O)C1O,True
C=CC1CC1(NC(=O)C1CC(Oc2cc(c3ccccc3)nc3cc(OC)ccc23)CN1C(=O)C(NC(=O)OC(C)(C)C)C(C)(C)C)C(=O)NS(=O)(=O)C1CC1,True
N#Cc1c(c2ccco2)c2c(n(C3OC(CO)C(O)C(O)C3O)c1=S)CCCC2,False
CCOC(=O)C1=C(C)NC(=C(C(=O)OC)C1c1cccc(Cl)c1Cl)C,False
CC1(C)SC2C(NC(=O)C([NH3+])c3ccccc3)C(=O)N2C1C(=O)[O-],False
CCNc1nc2nn[nH]c2c(=O)[nH]1,False
CN1c2c(nc(N)[nH]c2=O)NCC1CCNc1ccc(C(=O)NC(CCC(=O)[O-])C(=O)[O-])cc1,False
C[NH+]1CC[NH+](CCCN2c3ccccc3Sc3ccc(C(F)(F)F)cc23)CC1,True
COc1cc2nc(N3CCN(C(=O)CCC4=[N+]5C(=Cc6c(C)cc(C)n6[B-]5(F)F)C=C4)CC3)nc(N)c2cc1OC,True
O=[N+]([O-])c1cccc2nc3ccccc3c(NCCCCCNc3c4ccccc4nc4cccc([N+](=O)[O-])c34)c12,False
CC(C)c1nc(CN(C)C(=O)NC(C(=O)NC(Cc2ccccc2)CC(O)C(Cc2ccccc2)NC(=O)OCc2cncs2)C(C)C)cs1,True
O=C(CCC[NH+]1CCC(O)(c2ccc(Cl)cc2)CC1)c1ccc(F)cc1,False
C=C1C(=O)C=C2C=C3C(=O)C(C)(C)CC3(O)C12C,False
COc1ccc2c(c1)C(=CCC2)CCC[NH+]1CCc2cc(OC)c(OC)cc2C1,True
CC(=O)OC1C(O)C(C)OC(OC2C(OC(=O)C3CCC4C(C3)OC3(CC(OC(=O)C=Cc5ccccc5)C(C)CO3)C34CO3)OC(C)C(O)C2OC(=O)C)C1O,True
COc1ccc(n2c(O)c3-c4c(C5C(c3c2O)CC(c2ccccc2)CC5)c2c([nH]4)cccc2)cc1,False
COC(C(=O)C(O)C(C)O)C1Cc2cc3cc(OC4CC(OC5CC(O)C(O)C(C)O5)C(O)C(C)O4)c(C)c(O)c3c(O)c2C(=O)C1OC1CC(OC2CC(OC3CC(C)(O)C(O)C(C)O3)C(O)C(C)O2)C(O)C(C)O1,True
CC(=CCCC(=CCCC(=CCO)C)C)C,False
Cn1c2ccccc2c2cc(c3ccccc3)c3c(c12)C(=O)C=CC3=O,False
CC(=O)OC1C(=O)C(O)C(C)OC1OC1CC2(C)C3CC=C4C(CC(=O)C(O)C4(C)C)C3(C)C(=O)CC2(C)C1C(C)(O)C(=O)C=CC(C)(C)O,False
CC12CCC(O)CC1CCC1C2CCC2(C)C(C3=CC(=O)OC3)CCC12O,True
COC1=C(CC(C)OC(=O)Oc2ccc(O)cc2)c2c3C(=C(OC)C(=O)c4c(O)cc(OC)c(c5c(OC)cc(O)c(C1=O)c25)c34)CC(C)OC(=O)c1ccccc1,True
O=CC(CO)OC(C=O)c1c[nH]c(=O)[nH]c1=O,False
CCOC(=O)N1CCC(=C2c3ccc(Cl)cc3CCc3cccnc23)CC1,True
[NH3+]C(CC(=O)N1CCn2c(nnc2C(F)(F)F)C1)Cc1cc(F)c(F)cc1F,True
CC12CCC(O)CC1CCC1C2CC(O)C2(C)C(C3=CC(=O)OC3)CCC12O,True
Nc1nc(Cl)c(N)c(NCC2(CO)CC(CCCCc3ccccc3)C2)n1,False
CC(=O)C1CCC2C3CCC4=CC(=O)CCC4(C)C3CCC12C,False
C[n+]1c(c2ccccc2)cc2c(=Cc3ccccc3)c3ccccc3n12,True
C[NH+](C)CCCN1c2ccccc2Sc2ccccc12,False
CCCCc1nc(Cl)c(CO)n1Cc1ccc(c2ccccc2C2=[N-]N=NN2)cc1,True
O=C([O-])COCC[NH+]1CC[NH+](C(c2ccccc2)c2ccc(Cl)cc2)CC1,True
CC(=O)C1(O)Cc2c(O)c3c(c(O)c2C(OC2CC([NH3+])C(O)C(C)O2)C1)C(=O)c1ccccc1C3=O,True
COc1c(O)cc(C(=O)OC2Cc3c(O)cc(O)cc3OC2c2cc(O)c(O)c(O)c2)cc1O,False
O=[N+]([O-])c1cccc2nc3ccccc3c(NCC[NH+](CCO)CCO)c12,True
CSC1SCC2C(=O)N(C)C(C(C)C)C(=O)OCC(NC(=O)c3cnc4ccccc4n3)C(=O)NC(C)C(=O)N(C)C1C(=O)N(C)C(C(C)C)C(=O)OCC(NC(=O)c1cnc3ccccc3n1)C(=O)NC(C)C(=O)N2C,True
NS(=O)(=O)Cc1noc2ccccc12,False
CC[NH+]1CCCC1CNC(=O)c1cc(S(=O)(=O)N)ccc1OC,False
CC[NH+](CC)CCC(=O)N1CC(=Cc2ccccc2)C(=O)C(=Cc2ccccc2)C1,False
COC1OC(CO)C(O)C(O)C1OC1OC(C[NH3+])C(O)C(O)C1[NH3+],True
C[NH+](C)CCC=C1c2ccccc2C=Cc2ccccc12,False
COc1cc2c(-c3cc4cc(OC)c(OC)cc4c(=O)n3CC2)cc1OC,False
CCC[NH2+]CC(O)COc1ccccc1C(=O)CCc1ccccc1,False
COCOc1ccc2c(c1)C1OC(=O)OC31CCC(=C(CC2=O)C3(C)C)C,True
CCN1C(=CC=Cc2n(CC)c3cc(Cl)c(Cl)cc3[n+]2CC)N(CC)c2cc(Cl)c(Cl)cc12,True
CC(=O)OC1C(=O)C2(C)C(O)CC3OCC3(OC(=O)C)C2C(OC(=O)c2ccccc2)C2(O)CC(OC(=O)C(O)C(NC(=O)CC(C)C)c3ccccc3)C(=C1C2(C)C)C,True
CC=CCC(C)C(=O)C1C(=O)NC(C(C)C)C(=O)N(C)CC(=O)N(C)C(CC(C)C)C(=O)NC(C(C)C)C(=O)N(C)C(CC(C)C)C(=O)NC(C)C(=O)NC(C)C(=O)N(C)C(CC(C)C)C(=O)N(C)C(CC(C)C)C(=O)N(C)C(C(C)C)C(=O)N1C,False
CCC(=O)OCC(=O)C1(OC(=O)CC)C(C)CC2C3CCC4=CC(=O)C=CC4(C)C3(Cl)C(O)CC12C,True
COc1cc2c[n+](C)c3c4cc5c(cc4ccc3c2cc1OC)OCO5,True
CCC(C=CC(C)C1CCC2C3CC=C4CC(O)CCC4(C)C3CCC12C)C(C)C,False
O=c1c(O)c(c2ccc(O)c(O)c2)oc2cc(O)cc(O)c12,True
COc1c(O)c(O)cc2c1-c1ccc(OC)c(=O)cc1C(NC(=O)C)CC2,True
CC12CCC3c4ccc(OS(=O)(=O)[O-])cc4CCC3C1CCC2=O,True
NC(=O)N1c2ccccc2C=Cc2ccccc12,False
CCCC(=O)Nc1ccc(OCC(O)C[NH2+]C(C)C)c(C(=O)C)c1,True
COc1cc(C2c3cc4c(cc3C(NC(=O)C)C3COC(=O)C23)OCO4)cc(OC)c1OC,True
O=NN(CCCl)C(=O)NCCCl,False
O=C1C(=C(Cl)C(=O)N1c1ccc(F)cc1)Cl,False
COc1ccc2c(c1)C(=CCC[NH+]1CCc3cc(OC)c(OC)cc3C1)CCC2,True
C=CC([NH3+])CCC(=O)[O-],False
CCCC[N+](C)(CCCC)CCCC,True
CCOC(=O)C1=C(C)NC(=C(C(=O)OC)C1c1cccc([N+](=O)[O-])c1)C,False
O=c1c(Cc2ccc(O)cc2)nc2-n1cc([nH]c2Cc1ccccc1)c1ccc(O)cc1,True
CC=C(C)C(=O)OC1C(=CC23C(=O)C(C=C(CO)C(O)C12O)C1C(CC3C)C1(C)C)C,True
CNC(=O)ON=CC(C)(C)S(=O)(=O)C,False
CC(=O)c1c(O)c(C)c(O)c2c1[O-]C1=CC(=O)C(C(=O)C)C(=O)C21C,False
O=C([O-])C[NH+](CC(=O)[O-])Cc1cc2c(cc1O)Oc1cc(O)c(C[NH+](CC(=O)[O-])CC(=O)[O-])cc1C12OC(=O)c2ccccc12,False
CCC(C)SC1SCC2C(=O)N(C)C3(CC3C)C(=O)OCC(NC(=O)c3nc4ccccc4cc3O)C(=O)NC(C)C(=O)N(C)C1C(=O)N(C)C1(CC1C)C(=O)OCC(NC(=O)c1nc3ccccc3cc1O)C(=O)NC(C)C(=O)N2C,True
C[NH+]1C2CC(OC(=O)C(CO)c3ccccc3)CC1C1OC21,False
O=C1CC(c2ccc(O)cc2)Oc2cc(O)cc(O)c12,True
COc1c(N2CC[NH2+]C(C)C2)c(F)cc2c(=O)c(C(=O)[O-])cn(C3CC3)c12,True
C=C(C)C12CC(OC(=O)C(O)C(NC(=O)c3ccccc3)c3ccccc3)C(=C1C(OC(=O)C)C(=O)C1(C)C(O)CC3OCC3(OC(=O)C)C1C2OC(=O)c1cc(F)cc(F)c1)C,True
C[O-]C1=CC(=O)c2c(O)c3c(c(O)c2C1=O)C=C(C)OC3O,False
COC(=O)C1C2CC3c4[nH]c5cc(OC)ccc5c4CC[NH+]3CC2CC(O)C1OC,True
NC(=O)N1c2ccccc2C2OC2c2ccccc12,True
CS(=O)(=O)c1c(N)c2nc(Cl)cn2c2nc3ccccc3nc12,False
COC(=O)C1=C(C)NC(=C(C(=O)OCCC[NH+]2CCC(c3ccccc3)(c3ccccc3)CC2)C1c1cccc([N+](=O)[O-])c1)C,True
Nc1ccn(C2COC(CO)O2)c(=O)n1,False
[NH2+]=C(N)c1ccc(CNC(=O)C2CCN2C(=O)C([NH2+]CC(=O)[O-])C2CCCCC2)cc1,True
COCCCCC(=NOCC[NH3+])c1ccc(C(F)(F)F)cc1,False
CCCSc1ccc2nc(NC(=O)OC)[nH]c2c1,False
CCC1(O)C(=O)OCc2c1cc1-c3c(Cn1c2=O)cc1c(C[NH+](C)C)c(O)ccc1n3,True
CC1=CC(O)C(=O)C2(C)C1CC1OC(=O)C(OC(=O)CC3=CCCC3)C3C(C)C(O)C4(O)OCC13C24,True
CC(=O)OC1C(O)CC(OC2C(O)CC(OC3C(O)CC(OC4CCC5(C)C(CCC6C5CC(O)C5(C)C(C7=CC(=O)OC7)CCC65O)C4)OC3C)OC2C)OC1C,True
O=C1CN=C(c2ccccc2)c2cc(Cl)ccc2N1,False
c1ccc([P+](c2ccccc2)(c2ccccc2)c2ccccc2)cc1,True
O=Cc1cc(O)ccc1Br,False
O=C1CCCN1CCCC[NH+]1CCN(c2cc(C(F)(F)F)ccn2)CC1,True
O=C([O-])C1CC(Oc2ccc3ccc(=O)oc3c2)C(O)C(O)C1O,False
O=C(CC(=O)c1ccccc1N=C1CC(=O)C(=O)c2ccccc12)C(=O)Nc1cccc(C(F)(F)F)c1,False
CC1COc2c(C3([NH3+])CC3)c(F)cc3c(=O)c(C(=O)[O-])cn1c23,True
O=c1[nH]cc(F)c(=O)[nH]1,False
CC[NH+](CC)CCCC(C)Nc1ccnc2cc(Cl)ccc12,False
COc1cc(Cc2nccc3cc(OC)c(OC)cc23)c(C(=O)C)cc1OC,True
CCCS(=O)c1ccc2nc(NC(=O)OC)[nH]c2c1,False
C[NH+]1CC(C(=O)NC2(C)OC3(O)C4CCCN4C(=O)C(Cc4ccccc4)N3C2=O)C=C2c3cccc4[nH]cc(c34)CC12,True
COCCOC(=O)C1=C(C)NC(=C(C(=O)OC(C)C)C1c1cccc([N+](=O)[O-])c1)C,True
OCCOCC[NH+]1CCN(C2=[NH+]c3ccccc3Sc3ccccc23)CC1,True
c1ccc2c(c1)Sc1ccccc1N2CC1C[NH+]2CCC1CC2,True
O=C1NCC(F)C(=O)N1,False
CC1(C)CC(=O)N(CCCC[NH+]2CCN(c3ncccn3)CC2)C(=O)C1O,True
O=c1c(Cc2ccccc2)nc2-n1cc([nH]c2CC1CCCC1)c1ccc(O)cc1,True
CC(C)CC1NC(=O)C(C)N(C)C(=O)CNC(=O)C(=Cc2ccccc2)N(C)C1=O,True
CC(C)(C)[NH2+]CC(O)COc1nsnc1N1CCOCC1,True
CC1CCCC=CC2CC(O)CC2C(O)C=CC(=O)O1,False
C=CC1CC1(NC(=O)C1CC(Oc2cc(c3ccccc3)nc3cc(OC)ccc23)CN1C(=O)C(NC(=O)OC(C)(C)C)C(C)(C)C)C(=O)NNS(=O)(=O)c1ccccc1,True
COc1cc2[nH]c3c(c2cc1OC)CC[NH2+]C13CCC2(CC3c4c(cc(OC)c(O)c24)CC[NH+]3C)CC1OC,False
Cc1ccc(N(CC(=O)[O-])CC(=O)[O-])c(OCCOc2cc3cc(c4ncc(C(=O)[O-])o4)oc3cc2N(CC(=O)[O-])CC(=O)[O-])c1,True
COc1nc(C(Cl)(Cl)Cl)c(Cl)c(OC)c1Cl,False
CCCC(=O)[O-],False
Nc1nc2c(ncn2C2OC(CO)C(O)C2O)c(=O)[nH]1,False
O=C([O-])C(=C(Cl)C(=O)Nc1cccc(Cl)c1)Cl,False
CCC1(O)C(=O)OCc2c1cc1-c3c(Cn1c2=O)c(c1c(n3)cccc1)CC[NH2+]C(C)C,True
COc1ccc(Cl)cc1C(=O)NCCc1ccc(S(=O)(=O)NC(=[NH+]C#N)NC2CCC(C)CC2)cc1,True
CC(C)(C)[NH2+]CC(O)c1cc(O)cc(O)c1,False
COc1ccc(C(c2ccc(OC)cc2)C(Cl)(Cl)Cl)cc1,False
CC[NH+]1CCCC1CNC(=O)c1cc(S(=O)(=O)CC)c(N)cc1OC,True
Cc1ccc(C(=CC[NH+]2CCCC2)c2ccccn2)cc1,True
C[NH+](C)CC=C(c1ccc(Br)cc1)c1cccnc1,False
COc1ccc2cc1Oc1ccc(cc1)CC1c3c(cc4c(c3Oc3cc5c(cc3OC)CC[NH+](C)C5C2)OCO4)CC[NH+]1C,True
COC1(NC(=O)C2SC(=C(C(=O)N)C(=O)[O-])S2)C(=O)N2C(=C(CSc3nnnn3C)CSC12)C(=O)[O-],True
CC(=CCCC(=CCc1cc(C=Cc2cc(O)c(CC=C(C)C)c(O)c2)cc(O)c1O)C)C,False
CC1CC2CCC(O2)C(C)C(=O)OC(C)CC2CCC(O2)C(C)C(=O)OC(C)CC2CCC(O2)C(C)C(=O)OC(C)CC2CCC(C2)C(C)C(=O)O1,True
CCC(CCC(C)C1CCC2C3CC=C4CC(O)CCC4(C)C3CCC12C)C(C)C,False
CNC(=O)Oc1cccc2ccccc12,False
CN(C)C(=O)Oc1ccc[n+](C)c1,False
O=C([O-])CCCCC1SCC2NC(=O)NC12,True
COc1ccc(c2coc3cc(O)cc(O)c3c2=O)cc1,False
COC1C(C)OC(OC2CC(C)(O)Cc3cc4c(c(O)c23)C(=O)c2c(O)cc3c(c2C4=O)OC2OC3(C)C(O)C([NH+](C)C)C2O)C(OC)C1(C)OC,True
C[NH+](C)CCn1c(=O)c2ccc3c4c(nn3CC[NH+](C)C)c3ccccc3n(c1=O)c24,True
CC12CCC3C(CCC4=CC(=O)CCC34C)C1CCC2=O,False
CCC1(c2ccccc2)C(=O)NC(=O)N(C)C1=O,False
CCOC(=O)C(CC(C)C)NC(=O)C(Cc1ccc(N(CCCl)CCCl)cc1)NC(=O)C,False
CC(C)[NH2+]CC(O)COc1ccc(CC(=O)N)cc1,False
ClC1=C(Cl)C2(Cl)C3C4CC(C5OC45)C3C1(Cl)C2(Cl)Cl,False
CCC(CO)NC(=O)C1C=C2c3cccc4c3c(cn4C)CC2[NH+](C)C1,True
COc1ccc(C(C#N)(CCC[NH3+])C(C)C)cc1OC,True
CCNc1cc2[o+]c3cc(NCC)c(C)cc3c(c3ccccc3C(=O)OCC)c2cc1C,True
COc1ccc2[nH+]c3c(C)c4ccn(C)cc4c(C)c3c2c1,True
C[NH2+]CCCC12CCC(c3ccccc13)c1ccccc21,False
C[NH2+]CCn1c(=O)c2cc(OC)c(OC)cc2c2cnc3cc4c(cc3c12)OCC4,True
CCCCCCCCCCCCCC(=O)OCC(COP(=O)([O-])OCC[N+](C)(C)C)OC(=O)CCCCCNc1ccc([N+](=O)[O-])c2nonc12,True
COc1cc([N+](=O)[O-])c([N+](=O)[O-])cc1N,False
N#CC1CC2CC2N1C(=O)C([NH3+])C12CC3CC(CC(O)(C3)C1)C2,True
C[NH2+]C(C)(C)Cc1ccccc1,False
NC(=O)N1c2ccccc2CC(O)c2ccccc12,True
N#Cc1cc2c(n(C3OC(CO)C(O)C(O)C3O)c1=S)CCC2,False
C=CC1CC1(NC(=O)C1CC(Oc2cc(c3ccccc3)nc3cc(OC)ccc23)CN1C(=O)C(NC(=O)OC(C)(C)C)C(C)(C)C)C(=O)NS(=O)(=O)c1ccc(C)cc1,True
CC(=CC=CC=C(C)C=CC=C(C)C=CC1=C(C)CCCC1(C)C)C=CC=C(C)C=CC1=C(C)CCCC1(C)C,True
Cc1ccc(C(=CC[NH+]2CCCC2)c2cccc(C=CC(=O)N(C)c3ccccc3)n2)cc1,True
Cc1cc(N=Nc2c(O)ccc3ccccc23)ccc1N=Nc1cccc([N+](C)(C)C)c1,True
O=c1ccc2ccc(O)cc2o1,False
C[NH+](C)CCN1C(=O)c2cccc3cc(N)cc(c23)C1=O,False
CCCCCCCCCCCCCCCCOCC(COP(=O)([O-])OCC[N+](C)(C)C)OC(=O)C,True
CN(C)c1ccc2c(c3ccccc3)c3ccc(N(C)C)cc3[o+]c2c1,True
C#CC(CC(=O)[O-])NC(=O)CN1CCc2ccc(N3CC[NH2+]CC3)cc2C1=O,False
CC12CCC3c4ccc(OC5OC(C(=O)[O-])C(O)C(O)C5O)cc4CCC3C1CCC2O,True
CC(C)(C(=O)[O-])c1ccc(C(O)CCC[NH+]2CCC(C(O)(c3ccccc3)c3ccccc3)CC2)cc1,True
CCCCCCCCCC(=CCCC=CC(O)C([NH3+])CO)C,True
O=C([O-])CCc1cc2c(cc1O)Oc1cc(O)c(CCC(=O)[O-])cc1C12OC(=O)c2cc(C(=O)[O-])ccc12,False
CC(CCC(=O)NCCS(=O)(=O)[O-])C1CCC2C3C(O)CC4CC(O)CCC4(C)C3CC(O)C12C,False
CSCCC(N=C(O)C(CC(C)C)N=C(O)CN=C(O)C(Cc1ccccc1)N=C(O)C(Cc1ccccc1)N=C(O)C(CCC(=N)O)N=C(O)C(CCC(=N)O)N=C(O)C1CCCN1C(=O)C(CCCC[NH3+])N=C(O)C1CCCN1C(=O)C([NH3+])CCCNC(=[NH2+])N)C(=N)O,True
COc1cc2nc(N3CCCN(C(=O)N4CCOCC4)CC3)cc(N)c2c(c2ccc(F)cc2)c1OC,True
O=c1cc(c2ccc(O)cc2)oc2cc(O)cc(O)c12,False
Cc1c2cnccc2c(C)c2c1c1ccccc1n2CC1CO1,False
COC1C=CC=C(C)C(=O)NC2=CC(=O)C(=NCCCl)C(CC(C)CC(OC)C(O)C(C)C=C(C)C1OC(=O)N)C2=O,True
O=c1n(CCC[NH+]2CCN(c3cccc(Cl)c3)CC2)nc2ccccn12,False
CC(=O)OC1C(=O)C2(C)C(O)CC3OCC3(OC(=O)C)C2C(OC(=O)c2ccco2)C2(O)CC(OC(=O)C(O)C(NC(=O)c3ccccc3)c3ccccc3)C(=C1C2(C)C)C,True
O=C(CCC[NH+]1CCC2(CC1)C(=O)NCN2c1ccccc1)c1ccc(F)cc1,True
C[NH+]1CCC(=C(c2ccc(F)cc2)c2cc(Cl)cs2)CC1,True
CCOP(=S)(OCC)SC(CCl)N1C(=O)c2ccccc2C1=O,False
[NH2+]=C(N)NC(=O)c1nc(Cl)c(N)nc1N,False
CCCc1nc(C(C)(C)O)c(C(=O)OCc2oc(=O)oc2C)n1Cc1ccc(c2ccccc2C2=[N-]N=NN2)cc1,True
COc1cccc2c1C(=O)c1c(O)c3c(c(O)c1C2=O)CC(O)(C(=O)C)CC3OC1CC(n2cc(CCCO)nn2)C(O)C(C)O1,False
COc1cc(O)c(Cc2ccccc2O)c(O)c1C(=O)CCc1ccccc1,False
Cc1cn(C2C=CC(CO)O2)c(=O)[nH]c1=O,False
Cn1nnnc1SCC1=C(C(=O)[O-])N2C(=O)C(NC(=O)C3SC(=C(C(=O)N)C(=O)[O-])S3)C2SC1,True
C=C1C2(C)CCC3(OC(=O)OC3c3c(OCOC)cccc3C2=O)C1(C)C,True
COc1ccc(CCNc2nc(N3CCc4cc(OC)c(OC)cc4C3)c3cc(N(C)C)ccc3n2)cc1OC,True
C[NH+](C)CCCN1c2ccccc2Sc2ccc(C(F)(F)F)cc12,True
O=C([O-])CCCc1cc2c(cc1O)Oc1cc(O)c(CCCC(=O)[O-])cc1C12OC(=O)c2cc(C(=O)[O-])ccc12,False
Nc1ccc(S(=O)(=O)Nc2ccccn2)cc1,False
N=C1C=CC(=C(c2ccc(N)cc2)c2ccc(N)cc2)C=C1,True
COC1C(N(C)C(=O)c2ccccc2)CC2OC1(C)n1c3ccccc3c3c4c(c5c6ccccc6n2c5c13)C(=O)NC4,True
CCC(C)C(=O)OC1CC(C)C=C2C=CC(C)C(CCC(O)CC(O)CC(=O)[O-])C12,True
CC12CCC(=O)C=C1CCC1C2C(O)CC2(C=O)C(C(=O)CO)CCC12,True
C=CCc1cc(c2cc(CC=C)c(O)c(C[NH+](CC)CC)c2)cc(C[NH+](CC)CC)c1O,False
[NH2+]=C(N)N1CCc2ccccc2C1,True
Cc1ncc2n1-c1ccc(Cl)cc1C(=NC2)c1ccccc1F,False
Cc1nnc(N)nc1CC=CC(C)Sc1ccc(Cl)cc1,False
Cc1cc(NC(=O)C2=C([O-])c3ccccc3S(=O)(=O)N2C)no1,True
Cc1nc2n(c(=O)c1CC[NH+]1CCC(c3noc4cc(F)ccc34)CC1)CCCC2,True
CCCCc1nc(Cl)c(C(=O)[O-])n1Cc1ccc(c2ccccc2C2=[N-]N=NN2)cc1,False
CC[NH+]1CCN(c2cc(c3ccc(F)cc3)c3c(n2)CCCCCC3)CC1,False
COC(=O)C1c2cc3c(c(O)c2C(OC2OC(C)C(OC)C(C)(OC)C2OC)CC1(C)O)C(=O)c1c(O)cc2c(c1C3=O)OC1OC2(C)C(O)C([NH+](C)C)C1O,True
COc1ccc(c2c(C(=O)C)c(c3ccccc3)n(C3OC(COC(=O)C)C(OC(=O)C)C(OC(=O)C)C3OC(=O)C)c(=S)c2C#N)cc1,False
CCOC(=O)C[NH2+]C(C(=O)N1CCC1C(=O)NCc1ccc(C(=[NH2+])NO)cc1)C1CCCCC1,True
CC(=CC=CC(=CC(=O)[O-])C)C=CC1=C(C)CCCC1(C)C,False
COc1ccc(CC2C(=O)NC(C)C(=O)N(C)C3C(=O)N(C)C(Cc4ccc(O)c(c4)Oc4ccc(cc4)C3O)C(=O)NC(C)C(=O)NC(C)C(=O)N2C)cc1,True
COc1cc2c[n+](C)c3c4ccccc4ccc3c2cc1OC,True
C[NH+]1CCCC1CCOC(C)(c1ccccc1)c1ccc(Cl)cc1,False
COc1cc2c(-c3ccc(OC)c(=O)cc3C(NC(=O)C)CC2)c(O)c1O,True
C[NH+](C)CCCC1(c2ccc(F)cc2)OCc2cc(C#N)ccc12,False
CC(=O)OCC1OC(n2c3c(cc(C#N)c2=S)CCCC3)C(OC(=O)C)C(OC(=O)C)C1OC(=O)C,False
CC(=O)OC1C(=O)C2(C)C(O)CC3OCC3(OC(=O)C)C2C(OC(=O)c2ccc(F)cc2)C2(O)CC(OC(=O)C(O)C(NC(=O)c3ccccc3)c3ccccc3)C(=C1C2(C)C)C,True
COc1cc(C2Oc3cc(c4oc5c(CC=C(C)CCC=C(C)C)c(O)cc(O)c5c(=O)c4O)ccc3OC2CO)ccc1O,False
Cc1onc(c2c(Cl)cccc2Cl)c1C(=O)NC1C(=O)N2C1SC(C)(C)C2C(=O)[O-],True
CC1=C(C(=O)Nc2ccc(Cl)c(C(=O)OC(C)C)c2)SCC[O-]1,False
COc1c(O)cc(C(=O)OC2Cc3c(O)cc(O)cc3OC2c2cc(O)c(OC)c(O)c2)cc1O,False
CC12CCC3c4ccc(O)cc4CCC3C1CCC2OC1OC(C(=O)[O-])C(O)C(O)C1O,True
OCCN(CCO)c1nc(N2CCCCC2)c2nc(N(CCO)CCO)nc(N3CCCCC3)c2n1,True
CCC(C)CC(C)CCCCCCCCC(=O)NC1CC(O)C([NH2+]CC[NH3+])NC(=O)C2C(O)CCN2C(=O)C(C(O)CC[NH3+])NC(=O)C(C(O)C(O)c2ccc(O)cc2)NC(=O)C2CC(O)CN2C(=O)C(C(C)O)NC1=O,False
Cc1cc(O)c2c(c1)CC(O)C1=C2C(=O)c2c(O)ccc(OC3CC(O)C(OC4CC(OC5CCC(OC6CC(O)C(OC7CC(OC8CCC(O)C(C)O8)C(O)C(C)O7)C(C)O6)C(C)O5)C(O)C(C)O4)C(C)O3)c2C1=O,False
C[NH2+]C1c2cc3c(cc2C(c2cc(OC)c(OC)c(OC)c2)C2C(=O)OCC12)OCO3,False
C[O-]C1=C(C)C(=O)C2=C(C1=O)C1C3CC4=C(C(=O)C(=C(C)C4=O)[O-]C)C(CNC(=O)C(=O)C)[NH+]3C(C#N)C(C2)[NH+]1C,True
COC1C(OC(=O)C=CC=CC=CC=CC(=O)[O-])CCC2(CO2)C1C1(C)OC1CC=C(C)C,False
OCC(O)C(O)C(O)C(O)CO,False
CCCOc1ccc(S(=O)(=O)N2CC[NH+](CC)CC2)cc1c1nc2c(CC)n(Cc3ccccn3)nc2c(=O)[nH]1,True
CC(=O)NC=Cc1cc(O)ccc1O,False
Cc1n(C)c2c([n+]1CC(C)C)C(=O)c1ccccc1C2=O,True
CC(=O)OC12COC1CC(O)C1(C)C(=O)C(O)C3=C(C)C(O)CC(O)(C(OC(=O)c4ccccc4)C21)C3(C)C,True
COC(=O)C(c1ccccc1Cl)[NH+]1CCc2sccc2C1,True
[NH3+]C(Cc1ccc(N(CCCl)CCCl)cc1)C(=O)[O-],False
CC1=CC2OC3CC4OC(=O)C=CC=CC(C(C)O)OCC(O)C5(C)OC5C(=O)OCC2(CC1O)C4(C)C13CO1,True
CC12CCC3C(CCC4CC(=O)CCC34C)C1CCC2O,True
COc1cccc2c1CCCC2=CCC[NH+]1CCCCC1,True
Cc1cc(C)n(C2OC(CO)C(O)C(O)C2O)c(=S)c1C#N,False
O=c1cc2ccccc2nn1Cc1ccccc1Cl,False
C[NH+](C)CCC(c1ccc(Cl)cc1)c1ccccn1,False
CCC(C)C(=O)OC1CCC=C2C=CC(C)C(CCC3CC(O)CC(=O)O3)C12,False
O=[N+]([O-])c1ccc2c(Nc3ccccc3c3ccccc3Nc3c4ccccc4nc4cc([N+](=O)[O-])ccc34)c3ccccc3nc2c1,False
COc1cc(CC2c3cc(OC)c(OC)cc3CC[NH+]2C)c(Oc2cc3c(-c4c(OC)c(OC)cc5c4C(C3)[NH+](C)CC5)cc2OC)cc1OC,False
C[NH+](C)CCCN1c2ccccc2CCc2ccccc12,False
COc1ccc2c(C(=O)c3cc(OC)c(OC)c(OC)c3)c[nH]c2c1,False
CCC(=O)OC1(C(=O)SCF)C(C)CC2C3CC(F)C4=CC(=O)C=CC4(C)C3(F)C(O)CC12C,True
CC(C)[n+]1c2c(n(C)c1C=Cc1ccccc1)C(=O)c1ccccc1C2=O,True
Cn1c(=O)c2c(ncn2C)n(C)c1=O,False
CC(C[NH+](C)C)CN1c2ccccc2CCc2ccccc12,False
NS(=O)(=O)c1cc(C(=O)[O-])c(NCc2ccco2)cc1Cl,False
C(=Cc1ccc(c2cn3cc(C=CC=NNC4=[NH+]CCN4)ccc3n2)cc1)C=NNC1=[NH+]CCN1,True
C[NH+]1CCC23c4c5ccc(O)c4OC2C(O)C=CC3C1C5,True
CC(C)(C)c1ccc(C(=O)CCC[NH+]2CCC(OC(c3ccccc3)c3ccccc3)CC2)cc1,True
COCC(=O)OC1(CC[NH+](C)CCCc2nc3ccccc3[nH]2)CCc2cc(F)ccc2C1C(C)C,True
O=c1cc(c2ccccc2)oc2cc(O)cc(O)c12,False
CC1=C2COCc3ccccc3C3OC(=O)OC3(CC1)C2(C)C,True
CC(=O)OCOC(=O)CN(CC(=O)OCOC(=O)C)c1ccc(C)cc1OCCOc1cc(c2c3-c(cc(=O)c(c3)Cl)oc3cc(O)c(Cl)cc23)ccc1N(CC(=O)OCOC(=O)C)CC(=O)OCOC(=O)C,True
C=CCNc1nc(NCC=C)nc(N2CCC([NH2+]CC(c3ccc(F)cc3)c3ccc(F)cc3)CC2)n1,True
CC12CCC(=O)C=C1CCC1C2C(=O)CC2(C)C1CCC2(O)C(=O)CO,True
CC1OC(OC2C(O)CC(OC3C(O)CC(OC4CCC5(C)C(CCC6C5CCC5(C)C(C7=CC(=O)OC7)CCC65O)C4)OC3C)OC2C)CC(O)C1O,True
c1ccc(C[NH+]2CCc3[nH]c4ccccc4c3C2)cc1,False
C[NH+](C)CCCN1c2ccccc2Sc2ccc(Cl)cc12,False
COC1CC2CCC(C)C(O)(O2)C(=O)C(=O)N2CCCCC2C(=O)OC(C(C)CC2CCC(OC(=O)C(C)(CO)CO)C(OC)C2)CC(=O)C(C)C=C(C)C(O)C(OC)C(=O)C(C)CC(C)C=CC=CC=C1C,True
COC12CCC3(CC1C(C)(C)O)C1Cc4ccc(O)c5c4C3(CC[NH+]1CC1CC1)C2O5,False
CC1(C)OC2COC3(COS(=O)(=O)N)OC(C)(C)OC3C2O1,True
C=CC1C[NH+]2CCC1CC2C(O)c1ccnc2ccccc12,True
CC12CCC3c4ccc(O)cc4CCC3C1CCC2=O,True
CCC1(c2ccccc2)C(=O)NC(=O)NC1=O,True
CCOc1ccc(c2nc3ccc(c4nc5cc(N6CC[NH+](C)CC6)ccc5[nH]4)cc3[nH]2)cc1,True
CC[NH2+]CCNC(=O)c1c(C)[nH]c(C=C2C(=O)Nc3ccc(F)cc23)c1C,True
CC(C)(C(=O)[O-])c1ccc(C(=O)CCC[NH+]2CCC(OC(c3ccccc3)c3ccccc3)CC2)cc1,True
COCOc1cccc2c1C1OC(=O)OC31CCC(=C(COC2)C3(C)C)C,True
CC[N+](C)(CC)CCNC(=O)c1ccc(N=[N+]=[N-])cc1,True
COc1cc(C2c3cc4c(cc3C(OC3OC5COC(c6cccs6)OC5C(O)C3O)C3COC(=O)C23)OCO4)cc(OC)c1O,True
CC1OC(OC2CC(O)C3(CO)C4C(O)CC5(C)C(C6=CC(=O)OC6)CCC5(O)C4CCC3(O)C2)C(O)C(O)C1O,False
CONC1=C2C(=O)N(C)CC(=O)N(C)C(C)C(=O)OC(CO)C(NC(=O)c3c4-c(oc5c(n4)c(C(=O)NC4C(=O)NC(C(C)C)C(=O)N6C(C)CC(O)C6C(=O)N(C)CC(=O)N(C)C(C(C)C)C(=O)OC4C)ccc5C)c(C)c(=O)c3N)C(=O)NC(C(C)C)C(=O)N2C(C)C1,True
C=CC1C[NH+]2CCC1CC2C(O)c1ccnc2ccc(OC)cc12,True
Oc1ccc2c3c1OC1C(O)CCC4(O)C(C2)[NH+](CC2CCC2)CCC314,True
CSc1ccc2c(c1)N(CCC1CCCC[NH+]1C)c1ccccc1S2,True
CN(C)c1ccc(C=C2C[N+](C)(C)CC(=Cc3ccc(N(C)C)cc3)C2=O)cc1,True
CCC1C[NH+]2CCc3cc(OC)c(OC)cc3C2CC1CC1[NH2+]CCc2c1[nH]c1ccc(O)cc21,True
CC(C)C1(NC(=O)C2CC3c4cccc5[nH]cc(c45)CC3[NH+](C)C2)OC2(O)C3CCCN3C(=O)C(Cc3ccccc3)N2C1=O,True
COc1cccc2c1C(=O)c1c(O)c3c(c(O)c1C2=O)CC(O)(C(=O)C)CC3OC1CC(N=[N+]=[N-])C(O)C(C)O1,False
CC12CCC(CC1)C(C)(C)O2,False
COC(=O)C1=C(C)NC(=C(C(=O)OC)C1c1ccccc1[N+](=O)[O-])C,False
CC[NH+](CC)CCN1C(=O)CN=C(c2ccccc2F)c2cc(Cl)ccc12,False
COc1cccc2c1C(=O)c1c(O)c3c(c(O)c1C2=O)CC(O)(C(=O)CO)CC3OC1CC([NH3+])C(OC2CCCCO2)C(C)O1,True
CC12CCC3c4ccc(O)cc4CCC3C1CCC2O,False
O=C1C=CC(=O)c2cc(Sc3ccccc3)c(=O)ccc12,False
CCCCCCCCCCCCCC=CC(O)C([NH3+])COP(=O)([O-])[O-],True
C[NH+](C)CCn1c(=O)c2ccc3c4c(nn3CC[NH+](C)C)c3cc(O)ccc3n(c1=O)c24,True
CC1=CC(C)C(C)N(CC2=[NH+]CCN2)c2ccccc12,False
CC1(O)CC2(O)C=CC3=C(C(=O)c4cccc(O)c4C3=O)C2(O)C(=O)C1O,False
O=c1[nH]c2ccccc2n1C1CC[NH+](CCCC(c2ccc(F)cc2)c2ccc(F)cc2)CC1,True
CCC(C)C(=O)OC1CC(O)C=C2C=CC(C)C(CCC(O)CC(O)CC(=O)[O-])C12,True
O=S1OCC2C(CO1)C1(Cl)C(=C(Cl)C2(Cl)C1(Cl)Cl)Cl,True
COc1ccccc1C1SCC(=O)N1c1ccc(c2ccc(n3c(c4ccccc4)nc4ccccc4c3=O)cc2)cc1,False
Cc1cc(C)nc(NS(=O)(=O)c2ccc(Nc3c4ccccc4nc4c(C(=O)NNCCO)cccc34)cc2)n1,False
COC(=O)c1ccccc1c1c2-c(cc(=N)cc2)oc2cc(N)ccc12,True
CC(=O)NC(CC(C)C)C(=O)NC(CC(C)C)C(=O)NC(C=O)CCCNC(=[NH2+])N,True
COc1ccc(C(=O)c2c(C(C(=O)c3ccc(OC)cc3)C(=O)c3ccc(OC)cc3)n(C(=O)c3ccc(OC)cc3)c3ccccc23)cc1,False
COc1cc2c(ccc3c4cc(OC)c(OC)cc4c[n+](C)c23)cc1O,True
NS(=O)(=O)c1nn2c(Br)c(c3ccccc3)nc2s1,False
C[NH+](C)CCOC(c1ccccc1)c1ccccc1,False
COc1ccc2c(c1)N(CC(C)C[NH+](C)C)c1ccccc1S2,True
CCOC(=O)c1c(c2ccc(Cl)cc2)c(C#N)c(=S)n(C2OC(COC(=O)C)C(OC(=O)C)C(OC(=O)C)C2OC(=O)C)c1C,False
C=CCC1C=C(C)CC(C)CC(OC)C2OC(O)(C(=O)C(=O)N3CCCCC3C(=O)OC(C(=CC3CCC(O)C(OC)C3)C)C(C)C(O)CC1=O)C(C)CC2OC,True
Cc1nc2n(c(=O)c1CC[NH+]1CCC(c3noc4cc(F)ccc34)CC1)CCCC2O,True
Cc1n(Cc2ccc([N+](=O)[O-])cc2)c2c([n+]1c1ccccc1)C(=O)c1ccccc1C2=O,True
Cc1cc(C(=C2C=CC(=N)C=C2)c2ccc(N)cc2)ccc1N,True
CC1=CC2OC3C(O)CC(C)(C43CO4)C2(CO)C(O)C1=O,True
COc1cc(C2c3cc4c(cc3C(OC3OC5COC(C)OC5C(O)C3O)C3COC(=O)C23)OCO4)cc(OC)c1O,True
O=C([O-])c1cn(C2CC2)c2cc(N3CC[NH2+]CC3)c(F)cc2c1=O,False
CC=C1NC(=O)C2CSSCCC=CC(CC(=O)NC(C(C)C)C(=O)N2)OC(=O)C(C(C)C)NC1=O,True
NC(=[NH+]O)c1ccc(CNC(=O)C2CCN2C(=O)C([NH2+]CC(=O)[O-])C2CCCCC2)cc1,True
COC12C(COC(=O)N)C3=C(C(=O)C(=C(N)C3=O)C)N1CC1[NH2+]C21,True
Cc1cc(c2ccco2)c(C#N)c(=S)n1C1OC(CO)C(O)C(O)C1O,False
CCC(C)C(=O)OC1CC(C)C=C2C=CC(C)C(CCC3CC(O)CC(=O)O3)C12,False
C=C1CC2(CC(c3ccccc3C)OC(c3ccccc3C)C2)OC1=O,False
Nc1c2c(nc3ccccc13)CCCC2,False
CCC(CCC(C)C1CCC2C3CCC4CC(O)CCC4(C)C3CCC12C)C(C)C,False
COc1ccc2c(c1)CCC(=C2c1ccc(OCC[NH+]2CCCC2)cc1)c1ccccc1,True
COc1ccc(OC(F)(F)F)cc1C[NH2+]C1CCC[NH2+]C1c1ccccc1,True
O=C1C=CC(=O)c2ccc(=O)ccc12,False
O=C(OC1Cc2c(O)cc(O)cc2OC1c1cc(O)c(O)c(O)c1)c1cc(O)c(O)c(O)c1,False
O=C1c2c(O)ccc(O)c2C(=O)c2c(NCC[NH2+]CCO)ccc(NCC[NH2+]CCO)c12,True
C[NH+](C)C1C(=C(C(=O)N)C(=O)C2(O)C(=C3C(=O)c4c(O)cccc4C(C)(O)C3CC12)[O-])[O-],True
Cc1c2cc[n+](C)cc2c(C)c2c1oc1ccccc21,True
C[n+]1ccc(c2cc[n+](C)cc2)cc1,False
CCC(C)C1OC2(C=CC1C)CC1CC(CC=C(C)C(OC3CC(OC)C(OC4CC(OC)C(NC(=O)C)C(C)O4)C(C)O3)C(C)C=CC=C3COC4C(O)C(=CC(C(=O)O1)C34O)C)O2,True
Cc1cn(c2cc(NC(=O)c3ccc(C)c(Nc4nccc(c5cccnc5)n4)c3)cc(C(F)(F)F)c2)cn1,False
CN(C)C(=O)Oc1cccc([N+](C)(C)C)c1,True
CC1CC2C3CCC4=CC(=O)C=CC4(C)C3(Cl)C(O)CC2(C)C1(O)C(=O)CO,True
CCC1OC(=O)C(C)C(=O)C(C)C(OC2OC(C)CC([NH+](C)C)C2O)C(C)(OC)CC(C)C(=O)C(C)C2N(CCCCn3cnc(c4cccnc4)c3)C(=O)OC12C,True
CCC1OC(=O)C(C)C(OC2CC(C)(OC)C(O)C(C)O2)C(C)C(OC2OC(C)CC([NH+](C)C)C2O)C(C)(O)CC(C)C(=O)C(C)C(O)C1(C)O,True
COc1ccc(c2c3c(n(C4OC(COC(=O)C)C(OC(=O)C)C(OC(=O)C)C4OC(=O)C)c(=S)c2C#N)CC(C)(C)CC3=O)cc1,False
CCOP(=S)(OCC)Oc1nc(Cl)c(Cl)cc1Cl,False
COc1cc2ncnc(Nc3cccc(Cl)c3)c2cc1OC,True
O=C1CC(Sc2ccccc2)C2(OCCO2)C(Sc2ccccc2)C1,False
Nc1nc(N)c2nc(c3ccccc3)c(N)nc2n1,False
CC12CCC(=O)C=C1CCC1C2CCC2(C)C(O)CCC12,False
CC1CC2C3CCC4=CC(=O)C=CC4(C)C3(F)C(O)CC2(C)C1(O)C(=O)CO,True
C#CC[NH+](C)C(C)Cc1ccccc1,False
CCCC(C)(COC(=O)N)COC(=O)N,False
CC(=O)c1c(c2ccco2)c(C#N)c(=S)n(C2OC(CO)C(O)C(O)C2O)c1C,False
CC(C)CCCC(C)C1CCC2C3CC=C4CC(O)CCC4(C)C3CCC12C,True
CC(CCc1nc(C#N)c(N)o1)C1CCC2C3C(O)CC4CC(O)CCC4(C)C3CC(O)C12C,True
O=C(CCC[NH+]1CCC(=C(c2ccc(F)cc2)c2ccc(F)cc2)CC1)N1CCCC1,True
CC(=O)OC12COC1CC(O)C1(C)C(=O)C(O)C3=C(C)C(OC(=O)C(O)C(NC(=O)OC(C)(C)C)c4ccccc4)CC(O)(C(OC(=O)c4ccccc4)C21)C3(C)C,True
COc1cc2c(cc1OC)C[NH+](CCCC1=CCCc3cc(OC)c(OC)cc13)CC2,False
CCCCC(C=O)NC(=O)C(CC(C)C)NC(=O)C(CC(C)C)NC(=O)C,True
CC(=NO)CC[NH+](C)C,False
CCC1=CC2C[NH+](C1)Cc1c([nH]c3ccccc13)C(C(=O)OC)(c1cc3c(cc1OC)N(C)C1C(O)(C(=O)OC)C(OC(=O)C)C4(CC)C=CC[NH+]5CCC31C45)C2,True
COC(=O)C1=C(C(=O)OC)N(c2ccc(OC)cc2[N+](=O)[O-])C(=CC1c1ccc(OC)cc1OC)c1ccc(C)cc1,False
O=c1c2ccccc2n(CCCn2c3ccccc3c(=O)c3ccccc23)c2ccccc12,False
C[NH+]1CCCC1Cc1c[nH]c2ccc(CCS(=O)(=O)c3ccccc3)cc12,True
CC12CCC(=O)C=C1CCC1C2C(O)CC2(C)C(C(=O)CO)CCC12,True
COc1ccc2nccc(NCCC[NH+]3CC[NH+](CCCNc4ccnc5ccc(OC)cc45)CC3)c2c1,True
CCC(C)C1NC(=O)C(NC(=O)c2c3-c(oc4c(n3)c(C(=O)NC3C(=O)NC(C(C)CC)C(=O)N5CCCC5C(=O)N(C)CC(=O)N(C)C(C(C)C)C(=O)OC3C)ccc4C)c(C)c(=O)c2O)C(C)OC(=O)C(C(C)C)N(C)C(=O)CN(C)C(=O)C2CCCN2C1=O,True
COC(=O)c1ccccc1c1c2ccc(N)cc2[o+]c2cc(N)ccc12,True
O=C([O-])c1ccccc1O,False
CCN(CC)C(=O)Nc1ccc(OCC(O)C[NH2+]C(C)(C)C)c(C(=O)C)c1,True
CCC1(C)CC(=O)NC1=O,False
CCN1CCN(C(=O)NC(C(=O)NC2C(=O)N3C(=C(CSc4nnnn4C)CSC23)C(=O)[O-])c2ccc(O)cc2)C(=O)C1=O,True
COc1ccc(Br)c(C=Nc2cccc3cc(OC)c(OC)cc23)c1,False
COc1ccc2c(c1OC)C(=O)OC2C1c2c(cc3c(c2OC)OCO3)CC[NH+]1C,False
COC(=O)Nc1nc2ccc(S(=O)c3ccccc3)cc2[nH]1,False
CNC(=O)ON=CC(C)(C)SC,False
CC(C)(C)NC(=O)C1CC2CCCCC2C[NH+]1CC(O)C(Cc1ccccc1)NC(=O)C(CC(=O)N)NC(=O)c1ccc2ccccc2n1,True
Cn1c2ccccc2c(=O)c2c(O)cc3c(c12)CC(C1(C)CO1)O3,False
OC(c1ccccc1)(c1ccccc1)C1CC[NH2+]CC1,False
C[NH+](C)CCNC(=O)c1ccc2c3c(-c4cc(O)ccc4Nc13)nn2CC[NH+](C)C,True
CC12C=CC(=O)C=C1CCC1C2C(O)CC2(C)C1CCC2(O)C(=O)CO,False
O=C1C(=C(C2CCC(c3ccc(Cl)cc3)CC2)C(=O)c2ccccc12)[O-],False
COc1cccc2c1C1COC3C4CC(C(=O)[O-])C(C(C2)[NH+]13)[NH+]4C,False
COc1ccc2c(c1)c1nn(CC[NH+](C)C)c3ccc4c(=O)n(CC[NH+](C)C)c(=O)n2c4c13,True
[NH3+]C1CN(c2c(F)cc3c(=O)c(C(=O)[O-])cn(C4CC4F)c3c2Cl)CC21CC2,True
CC(C)CCCCCCCCCCCCC(=O)NCC(=O)NC1C(C)OC(Nc2ncnc3nc[nH]c23)C(O)C1O,False
NC(=O)CCCN=C(c1ccc(Cl)cc1)c1cc(F)ccc1O,False
CCCCC(=O)N(Cc1ccc(c2ccccc2C2=[N-]N=NN2)cc1)C(C(=O)[O-])C(C)C,False
CCCCCC(O)C=CC1C(=O)C=CC1CC=CCCCC(=O)[O-],True
CC1(C)CC(Nc2ccc(Nc3ccccc3)cc2)CC(C)(C)[NH2+]1,False
O=C1C(=Cc2ccccc2)CN(C(=O)CC[NH+]2CCCCC2)CC1=Cc1ccccc1,False
CN1C(=C([O-])c2sccc2S1(=O)=O)C(=O)Nc1ccccn1,True
CC(=Cc1csc(C)n1)C1CC2OC2CCCC(C)C(O)C(C)C(=O)C(C)(C)C(O)CC(=O)O1,True
CCC1(O)CC2C[NH+](CCc3c([nH]c4ccccc34)C(C(=O)OC)(c3cc4c(cc3OC)N(C=O)C3C(O)(C(=O)OC)C(OC(=O)C)C5(CC)C=CC[NH+]6CCC43C56)C2)C1,True
C[NH2+]C1CC2OC(C)(C1OC)n1c3ccccc3c3c4c(c5c6ccccc6n2c5c13)C(=O)NC4,True
COc1ccc(C2COc3c(ccc(O)c3C)C2)cc1OC,False
CC(=O)C1OC(Oc2ccc(C=C(C)C(=O)NC3C(O)C(O)C4OCOC4C3O)cc2O)C(O)C1O,False
O=C1NC(=O)C(c2ccccc2)(c2ccccc2)N1,False
CC([NH2+]C(C)(C)C)C(=O)c1cccc(Cl)c1,True
CCCCN1C(=O)C(=CC=CC=C2Oc3ccccc3N2CCCS(=O)(=O)[O-])C(=O)N(CCCC)C1=S,False
COC1CC(CC2CCC(C)C(C(C)C(=O)[O-])O2)OC2(OC(C)(C3CCC(C)(C4OC(C5OC(O)(CO)C(C)CC5C)CC4C)O3)CC2C)C1C,False
Cc1c2ccn(Cc3ccc(I)cc3)cc2c(C)c2c1[nH+]c1ccccc21,True
O=c1[nH]c(=O)n(C2CC(O)C(CO)O2)cc1F,False
CCC1OC(=O)C(C)C(OC2CC(C)(OC)C(O)C(C)O2)C(C)C(OC2OC(C)CC([NH+](C)C)C2O)C(C)(OC)CC(C)C(=O)C(C)C(O)C1(C)O,True
CCC(=C(c1ccccc1)c1ccc(OCC[NH+](C)C)cc1)c1ccccc1,False
COc1ccc(CCNc2nc(N3CCc4cc(OC)c(OC)cc4C3)c3cc(OC)c(OC)cc3n2)cc1OC,True
COc1ccc(C2=CN3CCCC3C=C2c2cc(O)c(OC)c(OC)c2)cc1OC,False
COc1ccc2[nH]c3c(C)c4ccnc(NCCC[NH+](C)CCCNC(=O)NCCC[NH+](C)CCCNc5nccc6c(C)c7[nH]c8ccc(OC)cc8c7c(C)c56)c4c(C)c3c2c1,True
O=C1N=NC(=O)N1c1cc(C(F)(F)F)cc(C(F)(F)F)c1,False
CCC1=CC2C[NH+]3CCc4c([nH]c5ccccc45)C(C(=O)OC)(C2)C13,True
C[NH+]=C(NC#N)NCCSCc1nc[nH]c1C,False
CCCCCCCCCCCCCCCCCCOCC(COCCOCC[N+]1(CCCCCC(=O)[O-])CCCC1)Oc1ncccn1,True
O=c1ncccn1C1OC(CO)C(O)C1O,False
CC(=CC=CC=C(C)C=CC=C(C)C=CC1=C(C)C(=O)CCC1(C)C)C=CC=C(C)C=CC1=C(C)C(=O)CCC1(C)C,True
CCCCCCCCCCCCCCCC(=O)OCC1OC(OC)C2NP(=O)(N(CCCl)CCCl)OC1C2O,False
COc1cc(C2Oc3cc(c4oc5cc(O)cc(O)c5c(=O)c4O)ccc3OC2CO)ccc1O,False
Cn1nnc(c2ccc3c(c2)c(C2CC[NH+](CCN4CCNC4=O)CC2)cn3c2ccc(F)cc2)n1,True
COc1cc2c(cc1OC)C[NH+](CCc1ccc(NC(=O)c3cccc4c(=O)c5cccc(OC)c5[nH]c34)cc1)CC2,False
CCC1C[N+]2(CCCC3(C)N=N3)C3CC45c6ccccc6N(C)C4C2CC1C3C5O,True
O=C1Cc2ccccc2N1,False
CCCC1OC2CC3C4CCC5=CC(=O)C=CC5(C)C4C(O)CC3(C)C2(C(=O)CO)O1,False
COc1cc2c(-c3ccc(OC)c(=O)cc3C(NC(=S)Nc3ccc4c(c3)C(=O)OC34c4ccc(O)cc4Oc4cc(O)ccc34)CC2)c(OC)c1OC,True
CC1=C2CC(=O)c3ccccc3C3OC(=O)OC3(CC1)C2(C)C,True
CC1=C2COc3ccccc3C3OC(=O)OC3(CC1)C2(C)C,True
O=c1[nH]c2ccccc2n1CCC[NH+]1CCC(n2c(=O)[nH]c3cc(Cl)ccc23)CC1,True
CC(=O)OC(C)c1cc2c(s1)C(=O)c1scc(C(C)OC(=O)C)c1C2=O,False
O=C(C=P(c1ccccc1)(c1ccccc1)c1ccccc1)c1ccccc1c1ccccc1C(=O)C=P(c1ccccc1)(c1ccccc1)c1ccccc1,False
CC[NH+](CC)C1Oc2cc3c(cc2C(c2cc(OC)c(O)c(OC)c2)C1C)OCO3,False
CC=C(N=C=S)C(=O)OC1C(COC(=O)C)OC(C2(O)CC(=O)C(=N)C(C(=O)[O-])C2=O)C(O)C1OC1CC(OC)C(O)(C(C)OC(=O)C(C)CC)C(C)O1,True
COc1cc(C=CC(=O)CC(=O)C=Cc2ccc(O)c(OC)c2)ccc1O,False
Cc1c2ccn(C)cc2c(C)c2c1[nH+]c1ccccc21,True
C=C(CCC(O)C1(C)CCC(C(C)(C)O)O1)C1CCC2OC(C3(C)CCC(Br)C(C)(C)O3)CCC2(C)O1,False
CC(C)CCCC(C)C1CCC2C3CCC4CC(O)CCC4(C)C3CCC12C,False
CCC1(O)CC2C[NH+](CCc3c([nH]c4ccccc34)C(C(=O)OC)(c3cc4c(cc3OC)N(C)C3C(O)(C(=O)OC)C(OC(=O)C)C5(CC)C=CC[NH+]6CCC43C56)C2)C1,True
C[NH+](C)CCOc1ccc(C(=C(CCCl)c2ccccc2)c2ccccc2)cc1,True
CCCCCCCCCCCCOCCOCCOCCOCCOCCOCCOCCOCCO,True
CCOC1c2cc(OC)c(OC)cc2-c2ccc3ccccc3c2N1C,True
COC(=O)C1=C(C(=O)OC)C(C(=O)OC)C(C(=O)OC)C(C(=O)OC)(C(=O)OC)C(=C1C(=O)OC)C(=O)OC,False
CC(C)CN(CC(O)C(Cc1ccccc1)NC(=O)OC1CCOC1)S(=O)(=O)c1ccc(N)cc1,True
CC(=CCCC(=CCCC(=CCSCC([NH3+])C(=O)[O-])C)C)C,False
COc1ccc2[nH]cc(C3C4CCC(C4)C3[NH2+]Cc3cccc(C[NH2+]C4C5CCC(C5)C4c4c[nH]c5ccc(OC)cc45)c3)c2c1,False
CC1CCC2C(C)C(=O)OC3OC4(C)CCC1C23OO4,False
CC1CC2C(C(O)CC3(C)C2CCC3(O)C(=O)CO)C2(C)C=CC(=O)C=C12,True
Cc1c(OCC(F)(F)F)ccnc1CS(=O)c1nc2ccccc2[nH]1,True
CC(=O)OC1C(=O)C2(C)C(O)CC3OCC3(OC(=O)C)C2C(OC(=O)c2ccccc2)C2(O)CC(OC(=O)C(O)C(NC(=O)c3ccccc3)c3ccccc3)C(=C1C2(C)C)C,True
Nc1ccn(C2OC(CO)C(O)C2(F)F)c(=O)n1,False
[NH3+]C12CC3CC(CC(C3)C1)C2,False
CC(C)C(C)CCC(C)C1CCC2C3CC=C4CC(O)CCC4(C)C3CCC12C,False
COc1ccc2[nH]c3c(C)c4c(c(C)c3c2c1)CN(C)C=C4,True
C[NH+](C)CCC=C1c2ccccc2CCc2ccccc12,False
CC1(C)CC(=O)N(CCCC[NH+]2CCN(c3ncccn3)CC2)C(=O)C1,True
Cc1nc2c(O)c3c(c(O)c2nc1C)C1=C=C=C3CC1,False
COC1CC(C)(O)Cc2cc3c(c(O)c12)C(=O)c1c(O)cc2c(c1C3=O)OC1OC2(C)C(O)C([NH+](C)C)C1O,False
CC([NH2+]C(C)(C)CO)C(=O)c1cccc(Cl)c1,True
c1ccc2c(c1)Nc1ccccc1O2,True
COc1ccc2c[n+](C)c3c4cc(OC)c(OC)cc4ccc3c2c1,True
COc1cc(OC)c(C(=O)C=Cc2cn(C)c3ccccc23)c(OC)c1,False
Clc1ccc2c(c1)CCc1cccnc1C2=C1CC[NH2+]CC1,True
CC(=O)OC1C(=O)C2(C)C(O)CC3OCC3(OC(=O)C)C2C(OC(=O)c2ccccc2)C2(O)CC(OC(=O)C(O)C(NC(=O)c3ccccc3)c3ccc4ccccc4c3)C(=C1C2(C)C)C,True
C#Cc1cccc(Nc2ncnc3cc(OCCOC)c(OCCOC)cc23)c1,True
CC(C)CC(C=O)NC(=O)C(CC(C)C)NC(=O)C(CC(C)C)NC(=O)OCc1ccccc1,True
CN(Cc1cnc2nc(N)nc(N)c2n1)c1ccc(C(=O)NC(CCC(=O)[O-])C(=O)[O-])cc1,False
O=C([O-])C1OC(Oc2ccc(C3Sc4cc(O)ccc4C3C(=O)c3ccc(OCC[NH+]4CCCCC4)cc3)cc2)C(O)C(O)C1O,False
CN(C)c1cccc(C=C(C#N)c2ccccc2)c1,False
CN(C)C(=S)SN(C)C(=O)Nc1ccccc1,False
C[NH+](C)CCC=C1c2ccccc2COc2ccc(CC(=O)[O-])cc12,True
O=C1C(=C(CO)C(=O)c2c(O)ccc(O)c12)CO,False
Cc1ccc(C(=CC[NH+]2CCCC2)c2cccc(C=CC(=O)N3CCCCC3)n2)cc1,True
CC(=O)NC(CSC(=O)C1(C(O)C(C)C)NC(=O)C(C)C1O)C(=O)[O-],True
N[Pt](N)(Cl)Cl,False
NC(=O)c1cc[n+](CC2=C(C(=O)[O-])N3C(=O)C(NC(=O)C(c4ccccc4)S(=O)(=O)[O-])C3SC2)cc1,False
OC(CC[NH+]1CCCCC1)(c1ccccc1)C1CC2C=CC1C2,False
CC(C)c1c(C(=O)Nc2ccccc2)c(c2ccccc2)c(c2ccc(F)cc2)n1CCC(O)CC(O)CC(=O)[O-],True
Cc1ccc(c2nc3ccc(C)cn3c2CC(=O)N(C)C)cc1,False
CCCCCC=CCC=CC=CC=CC(SCC(NC(=O)CCC([NH3+])C(=O)[O-])C(=O)NCC(=O)[O-])C(O)CCCC(=O)[O-],False
COc1cc(Cc2cnc(N)nc2N)cc(OC)c1OC,True
COc1ccc2c(c1)c1c(C)c3cn(C)ccc3c(C)c1[n+]2C,True
COc1ccccc1NS(=O)(=O)c1cc(C(C)(C)C)ccc1OCCOc1ccc(C(C)(C)C)cc1S(=O)(=O)Nc1ccccc1OC,False
Cc1c2ccn(C)c(C)c2cc2c1[nH+]c1ccccc21,True
COc1ccc2[nH]c3c(C)c4ccnc(NCCC[NH+](C)CCCNc5ccc6ncn7c8ccccc8c(=O)c5c67)c4c(C)c3c2c1,False
CC[NH+](CC)CCNC(=O)c1c(C)[nH]c(C=C2C(=O)Nc3ccc(F)cc23)c1C,True
C[NH2+]C1CCC(c2ccc(Cl)c(Cl)c2)c2ccccc12,True
[NH3+]C(Cc1cc(I)c(Oc2cc(I)c(O)c(I)c2)c(I)c1)C(=O)[O-],False
CCC(C)(O)C(=O)OC1C(=O)OC2CC3C(=CC(=O)C(O)C3(C)C3C4(O)OCC23C1C(C)C4O)C,False
O=c1c(Cc2ccc(O)cc2)nc2-n1cc([nH]c2CC1CCCC1)c1ccc(O)cc1,False
COc1ccc2cc(C(C)C(=O)[O-])ccc2c1,False
Oc1ccc2[nH]cc(CCCC[NH+]3CC=C(c4ccccc4)CC3)c2c1,False
C=C1C(O)C2OC3(CCC(C=CC(C)C4CC(=CC5(OC(CC(C)(O)C(=O)[O-])CCC5O)O4)C)O3)CCC2OC1C(O)CC(C)C1OC2(CCCCO2)CCC1C,True
CCC(C)C1OC2(CCC1C)CC1CC(CC=C(C)C(OC3CC(OC)C(OC4CC(OC)C(O)C(C)O4)C(C)O3)C(C)C=CC=C3COC4C(O)C(=CC(C(=O)O1)C34O)C)O2,True
CC[n+]1c(C=CC=Cc2ccc(N(C)C)cc2)sc2ccccc12,True
NC(=O)N1c2ccccc2CC(=O)c2ccccc12,True
Cc1cccc2c(NCC[NH+](C)C)c3cccc(C(=O)NCC[NH+](C)C)c3nc12,False
O=C([O-])C1OC(Oc2ccc3c(c2)SC(c2ccc(O)cc2)C3C(=O)c2ccc(OCC[NH+]3CCCCC3)cc2)C(O)C(O)C1O,False
COc1cc2c(-c3ccc(OC)c(=O)cc3C(NC(=O)C)CC2)c(OC)c1OC,True
CC[NH+](CC)CC[n+]1ccc2c(C)c3[nH]c4ccccc4c3c(C)c2c1,True
COc1ccc(C2Sc3ccccc3N(CC[NH+](C)C)C(=O)C2OC(=O)C)cc1,False
COCc1c(C(C)C)nc(C(C)C)c(C=CC(O)CC(O)CC(=O)[O-])c1c1ccc(F)cc1,True
COc1cc2c(cc1OC)C[NH+](CCC=C1CCCCC1)CC2,True
COc1cccc2c1C(=N)c1c(O)c3c(c(O)c1C2=O)CC(O)(C(=O)C)CC3OC1CC([NH3+])C(O)C(C)O1,False
COc1ccc2cc1Oc1ccc(cc1)CC1c3cc(c(OC)cc3CC[NH+]1C)Oc1c(OC)c(OC)cc3c1C(C2)[NH+](C)CC3,False
CCC(C)C(NC=O)C(=O)NCC(=O)NC(C)C(=O)NC(CC(C)C)C(=O)NC(C)C(=O)NC(C(=O)NC(C(=O)NC(C(=O)NC(Cc1c[nH]c2ccccc12)C(=O)NC(CC(C)C)C(=O)NC(Cc1c[nH]c2ccccc12)C(=O)NC(CC(C)C)C(=O)NC(Cc1c[nH]c2ccccc12)C(=O)NC(CC(C)C)C(=O)NC(Cc1c[nH]c2ccccc12)C(=O)NCCO)C(C)C)C(C)C)C(C)C,True
NC1=[NH+]CC2c3ccccc3Cc3ccccc3N12,True
O=C(NC(CO)C(O)c1ccc([N+](=O)[O-])cc1)C(Cl)Cl,False
C[NH+]1CCC(=C2c3ccccc3C=Cc3ccccc23)CC1,False
OC(COc1cccc2ncccc12)C[NH+]1CC[NH+](C2c3ccccc3C3C(c4ccccc24)C3(F)F)CC1,False
CCC(C)(C)C(=O)OC1CC(C)C=C2C=CC(C)C(CCC3CC(O)CC(=O)O3)C12,False
COCCc1ccc(OCC(O)C[NH2+]C(C)C)cc1,False
Cc1ccc(C(=CC[NH+]2CCCC2)c2cccc(C=CC(=O)[O-])n2)cc1,True
C[NH+]1CC=CCC1,True
O=CNC([NH+]1CC[NH+](C(NC=O)C(Cl)(Cl)Cl)CC1)C(Cl)(Cl)Cl,False
CC1=NN(c2ccc(C)c(C)c2)C(=O)C1=NNc1cccc(c2cccc(C(=O)[O-])c2)c1O,False
CNC(=O)Oc1ccc(N(C)C)c(C)c1,False
Cn1cc(c2ccc3c(c2)c(C2CC[NH+](CCN4CCNC4=O)CC2)cn3c2ccc(F)cc2)nn1,True
NC(=O)NO,False
Cc1ccc(C(=CC[NH+]2CCCC2)c2cccc(C=CC(=O)N3CCOCC3)n2)cc1,True
OCCOCC[NH+]1CC[NH+](C(c2ccccc2)c2ccc(Cl)cc2)CC1,False
CC1CN(c2nc(N(CCO)CC(C)(C)O)c3nc(c4ccccc4)c(N4CC(C)OC(C)C4)nc3n2)CC(C)O1,False
COC1CC(OC2C(=CCC3CC(CC4(CCC(C)C(C5CCCCC5)O4)O3)OC(=O)C3C=C(C)C(=NO)C4OCC(=CC=CC2C)C34O)C)OC(C)C1O,True
Cc1cnc(NCCC[NH+](C)C)c2c1[nH]c1ccc3cc(O)ccc3c21,True
CC(C)(C)c1cnc(CSc2cnc(NC(=O)C3CC[NH2+]CC3)s2)o1,True
CC(=O)OC1CC2CCC3C(CCC4(C)C3CC([N+]3(C)CCCCC3)C4OC(=O)C)C2(C)CC1[NH+]1CCCCC1,True
OC(COc1cccc2ncccc12)C[NH+]1CC[NH+](C2c3ccccc3CCc3ccccc23)CC1,False
COc1cc2-c3c(N(C(c2cc1OC)OC)C)c1c(cc3)cc2c(c1)OCO2,True
COc1ccc2c(-c3nn(CC[NH+](C)C)c4ccc(C(=O)NCC[NH+](C)C)c(c34)N2)c1,True
COc1ccc(Cl)cc1C(=O)NCCc1ccc(S(=O)(=O)NC(=[NH+]C2CCCCC2)NC#N)cc1,True
CSc1nc(c2ccc(C)cc2)c(C#N)c(=O)[nH]1,False
Cc1c2-c(nc3c(o2)c(C)ccc3C(=O)NC2C(=O)NC(C(C)C)C(=O)N3CCCC3C(=O)N(C)CC(=O)N(C)C(C(C)C)C(=O)OC2C)c(C(=O)NC2C(=O)NC(C(C)C)C(=O)N3CCCC3C(=O)N(C)CC(=O)N(C)C(C(C)C)C(=O)OC2C)c(N)c1=O,True
CCC1(O)CC2C[NH+](CCc3c([nH]c4ccccc34)C(C(=O)OC)(c3cc4c(cc3OC)N(C)C3C(O)(C(=O)N)C(O)C5(CC)C=CC[NH+]6CCC43C56)C2)C1,True
CCC(C)n1ncn(c2ccc(N3CCN(c4ccc(OCC5COC(Cn6cncn6)(c6ccc(Cl)cc6Cl)O5)cc4)CC3)cc2)c1=O,False
C=CC1CC1(NC(=O)C1CC(Oc2cc(c3ccccc3)nc3cc(OC)ccc23)CN1C(=O)C(NC(=O)OC(C)(C)C)C(C)(C)C)C(=O)NCC(F)(F)F,True
Cc1cn(C2CC(N=[N+]=[N-])C(CO)O2)c(=O)[nH]c1=O,False
CN(C(=O)C(c1ccccc1)c1ccccc1)C(C[NH+]1CCC(O)C1)c1ccccc1,True
CC(=O)OCOC(=O)CCCc1cc2c(cc1OC(=O)C)Oc1cc(OC(=O)C)c(CCCC(=O)OCOC(=O)C)cc1C12OC(=O)c2cc(C(=O)OCOC(=O)C)ccc12,False
CC(C)[NH2+]CC(O)COc1ccc(CCNC(=O)NC(C)C)cc1,True
CNC(=O)c1cc(Oc2ccc(NC(=O)Nc3ccc(Cl)c(C(F)(F)F)c3)cc2)ccn1,False
COc1cccc2c1C(=O)c1c(O)c3c(c(O)c1C2=O)CC(O)(C(=O)CO)CC3OC1CC([NH+]2CCOCC2)C(O)C(C)O1,False
CC[n+]1c(C=Cc2ccc(N(CCCl)CCCl)cc2)ccc2cc(NC(=O)C=Cc3ccccc3)ccc12,True
CON=C(C(=O)NC1C(=O)N2C(=C(CSc3nc(=O)c(=O)[nH]n3C)CSC12)C(=O)[O-])c1csc(N)n1,False
COC1CC(C)C(OC)c2cc(O)cc(c2O)NC(=O)C(=CC=CC(C)C(OC(=O)N)C(=CC(C)C1OC)C)C,True
C=CCC([NH3+])c1ccccc1c1noc2ccccc12,True
CCC(C)C(C(CC(=O)N1CCCC1C(OC)C(C)C(=O)NC(Cc1ccccc1)c1nccs1)OC)N(C)C(=O)C(NC(=O)C(C(C)C)[NH+](C)C)C(C)C,True
CCC(=O)N(c1ccccc1)C1(COC)CC[NH+](CCn2nnn(CC)c2=O)CC1,False
O=C([O-])c1cc(C(=O)[O-])c2c(n1)c(O)c(O)c1cc(C(=O)[O-])[nH]c21,True
COc1ccc(CC([NH3+])C(=O)NC2C(CO)OC(n3cnc4c(N(C)C)ncnc34)C2O)cc1,True
COCOc1ccc2c(c1)C1OC(=O)OC31CCC(=C(COC2)C3(C)C)C,True
Cc1cc(NS(=O)(=O)c2ccc(N)cc2)no1,False
CCC1OC(=O)C(C)C(OC2CC(C)(OC)C(O)C(C)O2)C(C)C(OC2OC(C)CC([NH+](C)C)C2O)C(C)(O)CC(C)C[NH+](C)C(C)C(O)C1(C)O,True
Cc1cccc(NC(=O)NC2N=C(c3ccccc3)c3ccccc3N(C)C2=O)c1,True
CNc1nc(N(C)C)nc(N(C)C)n1,False
O=C1C(CCS(=O)c2ccccc2)C(=O)N(c2ccccc2)N1c1ccccc1,False
CCn1cc(C(=O)[O-])c(=O)c2cc(F)c(N3CC[NH2+]CC3)cc12,True
CC(=O)NCCCCCCNC(=O)C,False
COC(C(=O)C(O)C(C)O)C1Cc2cc3cc(OC4CC(OC(=O)C)C(OC5CC(O)C(OC)C(C)O5)C(C)O4)cc(O)c3c(O)c2C(=O)C1OC1CC(OC2CC(OC3CC(C)(O)C(OC(=O)C(C)C)C(C)O3)C(O)C(C)O2)C(O)C(C)O1,True
COc1cc(C2c3cc4c(cc3C([NH3+])C3COC(=O)C23)OCO4)cc(OC)c1OC,False
N[Pt]1(N)OC(=O)C2(CCC2)C(=O)O1,False
S=C1C(=[NH+]c2ccccc2)N(c2ccccc2)C(=[NH+]c2cccc[n+]2Cc2ccccc2)N1c1ccccc1,False
CCCCN1C(=O)C(=CC=CC=C2Oc3ccccc3N2CCCS(=O)(=O)[O-])C(=O)N(CCCC)C1=O,False
CC(=O)OCC1OC(n2c3c(cc(C#N)c2=O)CCCCCC3)C(OC(=O)C)C(OC(=O)C)C1OC(=O)C,False
COc1ccc2c3c([nH]c2c1)C1CC2C(C[NH+]1CC3)C(O)C(OC)C2C(=O)[O-],False
Cc1nc(N)nc(N)c1c1ccc(Cl)c(Cl)c1,False
Nc1ccn(C2OC(CO)C(O)C2O)c(=O)n1,False
COc1ccc(C2C(=C(S)N(C3OC(COC(=O)C)C(OC(=O)C)C(OC(=O)C)C3OC(=O)C)C(=C2C(=O)C)c2ccccc2)C#N)cc1,False
Cc1coc2ccccc2c1=O,True
CCN(CC)C(=S)SSC(=S)N(CC)CC,True
NC(=[NH+]c1nc(CSCCC(=[NH+]S(=O)(=O)N)N)cs1)N,True
CC(C)(C)CC(C)(C)c1ccc(OCCO)cc1,True
COC1(C)C(N(C)C(=O)c2ccccc2)C2OC1(C)n1c3ccccc3c3c4c(c5c6ccccc6n2c5c13)C(=O)NC4,True
CC(C)CC(NC(=O)C(C)NC(=O)CNC(=O)C(NC=O)C(C)C)C(=O)NC(C)C(=O)NC(C(=O)NC(C(=O)NC(C(=O)NC(Cc1c[nH]c2ccccc12)C(=O)NC(CC(C)C)C(=O)NC(Cc1c[nH]c2ccccc12)C(=O)NC(CC(C)C)C(=O)NC(Cc1c[nH]c2ccccc12)C(=O)NC(CC(C)C)C(=O)NC(Cc1c[nH]c2ccccc12)C(=O)NCCO)C(C)C)C(C)C)C(C)C,True
CC(C)CC([NH3+])C(=O)NC(CCC[NH3+])C(=O)NC(C(=O)NC(CCC[NH3+])C(=O)N1CCCC1C(=O)NC(C=O)Cc1ccccc1)C(C)C,True
COC1CC(OC2C(C)OC(OC3C(=CCC4CC(CC5(CCC(C)C(C(C)C)O5)O4)OC(=O)C4C=C(C)C(O)C5OCC(=CC=CC3C)C45)C)CC2OC)OC(C)C1O,True
CCC(NC(=O)C1CCCN1C(=O)C(Cc1ccccc1)NC(=O)C([NH3+])CC(C)C)C(=O)NC(CCC[NH3+])C(=O)NC(CC(C)C)C(=O)NC(Cc1ccccc1)C(=O)N1CCCC1C(=O)NC(CC)C(=O)NC(C=O)CCC[NH3+],True
CC=Cc1ccc2c(c1)OCO2,True
Cc1cc(=O)oc2cc(O)ccc12,True
CC1NC(=O)C(NC(=O)c2ncccc2O)C(C)OC(=O)C(c2ccccc2)NC(=O)C2CC(=O)CCN2C(=O)C(Cc2ccc(N(C)C)cc2)N(C)C(=O)C2CCCN2C1=O,True
CC=CC(C)C(O)C1C(=O)NC(CC)C(=O)N(C)CC(=O)N(C)C(CC(C)C)C(=O)NC(C(C)C)C(=O)N(C)C(CC(C)C)C(=O)NC(C)C(=O)NC(C)C(=O)N(C)C(CC(C)C)C(=O)N(C)C(CC(C)C)C(=O)N(C)C(CC(C)C)C(=O)N1C,True
CC(C)CC(NC(=O)C(C)NC(=O)CNC(=O)C(NC=O)C(C)C)C(=O)NC(C)C(=O)NC(C(=O)NC(C(=O)NC(C(=O)NC(Cc1c[nH]c2ccccc12)C(=O)NC(CC(C)C)C(=O)NC(Cc1ccccc1)C(=O)NC(CC(C)C)C(=O)NC(Cc1c[nH]c2ccccc12)C(=O)NC(CC(C)C)C(=O)NC(Cc1c[nH]c2ccccc12)C(=O)NCCO)C(C)C)C(C)C)C(C)C,True
OCC[NH+]1CC[NH+](CCC=C2c3ccccc3Sc3ccc(C(F)(F)F)cc23)CC1,True
Cc1ccc(C(=O)NC2C(=O)NC(C(C)C)C(=O)N3CCCC3C(=O)N(C)CC(=O)N(C)C(C(C)C)C(=O)OC2C)c2c1Oc1c(c(C(=O)NC3C(=O)NC(C(C)C)C(=O)N4CCCC4C(=O)N(C)CC(=O)N(C)C(C(C)C)C(=O)OC3C)c3nc(c4ccccc4)c(=O)oc3c1C)N2,True
CC1CC2CCC(O2)C(C)C(=O)OC(C)CC2CCC(O2)C(C)C(=O)OC(C)CC2CCC(O2)C(C)C(=O)OC(C)CC2CCC(O2)C(C)C(=O)O1,True
CCC(=O)OC1C(=O)C2(C)C(O)CC3OCC3(OC(=O)C)C2C(OC(=O)c2ccccc2)C23OC(=O)OC2C(OC(=O)C(O)C(C=C(C)C)NC(=O)OC(C)(C)C)C(=C1C3(C)C)C,True
COc1c2c(c(O)c3c4c(ccc13)C1OC3(C(OC)OC5CC(C)(O)C(OC6CC(C)(O)C(O)C(C)O6)C(C)O5)OC1C(OC)(O4)C13CO1)C(=O)C(O)CC2OC1CC(C)(O)C(OC(=O)C)C(C)O1,True
CC=CC(NC(=O)OC(C)(C)C)C(O)C(=O)OC1C(=C2C(O)C(=O)C3(C)C(O)CC4OCC4(OC(=O)C)C3C(OC(=O)c3ccccc3)C3(OC(=O)OC13)C2(C)C)C,True
CC(=O)OC1C(=O)C2(C)C(O)CC3OCC3(OC(=O)C)C2C(OC(=O)c2ccccc2)C23OC(=O)OC2C(OC(=O)C(O)C(NC(=O)OC(C)(C)C)c2ccco2)C(=C1C3(C)C)C,True
CCCC(NC(=O)OC(C)(C)C)C(O)C(=O)OC1C(=C2C(O)C(=O)C3(C)C(O)CC4OCC4(OC(=O)C)C3C(OC(=O)c3ccccc3)C3(OC(=O)OC13)C2(C)C)C,True
,True
CC(=O)OC1C(=O)C2(C)C(O)C(O)C3OCC3(OC(=O)C)C2C(OC(=O)c2ccccc2)C2(O)CC(OC(=O)C(O)C(NC(=O)c3ccccc3)c3ccccc3)C(=C1C2(C)C)C,True
C=C1CC2CCC34CC5OC6C(OC7CCC(CC(=O)CC8C(CC9OC(CCC1O2)CC(C)C9=C)OC(CC(O)C[NH3+])C8OC)OC7C6O3)C5O4,True
CC(=O)OCOC(=O)CN(CC(=O)OCOC(=O)C)c1ccc(C)cc1OCCOc1cc(c2cc3ccc(C(=O)OCOC(=O)C)cc3[nH]2)ccc1N(CC(=O)OCOC(=O)C)CC(=O)OCOC(=O)C,True
COCC(C(O)C(O)C(=O)NCCC(C)c1nc(C=CCC2OC3(CC(O)C2C)OC(C(CC(O)C(C)C(O)C(C)C=C(C)C(=CC=CC(=CC#N)C)C)OC)C(OP(=O)([O-])[O-])C3(C)C)co1)[NH+](C)C,True
CC(=O)OC1C(O)C(C)OC(OC(=O)C2CCC3C(C2)OC2(CC(OC(=O)C=Cc4ccccc4)C(C)CO2)C23CO2)C1OC1OC(C)C(O)C(O)C1O,True
CC(C)(C)NC(=O)C1C[NH+](Cc2cccnc2)CC[NH+]1CC(O)CC(Cc1ccc(O)cc1)C(=O)NC1c2ccccc2CC1O,True
COc1cccc2c1C(=O)c1c(O)c3c(c(O)c1C2=O)CC(O)(C(=O)CO)CC3OC1CC([NH3+])C(I)C(C)O1,True
COc1cccc2c1C(=O)c1c(O)c3c(c(O)c1C2=O)CC(O)(C(=O)CO)CC3OC1CC([NH3+])CC(C)O1,True
COc1cccc2c1C(=O)c1c(O)c3c(c(O)c1C2=O)CC(O)(C(=O)C)CC3OC1CC(NC(=O)C)C(O)C(C)O1,True
COc1cccc2c1C(=O)c1c(O)c3c(c(O)c1C2=O)CC(O)(C(=O)C)CC3OC1CC(O)C([NH3+])C(C)O1,True
CC(C)CC1NC(=O)C(Cc2ccccc2)NC(=O)CNC(=O)C(C)NC(=O)C(Cc2ccc(O)cc2)NC(=O)C=Cc2ccccc2OC1=O,True
CC(C)(C)NC(=O)C1C[NH2+]CC[NH+]1CC(O)CC(Cc1ccccc1)C(=O)NC1c2ccccc2CC1O,True
CC(C)CC1NC(=O)C(Cc2ccccc2)NC(=O)CNC(=O)C(C)NC(=O)C(Cc2ccc(O)cc2)NC(=O)OCOC1=O,True
COc1cccc2c1C(=O)c1c(O)c3c(c(O)c1C2=O)CC(O)(C(O)CO)CC3OC1CC([NH3+])C(O)C(C)O1,True
CCC(C)C(NC(=O)C([NH3+])Cc1ccc(O)cc1)C(=O)NC(C(=O)NC(CCCC[NH3+])C(=O)NCC(=O)NC(C(=O)NC(Cc1ccccc1)C(=O)NC(Cc1c[nH]c2ccccc12)C(=O)NC(CC(=O)[O-])C(=O)NC(C)C(=O)NC(CSCC=C(C)CCC=C(C)CCC=C(C)C)C(=O)OC)C(C)C)C(C)CC,True
CC(C)(C)NC(=O)C1C[NH2+]CC[NH+]1CC(O)CC(Cc1ccccc1)C(=O)NC1c2ccccc2C(O)C1O,True
Cc1nc(c2c(F)cccc2c2ccc(C(C)NC(=O)C3(NC(=O)C(F)(F)F)CC3)c(F)c2)no1,True
COc1ccc2[nH+]c3cc(Cl)ccc3c(Nc3cc(C[NH+]4CCCC4)c(O)c(C[NH+]4CCCC4)c3)c2n1,True
COC(=O)c1c(F)cccc1c1ccc(CNC(=O)C2(NC(=O)C(F)(F)C(F)(F)F)CC2)c(F)c1,True
CC1OC(OC2CC(O)(C(C)O)Cc3c(O)c4c(c(O)c23)C(=O)c2ccccc2C4=O)CC([NH3+])C1O,True
CC(NC(=O)C1(NC(=O)C(F)(F)F)CC1)c1ccc(c2cccc(Cl)c2c2nnn(C)n2)cc1F,True
C=C1C(O)C2(O)OCC34C(CC5C(=C(O)C(=O)CC5(C)C23)C)OC(=O)C(OC(=O)CC=C(C)CCCCC)C14,True
COc1cc2c(-c3ccc(OC)c(=O)cc3C([NH+](C)Cc3ccc(O)cc3)CC2)c(OC)c1OC,True
COC(=O)c1c(F)cccc1c1ccc(CNC(=O)C2(NC(=O)C(F)(F)F)CC2)c(F)c1,True
CC(O)C1([NH3+])Cc2c(O)c3c(c(O)c2C(OC2CC(O)C(O)CO2)C1)C(=O)c1ccccc1C3=O,True
CC1(C)CCC(=C(C[NH+]2CCN(c3ccc(C(=O)[N-]S(=O)(=O)c4ccc(NC(CC[NH+]5CCOCC5)CSc5ccccc5)c(S(=O)(=O)C(F)(F)F)c4)cc3)CC2)C1)c1ccc(Cl)cc1,True
C[NH+]1CCN(C(=O)NC(Cc2ccccc2)C(=O)CC(C=CS(=O)(=O)c2ccccc2)CCc2ccccc2)CC1,True
COC(=O)c1ccccc1c1ccc(C(C)NC(=O)C2(NC(=O)C(F)(F)F)CC2)c(F)c1,True
COc1ccc2c(NCCCCCCNc3c4ccccc4[nH+]c4cc(OC)ccc34)c3ccccc3[nH+]c2c1,True
COC(=O)c1c(F)cccc1c1ccc(CNC(=O)C2(NC(=O)C(F)F)CC2)c(F)c1,True
COC(=O)c1c(F)cccc1c1ccc(C(C)NC(=O)C2(NC(=O)C)CC2)c(F)c1,True
Cc1cccc(C)c1OCC(=O)NC(Cc1ccccc1)C(O)CC(Cc1ccccc1)NC(=O)C(C(C)C)N1CCCNC1=O,True
CCN=c1cc2-c(c(c3c(o2)cc(NCC)c(C)c3)c2cccc(C(=O)OCCCCCCCCCCC3=CC(=O)C(=C(C)C3=O)C)c2)cc1C,True
Cc1cc(c2c(F)cc3c4-c(c(=O)n(n4)C4CCC([NH+](C)C)CC4)cn(C4CC4)c3c2F)cc(C)n1,True
Cc1c(c2ccc(O)cc2)n(Cc2ccc(OCC[NH+]3CCCCCC3)cc2)c2ccc(O)cc12,True
COc1cc(C2c3cc4c(cc3C([NH2+]CC(O)CO)C3COC(=O)C23)OCO4)cc(OC)c1OC,True
CCCC[NH+]1C2CCC1CC(OC(c1ccc(F)cc1)c1ccc(F)cc1)C2,True
CCCC(=O)NC1CCc2cc(O)c(OC)c(OC)c2-c2ccc(SC)c(=O)cc12,True
COc1c(O)cc2c(-c3ccc(OC)c(=O)cc3C(NC(=O)C)CC2)c1OC,True
CCN=c1cc2-c(c(c3c(o2)cc(NCC)c(C)c3)c2ccccc2C(=O)OCC)cc1C,True
CC(C)CC(NC(=O)c1cc2ccccc2o1)C(=O)NC(C)C(=O)CNS(=O)(=O)c1ccccn1,True
COc1cc2c(-c3ccc(OC)c(=O)cc3C(NC(=O)C)CC2)c(OC)c1O,True
COC(=O)c1c(F)cccc1c1ccc(CNC(=O)C2(NC(=O)C)CC2)c(F)c1,True
CCOC(=O)c1ccccc1c1c2-c(cc(=[N+](C)C)cc2)oc2cc(N(C)C)ccc12,True
C(=N[N-]C1=[NH+]CCN1)c1c2ccccc2c(C=N[N-]C2=[NH+]CCN2)c2ccccc12,True
COc1cc2c(-c3ccc(SC)c(=O)cc3C(NC=O)CC2)c(OC)c1OC,True
COC(=O)c1c(F)cccc1c1ccc(CNc2nccc(C)c2NC(=O)CC#N)c(F)c1,True
CCC[NH+]1CC(C)[NH+](C(c2ccc(C(=O)N(CC)CC)cc2)c2cccc(OC)c2)CC1C,True
COc1cc2c(-c3ccc(O)c(=O)cc3C(NC(=O)C)CC2)c(OC)c1OC,True
COc1cc2c(-c3ccc(N)c(=O)cc3C(NC(=O)C)CC2)c(OC)c1OC,True
CC(C)CC(NC(=O)c1cc2ccccc2o1)C(=O)NCC(=O)CNS(=O)(=O)c1ccccn1,True
COc1ccc(n2nnnc2C(F)(F)F)cc1C[NH2+]C1CCC[NH2+]C1c1ccccc1,True
CSCCC(C(=O)N)C(C)C(=O)C(Cc1ccccc1)NC(=O)CNC(=O)C(C)NC(=O)C([NH3+])Cc1ccc(O)cc1,True
CC(=O)NC(CC(C)C)C(=O)NC(CC(C)C)C(=O)NC(Cc1ccc(O)cc1)C(=O)N,True
CC1(C)OC2CC3C4CC(F)C5=CC(=O)C=CC5(C)C4C(O)CC3(C)C2(C(=O)CO)O1,True
C[NH2+]C(C(=O)NC(C(=O)N(C)C(C=C(C)C(=O)[O-])C(C)C)C(C)(C)C)C(C)(C)c1ccccc1,True
O=C(OC1CC2CCC(C1)[N+]12CCCC1)C(O)(c1ccccc1)c1ccccc1,True
CC(C)(C)[NH2+]Cc1cc(Nc2cc[nH+]c3cc(Cl)ccc23)c2c(c1O)CCCC2,True
C=C(c1ccc(c2ccccc2)cc1)N1CCc2cc(OC)c(OC)cc2C1,True
COc1ccc(C2=[NH+]C(c3ccc(Cl)cc3)C(c3ccc(Cl)cc3)N2C(=O)N2CCNC(=O)C2)c(OC(C)C)c1,True
C[NH2+]C1CCc2cc(OC)c(OC)c(OC)c2-c2ccc(OC)c(=O)cc12,True
CC[NH+](CC)CCCC(C)Nc1c2ccc(Cl)cc2[nH+]c2ccc(OC)cc12,True
COc1cccc(CCc2ccccc2NCc2cccc(OC)c2OC)c1,True
COc1ccccc1N1CC[NH+](CCN(C(=O)c2ccc(F)cc2)c2ccccn2)CC1,True
CC[NH2+]CCCC1(c2ccccc2)C=C(c2cc(F)ccc2F)CN1C(=O)N(C)C,True
COc1cc2c(-c3ccc(SC)c(=O)cc3C([NH3+])CC2)c(OC)c1OC,True
CC(CCc1ccc2c(c1)c(N)c1ccc(N)cc1[n+]2[O-])CC(C)(C)C,True
Cc1c2ccnc(C(=O)NCC[NH+](C)C)c2cc2c3cc(O)ccc3n(C)c12,True
COc1ccccc1OCC[NH2+]CC(O)COc1cccc2[nH]c3ccccc3c12,True
O=C(NC1CCC2(O)C3Cc4ccc(O)c5c4C2(CC[NH+]3CC2CC2)C1O5)c1ccncc1,True
C[NH+]1CCN(c2ccc3[nH]c(c4ccc5[nH]c(c6ccc(O)cc6)nc5c4)nc3c2)CC1,True
Fc1ccc(C(OC2CC3CCC(C2)[NH2+]3)c2ccc(F)cc2)cc1,True
COc1cccc(CCc2ccccc2OCc2ccc(OC)c(OC)c2)c1,True
COc1cccc(CCc2ccccc2OCc2cccc(OC)c2OC)c1,True
COc1cc2c(cc1OC)C[NH+](Cc1cccc(c3ccccc3)c1)CC2,True
COc1cc2c(cc1OC)C[NH+](Cc1ccccc1c1ccccc1)CC2,True
CC(C)Nc1cc[nH+]c(N2CCN(C(=O)c3cc4cc(NS(=O)(=O)C)ccc4[nH]3)CC2)c1,True
CCc1c2c(-c3cc(C(O)(CC)C(=O)[O-])c(CO)c(=O)n3C2)nc2ccc(OC(=O)N3CCC([NH+]4CCCCC4)CC3)cc12,True
CCOc1ccc(c2nc3cc(c4nc5cc(N6CC[NH+](C)CC6)ccc5[nH]4)ccc3[nH]2)cc1,True
O=C(c1ccc(F)cc1)C1CC[NH+](CCn2c(=S)[nH]c3ccccc3c2=O)CC1,True
CCCC1CC(C(=O)NC(C(C)O)C2OC(SC)C(O)C(O)C2O)[NH+](C)C1,True
C[NH+]1CCC(c2c(O)cc(O)c3c(=O)cc(c4ccccc4Cl)oc23)C(O)C1,True
COc1cccc(CCc2ccccc2NCc2cccc(OC)c2)c1,True
Cc1n(CC(C)C)c2c([n+]1CC(=O)c1ccc([N+](=O)[O-])cc1)C(=O)c1ccccc1C2=O,True
CN(C)C(=O)N1CC(=CC1(CCC[NH3+])c1ccccc1)c1cc(F)ccc1F,True
C=CC1C[N+]2(C)CCC1CC2C(O)c1ccnc2ccc(OC)cc12,True
CC12CC3(O)OC(O1)C1(COC(=O)c4ccccc4)C3CC21OC1OC(CO)C(O)C(O)C1O,True
CC(=O)N(C)c1ccc(Nc2cc(C)[nH+]c3ccc4nc[nH]c4c23)cc1,True
C[NH+]1C2CCC1CC(OC(c1ccc(Cl)cc1)c1ccc(Cl)cc1)C2,True
CC(=O)NC(C)C(=O)N(C)C(Cc1ccccc1)C(=O)NC(C)C(=O)N,True
CCCCCN(CCCOC)C(=O)C(CCC(=O)[O-])NC(=O)c1ccc(Cl)c(Cl)c1,True
CCOC(=O)C1=C(C)NC(=C(C(=O)OCCNC(=O)c2ccc(N=[N+]=[N-])cc2)C1c1ccccc1C(F)(F)F)C,True
O=[N+]([O-])c1cccc2[nH+]c3ccccc3c(NCC[NH+](CCO)CCO)c12,True
CC(=O)NC(C)C(=O)NC(Cc1ccccc1)C(=O)NC(C)C(=O)N,True
N=c1ccc2-c(oc3c(c2c2ccccc2C(=O)[O-])ccc(N)c3)c1,True
CS(=O)c1c(C(=O)NN2CCCCC2)nn(c2ccc(Cl)cc2Cl)c1c1ccc(Cl)cc1,True
CC(=CC[NH+]1CCC2(C)c3cc(O)ccc3CC1C2C)C,True
C[P+](c1ccccc1)(c1ccccc1)c1ccccc1,True
COc1ccc(NC(=S)[N-]N=C2C(=O)Nc3c2ccc2ccccc32)cc1,True
CC1(C)CC(=O)C2=C(C1)NC(=S)NC2c1cccc(O)c1,True
CC(C)NC(=O)NCCc1ccc(OCC(O)C[NH2+]C(C)C)cc1,True
CCOC(=O)C1=CC(OC(CC)CC)C(NC(=O)C)C([NH3+])C1,True
CC(c1ccccc1)(c1ccccc1)c1ccccc1,True
COc1ccc2c3c1OC1C(=O)CCC4C(C2)[NH+](C)CCC314,True
CC12CCC3C(CC=C4CC(O)CCC34C)C1CCC2=O,True
COC(=O)C1C(=O)C=C(Nc2ccc(Cl)cc2)CC1C,True
C[NH+](C)CCC(c1ccc(Br)cc1)c1ccccn1,True
CCC(=O)C1(c2cccc(O)c2)CC[NH+](C)CC1,True
Cc1cnc(C=N[N-]C(=S)N)c2cccc(N)c12,True
BrCC=CC[P+](c1ccccc1)(c1ccccc1)c1ccccc1,True
CC1CP(=O)(c2ccccc2)CC(C)C1=C(Cl)Cl,True
COC(=O)c1c(F)cccc1c1ccc(CNC(=O)C2(NC(=O)C(F)(F)Cl)CC2)c(F)c1,True
COC(=O)c1c(F)cccc1c1ccc(C(C)NC(=O)C2(NC(=O)C(F)(F)Cl)CC2)c(F)c1,True
COc1ccc(Cl)cc1C(=O)NCCc1ccc(S(=O)(=O)[N-]C(=O)NC2CCCCC2)cc1,True
CN(C)C(=O)c1cccc(COc2ccc(N3C(=[NH+]C(=[NH+]C3(C)C)N)N)cc2Cl)c1,True
CNC(=O)C(CC[NH+]1CCC(O)(c2ccc(Cl)cc2)CC1)(c1ccccc1)c1ccccc1,True
CCOc1ccc(Cc2cc(C3OC(CO)C(O)C(O)C3O)ccc2Cl)cc1,True
COC(=O)c1c(Cl)cccc1c1ccc(C(C)NC(=O)C2(NC(=O)C(F)(F)F)CC2)c(F)c1,True
O=C(NCC1CN(c2ccc(N3CCOCC3=O)cc2)C(=O)O1)c1ccc(Cl)s1,True
CC12C=CC(=O)C=C1CCC1C3CC(O)C(O)(C(=O)CO)C3(C)CC(O)C21F,True
CN(C)C(=O)N1N=C(c2cc(F)ccc2F)CC1(CCC[NH3+])c1ccccc1,True
CN(C)C(=O)N1CC(=CC1(CCC[NH2+]CC(F)F)c1ccccc1)c1cc(F)ccc1F,True
CN(C)C(=O)N1CC(=CC1(CCC([NH3+])C(F)F)c1ccccc1)c1cc(F)ccc1F,True
CC(C)(C)c1nc(c2ccc(F)cc2)c(c2ccc3nc(N)n(C(C)(C)C)c3n2)[nH]1,True
C[NH+]1C2CCC1CC(OC(c1ccc(F)cc1)c1ccc(F)cc1)C2,True
COC(=O)c1c(F)cccc1c1ccc(C(C)NC(=O)C2(NC(=O)C(F)(F)F)CC2)c(F)c1,True
CC(NC(=O)C1(NC(=O)C(F)(F)F)CC1)c1ccc(c2cccc(F)c2c2nnn(C)n2)cc1F,True
Cc1noc(c2c(F)cccc2c2ccc(C(C)NC(=O)C3(NC(=O)C(F)(F)F)CC3)c(F)c2)n1,True
COC(=O)C1C(OC(=O)c2ccccc2)CC2CCC1[NH+]2C,True
CCOC(=O)NC1CCc2cc(OC)c(OC)c(OC)c2-c2ccc(OC)c(=O)cc12,True
COc1cc2c(-c3cccc(=O)cc3C(NC(=O)C)CC2)c(OC)c1OC,True
COc1cc(NCc2ccc3nc(N)nc(N)c3c2C)cc(OC)c1OC,True
COc1cccc(CCc2ccccc2NCc2cc(OC)cc(OC)c2)c1,True
COc1cccc(CCc2ccccc2NCc2ccc(OC)c(OC)c2)c1,True
C=C1CC2C=Nc3cc(OCCCOc4cc5c(cc4OC)C(=O)N4CC(=C)CC4C=N5)c(OC)cc3C(=O)N2C1,True
COc1cccc(CCc2ccccc2OCc2cc(OC)cc(OC)c2)c1,True
COc1cc(COc2ccccc2CCc2ccccc2)cc(OC)c1,True
COc1ccc(COc2ccccc2CCc2cccc(OC)c2)cc1,True
COc1cccc(CCc2ccccc2OCc2ccccc2OC)c1,True
CN(C)c1ccc2c(c3ccccc3)c3-c(cc(=[N+](C)C)cc3)oc2c1,True
CCN(CC)c1ccc2c(c3ccccc3C(=O)[O-])c3-c(cc(=[N+](CC)CC)cc3)oc2c1,True
CCC(C)C1NC(=O)C2CCCN2C(=O)C(Cc2ccccc2)N(C)C(=O)C(Cc2ccccc2)NC(=O)C(C(C)C)N(C)C(=O)C(C(C)CC)OC(=O)C(C(C)(C)O)N(C)C(=O)C(CC(C)C)NC(=O)C(C(C)C)N(C)C1=O,True
COC12C=CC(C)(O1)C(OC(=O)C=Cc1cn(C)cn1)CC1C(=CCC(C(C)C)C1C=C2COC1OCC(O)C(O)C1OC(=O)C)C,True
CCC1OC(=O)C(C)C(OC2CC(C)(OC)C(O)C(C)O2)C(C)C(C)C(O)(OC2OC(C)CC([NH+](C)C)C2O)CC(C)C[NH+](C)C(C)C(O)C1(C)O,True
COc1cccc2c1C(=O)c1c(O)c3c(c(O)c1C2=O)CC(O)(C(=O)C)CC3OC1CC([NH3+])CC(C)O1,True
CC(=O)OC12COC1CC(O)C1(C)C(=O)C(O)C3=C(C)C(OC(=O)C(O)C(C=C(C)C)NC(=O)OC(C)(C)C)C4OC(=O)OC4(C(OC(=O)c4ccccc4)C21)C3(C)C,True
CC=CC(=O)OC1C(=O)C2(C)C(O)CC3OCC3(OC(=O)C)C2C(OC(=O)c2ccccc2)C23OC(=O)OC2C(OC(=O)C(O)C(C=C(C)C)NC(=O)OC(C)(C)C)C(=C1C3(C)C)C,True
COC(=O)OC1C(=O)C2(C)C(O)CC3OCC3(OC(=O)C)C2C(OC(=O)c2ccccc2)C23OC(=O)OC2C(OC(=O)C(O)C(C=C(C)C)NC(=O)OC(C)(C)C)C(=C1C3(C)C)C,True
CC=CC(NC(=O)OC(C)(C)C)C(O)C(=O)OC1C(=C2C(OC(=O)C)C(=O)C3(C)C(O)CC4OCC4(OC(=O)C)C3C(OC(=O)c3ccccc3)C3(OC(=O)OC13)C2(C)C)C,True
CC(=O)OC12COC1CC(O)C1(C)C(=O)C(O)C3=C(C)C(OC(=O)C(O)C(NC(=O)OC(C)(C)C)c4ccco4)C4OC(=O)OC4(C(OC(=O)c4ccccc4)C21)C3(C)C,True
COc1c2c(cc3c1-c1ccc(OC)c(=O)cc1C(NC(=O)C)CC3)OCO2,True
C[NH2+]C(C(=O)NC(C(=O)N(C)C(C=C(C)C(=O)[O-])C(C)C)C(C)(C)C)C(C)(C)c1cn(C)c2ccccc12,True
COC(=O)C1C(=O)C=C(Nc2cccc([N+](=O)[O-])c2)CC1C,True
CCC1NC(=O)c2cccc(c2)CNC(=O)C(C(=O)[O-])NC(=O)CNC(=O)C(CCCNC(=[NH2+])N)N(C)C1=O,True
O=C1c2cccc(NCCC[NH2+]CCO)c2C(=O)c2cccc(NCCC[NH2+]CCO)c12,True
CC(C)CC(NC(=O)C(C)NC(=O)CNC(=O)C(NC=O)C(C)C)C(=O)NC(C(=O)NC(C(=O)NC(C(=O)NC(Cc1c[nH]c2ccccc12)C(=O)NC(CC(C)C)C(=O)NC(Cc1c[nH]c2ccccc12)C(=O)NC(CC(C)C)C(=O)NC(Cc1c[nH]c2ccccc12)C(=O)NCCO)C(C)C)C(C)C)C(C)C,True
CC(NC(=O)C([NH3+])Cc1ccc(O)cc1)C(=O)NC(Cc1ccccc1)C(=O)NC(CCC(=O)[O-])C(=O)NC(C(=O)NC(C(=O)NCC(=O)N)C(C)C)C(C)C,True
CCN(C(=O)Cc1ccc(S(=O)(=O)C)cc1)C1CC[NH+](CCC(c2cc(F)cc(F)c2)C2CCC(S(=O)(=O)C)CC2)CC1,True
NC(=[NH2+])NCCCS(=O)(=O)Nc1ccc(Nc2c3ccccc3[nH+]c3cc([N+](=O)[O-])ccc23)cc1,True
COc1cc2c(-c3ccc(SC)c(=O)cc3C(NC(=O)C)CC2)c(OC)c1OC,True
COc1cc2c(-c3ccc(SC)c(=S)cc3C(NC(=O)C)CC2)c(OC)c1OC,True
COc1cc2c(-c3ccc(SC)c(=O)cc3C(Nc3cccc([N+](=O)[O-])c3)CC2)c(OC)c1OC,True
CSCCC(C=O)NC(=O)C(CC(C)C)NC(=O)C(CC(C)C)NC(=O)C,True
CN(C)c1ccc2c(c3ccccc3)c3-c(cc(=[N+](C)C)cc3)sc2c1,True
COc1cc(C2c3cc4c(cc3C(N(C)C(=O)C)C3COC(=O)C23)OCO4)cc(OC)c1OC,False
COC1CC(OC2C(C)OC(OC3C(=CCC4CC(CC5(CCC(C)C(C(C)C)O5)O4)OC(=O)C4C=C(C)C(O)C5OCC(=CC=CC3C)C45O)C)CC2OC)OC(C)C1O,True
CC(=O)OCOC(=O)C[NH+](CC(=O)OCOC(=O)C)Cc1c(OC(=O)C)ccc2c1Oc1c(ccc(OC(=O)C)c1C[NH+](CC(=O)OCOC(=O)C)CC(=O)OCOC(=O)C)C12OC(=O)c2ccccc12,True
CCOC(=O)C1=C(C)NC(=C(C(=O)OCCNC(=O)CCc2ccc(O)c(I)c2)C1c1ccccc1C(F)(F)F)C,True
CCC1NC(=O)C2CCCN2C(=O)C(Cc2ccccc2)NC(=O)C(CC(C)C)NC(=O)C(CCC[NH3+])NC(=O)C(C(C)C)NC(=O)C2CCCN2C(=O)C(Cc2ccccc2)NC(=O)C(CC(C)C)NC(=O)C(CCC[NH3+])NC1=O,True
CC1OC(=O)C(C(C)C)NC(=O)C(C(C)C)NC(=O)C(C(C)C)OC(=O)C(C)OC(=O)C(C(C)C)NC(=O)C(C(C)C)OC(=O)C(C(C)C)NC(=O)C(C)OC(=O)C(C(C)C)NC(=O)C(C(C)C)OC(=O)C(C(C)C)NC1=O,True
CCC(C)C1OC2(CCC1C)CC1CC(CC=C(C)C(OC3COC(C)C(OC4CC(OC)C(O)C(C)O4)C3OC)C(C)C=CC=C3COC4C(O)C(=CC(C(=O)O1)C34O)C)O2,True
CCCCCC(=O)NC(C=C(C)C)C(O)C(=O)OC1C(=C2C(OC(=O)C3CC3)C(=O)C3(C)C(O)CC4OCC4(OC(=O)C)C3C(OC(=O)c3ccccc3)C3(OC(=O)OC13)C2(C)C)C,True
CCCCCC(=O)NC(Cc1ccccc1)C(O)C(=O)OC1C(=C2C(O)C(=O)C3(C)C(O)CC4OCC4(OC(=O)C)C3C(OC(=O)c3ccccc3)C3(OC(=O)OC13)C2(C)C)C,True
CC(=O)OCOC(=O)CN(CC(=O)OCOC(=O)C)c1ccc(C)cc1OCCOc1cc2cc(c3ncc(C(=O)OCOC(=O)C)o3)oc2cc1N(CC(=O)OCOC(=O)C)CC(=O)OCOC(=O)C,True
CC(C)CC1NC(=O)C(Cc2ccccc2)NC(=O)CNC(=O)C(C)NC(=O)C(Cc2ccc(O)cc2)NC(=O)C=Cc2ccccc2OCOC1=O,True
CC(C)CC(=O)NC(C(=O)NC(C(=O)NC(CC(C)C)C(O)CC(=O)NC(C)C(=O)NC(CC(C)C)C(O)CC(=O)[O-])C(C)C)C(C)C,True
COC(=O)C12OCC34C(CC5C(=C(O)C(=O)CC5(C)C3C(O)C1O)C)OC(=O)C(OC(=O)C=C(C)C(C)C)C24,True
CC(NC(=O)C1(NC(=O)C(F)(F)F)CC1)c1ccc(c2cccc(F)c2C(F)(F)F)cc1F,True
COC(=O)c1c(F)cccc1c1ccc(C(C)NC(=O)C2(NC(=O)C(F)F)CC2)c(F)c1,True
CCCOC(=O)NC1CCc2cc(OC)c(OC)c(OC)c2-c2ccc(OC)c(=O)cc12,True
CS(=O)(=O)N1CC[NH+](Cc2cc3nc(c4cccc5[nH]ncc45)nc(N4CCOCC4)c3s2)CC1,True
C=CC[NH+]1C2CCC1CC(OC(c1ccc(F)cc1)c1ccc(F)cc1)C2,True
C=C(c1ccc(c2ccc(O)cc2)cc1)N1CCc2cc(OC)c(OC)cc2C1,True
CN(C)C(=O)N1CC(=CC1(CCC[NH2+]CCF)c1ccccc1)c1cc(F)ccc1F,True
CCCCc1nc(Cl)c(CO)n1Cc1ccc(c2ccccc2c2nn[n-]n2)cc1,True
CN(C)c1ccc2c(c3ccccc3C(=O)[O-])c3-c(cc(=[N+](C)C)cc3)oc2c1,True
C[NH2+]CCNc1ccc2c3c(-c4c(O)ccc(O)c4C(=O)c13)nn2CC[NH2+]CCO,True
CS(=O)(=O)CC[NH2+]Cc1ccc(c2ccc3ncnc(Nc4ccc(OCc5cccc(F)c5)c(Cl)c4)c3c2)o1,True
CCC12CC[NH+](CC3(O)CC3)C(Cc3ccc(O)cc13)C2(C)C,True
CC1=C(C(=O)c2ccc(F)cc2)C(c2cccc(C)c2)NC(=S)N1C,True
CC([NH3+])C(=O)NC1C2C(=C([O-])CC(O)C2O)C(=O)OC1(C)C(Cl)Cl,True
O=c1c(O)c(c2ccc(O)cc2)oc2cc(O)cc(O)c12,True
CCCCCCCC[n+]1ccccc1,True
COC(=O)c1c(F)cccc1c1ccc(CNC(=O)C2(NC(=O)C(Cl)Cl)CC2)c(F)c1,True
Cc1cc(Cl)ccc1c1nc(C(=O)NN2CCCCC2)c(S(=O)(=O)C)n1c1ccc(Cl)cc1,True
C[NH+](C)CCC(CSc1ccccc1)Nc1ccc(S(=O)(=O)[N-]C(=O)c2ccc(N3CC[NH+](Cc4ccccc4c4ccc(Cl)cc4)CC3)cc2)cc1[N+](=O)[O-],True
C=CC1=C(C)C(=Cc2[nH]c(Cc3[nH]c(C=C4NC(=O)C(=C4C=C)C)c(C)c3CCC(=O)[O-])c(CCC(=O)[O-])c2C)NC1=O,True
NC(=S)[N-]N=Cc1ncccc1N,True
O=C([O-])CCCc1ccc(N(CCCl)CCCl)cc1,False
COc1ccc(Cc2c(c3ccc(C)cc3)nnc(O)c2C2C(=O)N(c3ccccc3)N=C2c2ccccc2)cc1,False
COc1cccc2c1C(=O)c1c(O)c3c(c(O)c1C2=O)CC(O)(C(=O)CO)CC3O,True
CNC(=[NH+]C#N)NCCSCc1nc[nH]c1C,True
COC(C(=O)C(O)C(C)O)C1Cc2cc3cc(OC4CC(OC5CC(O)C(OC)C(C)O5)C(OC(=O)C)C(C)O4)cc(O)c3c(O)c2C(=O)C1OC1CC(OC2CC(OC3CC(C)(O)C(OC(=O)C(C)C)C(C)O3)C(O)C(C)O2)C(O)C(C)O1,True
CC(C)CC1NC(=O)C(CCC[NH3+])NC(=O)C(C(C)C)NC(=O)C2CCCN2C(=O)C(Cc2ccccc2)NC(=O)C(CC(C)C)NC(=O)C(CCC[NH3+])NC(=O)C(C(C)C)NC(=O)C2CCCN2C(=O)C(Cc2ccccc2)NC1=O,True
C[NH2+]C(CCSC)C(=O)NC(=O)C(Cc1ccccc1)NC(=O)CNC(=O)C(C)NC(=O)C([NH3+])Cc1ccc(O)cc1,True
COC1CC(OC2CC(OC3CC(OC4C(=O)c5c(cc6cc(OC7CC(OC8CC(O)C(OC)C(C)O8)C(OC(=O)C)C(C)O7)cc(O)c6c5O)CC4C(OC)C(=O)C(O)C(C)O)OC(C)C3O)OC(C)C2O)OC(C)C1OC(=O)C(C)C,True
COC1CC(OC2C(C)OC(OC3C(=CCC4CC(CC5(C=CC(C)C(C(C)C)O5)O4)OC(=O)C4C=C(C)C(O)C5OCC(=CC=CC3C)C45O)C)CC2OC)OC(C)C1NC(=O)C,True
CC(=O)OC1C(=O)C2(C)C(O)CC3OCC3(OC(=O)C)C2C(OC(=O)c2ccccc2)C23OC(=O)OC2C(OC(=O)C(O)C(CC(C)C)NC(=O)OC(C)(C)C)C(=C1C3(C)C)C,True
COc1ccc(CC2C(=O)NC(C)C(=O)N(C)C3Cc4ccc(cc4)Oc4cc(ccc4O)CC(C(=O)NC(C)C(=O)NC(C)C(=O)N2C)N(C)C3=O)cc1,True
CC(C)(C)CC(C)(C)c1ccc(OCCOCCOCCOCCOCCOCCOCCOCCOCCOCCO)cc1,True
CC(=O)OCOC(=O)CN(CC(=O)OCOC(=O)C)c1ccc(C)cc1OCCOc1cc(c2c3-c(cc(=O)c(c3)Cl)oc3cc(OCOC(=O)C)c(Cl)cc23)ccc1N(CC(=O)OCOC(=O)C)CC(=O)OCOC(=O)C,True
COc1cc2c(cc1O)CC[NH2+]C12CSC2c3c(OC(=O)C)c(C)c4c(c3C(COC1=O)[NH+]1C(O)C3Cc5cc(C)c(OC)c(O)c5C(C21)[NH+]3C)OCO4,True
CC(C)(C)NC(=O)C1C[NH+](Cc2cccnc2)CC[NH+]1CC(O)CC(Cc1ccccc1)C(=O)NC1c2ccccc2C(O)C1O,True
CC(NC(=O)C1(NC(=O)C(F)(F)F)CC1)c1ccc(c2cccc(F)c2c2nnnn2C)cc1F,True
COC(=O)c1c(F)cccc1c1ccc(C(C)NC(=O)C2(NC(=O)CC(F)(F)F)CC2)c(F)c1,True
CC1=CC2OC3CC4OC(=O)C=CC=CC(C(C)O)OCC(O)C(C)CC(=O)OCC2(CC1O)C4(C)C13CO1,True
COc1cc2c(-c3ccc(OC)c(=O)cc3C(NC(=O)C(F)(F)F)CC2)c(OC)c1OC,True
CCOC(=O)c1c(Cl)cccc1c1ccc(C(C)NC(=O)C2(NC(=O)C(F)(F)F)CC2)c(F)c1,True
COCC(=O)OC1Cc2cc(F)ccc2C(C(C)C)C1CC[NH+](C)CCCc1nc2ccccc2[nH]1,True
O=C(CC(C=CS(=O)(=O)c1ccccc1)CCc1ccccc1)C(Cc1ccccc1)NC(=O)N1CC[NH2+]CC1,True
CC(C1=CCc2ccccc12)C(NC(=O)N1CCN(n2c(=O)[nH]c3ccccc23)CC1)C(=O)NCC1CCCC(C[NH3+])C1,True
COC(=O)CC(O)(CCCC(C)(C)O)C(=O)OC1C(=CC23CCC[NH+]2CCc2cc4c(cc2C13)OCO4)OC,True
COC(=O)c1ccccc1c1c2-c(cc(=[N+](C)C)cc2)oc2cc(N(C)C)ccc12,True
O=C1c2ccccc2C(=O)c2c(NCC[NH2+]CCO)ccc(NCC[NH2+]CCO)c12,True
O=C(NCC=CC[NH+]1CCN(c2cccc(Cl)c2Cl)CC1)c1ccc(c2ccccn2)cc1,True
COc1ccnc(CS(=O)c2nc3ccc(OC(F)F)cc3[nH]2)c1OC,True
Clc1ccc(C[P+](c2ccccc2)(c2ccccc2)c2ccccc2)c(Cl)c1,True
Cc1cc(Cl)ccc1c1nc(C(=O)NN2CCCCC2)c(S(=O)C)n1c1ccc(Cl)cc1,True
CC1(C)C=Cc2cc3c(cc2O1)CC(c1ccc(O)cc1O)CO3,True
CCC(=O)OC(Cc1ccccc1)(c1ccccc1)C(C)C[NH+](C)C,True
Oc1ccc2c3c1OC1c4[nH]c5ccccc5c4CC4(O)C(C2)[NH+](CC2CC2)CCC314,True
CC[n+]1c(c2ccccc2)c2cc(N)ccc2c2ccc(N)cc12,True
COc1ccc2c(c1)OCCC1=C2SCC2(C)CCN=C12,True
CC[NH+](CC)CCCC(C)Nc1cc[nH+]c2cc(Cl)ccc12,True
NC(=O)N1C(=O)C(C(=O)c2cccs2)c2cc(Cl)ccc12,True
COc1ccc(C(C[NH+](C)C)C2(O)CCCCC2)cc1,True
Cc1nnc2n1-c1ccc(Cl)cc1C(=NC2)c1ccccc1,True
C[NH+](C)CCc1c[nH]c2ccc(Cn3cncn3)cc12,True
CC[NH+](CC)CCNC(=O)c1cc(Cl)c(N)cc1OC,True
C[P+](C)(c1ccccc1)c1ccccc1,True
CC[N+](C)(C)Cc1ccccc1Br,True
Cc1cc([N-]S(=O)(=O)c2ccc(NC(=O)c3ccc(Cl)c4c(Nc5ccc(S(=O)(=O)N)cc5)c5ccccc5[nH+]c34)cc2)no1,True
COC(=O)c1c(F)cccc1c1ccc(CNC(=O)C2(NC(=O)CC(F)(F)F)CC2)c(F)c1,True
[N-]=[N+]=Nc1ccc(CCN2CN(c3ccccc3)C3(CC[NH+](CCCC(=O)c4ccc(F)cc4)CC3)C2=O)cc1I,True
